,Date,Open,High,Low,Close,Volume
0,2013-01-02,79.12,79.29,77.38,78.43,140124866
1,2013-01-03,78.27,78.52,77.29,77.44,88240950
2,2013-01-04,76.71,76.95,75.12,75.29,148581860
3,2013-01-07,74.6,75.6,73.6,74.8,121038176
4,2013-01-08,75.6,75.98,74.46,75.04,114676751
5,2013-01-09,74.64,75.0,73.71,73.87,101899959
6,2013-01-10,75.51,75.53,73.65,74.79,150285296
7,2013-01-11,74.43,75.05,74.15,74.33,87688741
8,2013-01-14,71.81,72.5,71.22,71.68,183544396
9,2013-01-15,71.19,71.28,69.05,69.42,219192932
10,2013-01-16,70.66,72.78,70.36,72.3,172700045
11,2013-01-17,72.9,72.96,71.72,71.81,113412579
12,2013-01-18,71.22,71.75,70.91,71.43,118287267
13,2013-01-22,72.08,72.55,70.95,72.11,115386173
14,2013-01-23,72.69,73.57,72.11,73.43,215375853
15,2013-01-24,65.71,66.53,64.32,64.36,365212953
16,2013-01-25,64.53,65.18,62.14,62.84,301993503
17,2013-01-28,62.55,64.74,62.27,64.26,196378931
18,2013-01-29,65.5,65.74,64.59,65.47,142768017
19,2013-01-30,65.29,66.09,64.93,65.26,104288317
20,2013-01-31,65.28,65.61,65.0,65.07,79833215
21,2013-02-01,65.59,65.64,64.05,64.8,134867089
22,2013-02-04,64.84,65.13,63.14,63.19,119278754
23,2013-02-05,63.44,65.68,63.17,65.41,143336536
24,2013-02-06,65.21,66.64,64.65,65.34,148426012
25,2013-02-07,66.18,67.14,64.87,66.89,176145074
26,2013-02-08,67.71,68.4,66.89,67.85,158288984
27,2013-02-11,68.07,69.28,67.61,68.56,129358516
28,2013-02-12,68.5,68.91,66.82,66.84,152262712
29,2013-02-13,66.74,67.66,66.17,66.72,118801221
30,2013-02-14,66.36,67.38,66.29,66.66,88876501
31,2013-02-15,66.98,67.17,65.7,65.74,97981177
32,2013-02-19,65.87,66.1,64.84,65.71,108944213
33,2013-02-20,65.38,65.38,64.11,64.12,119074886
34,2013-02-21,63.71,64.17,63.26,63.72,111795180
35,2013-02-22,64.18,64.51,63.8,64.4,82663644
36,2013-02-25,64.84,65.02,63.22,63.26,93144464
37,2013-02-26,63.4,64.51,62.52,64.14,125374074
38,2013-02-27,64.06,64.63,62.95,63.51,146836928
39,2013-02-28,63.44,63.98,63.06,63.06,80628737
40,2013-03-01,62.57,62.6,61.43,61.5,138111792
41,2013-03-04,61.11,61.17,59.86,60.01,145684399
42,2013-03-05,60.21,62.17,60.11,61.59,159607042
43,2013-03-06,62.07,62.18,60.63,60.81,115062269
44,2013-03-07,60.64,61.72,60.15,61.51,117117826
45,2013-03-08,61.4,62.2,61.23,61.67,97898983
46,2013-03-11,61.39,62.72,60.73,62.55,118558356
47,2013-03-12,62.23,62.7,61.08,61.2,116477473
48,2013-03-13,61.21,62.07,60.77,61.19,101454192
49,2013-03-14,61.83,62.09,61.49,61.79,75968746
50,2013-03-15,62.56,63.46,62.46,63.38,160989787
51,2013-03-18,63.06,65.35,63.03,65.1,151549090
52,2013-03-19,65.64,65.85,64.07,64.93,131693310
53,2013-03-20,65.35,65.38,64.23,64.58,77165158
54,2013-03-21,64.32,65.43,64.3,64.68,95813410
55,2013-03-22,64.94,66.01,64.73,65.99,98776111
56,2013-03-25,66.38,67.14,65.97,66.23,125283438
57,2013-03-26,66.49,66.55,65.79,65.88,73573423
58,2013-03-27,65.21,65.26,64.39,64.58,82852294
59,2013-03-28,64.26,64.55,63.09,63.24,110745586
60,2013-04-01,63.13,63.38,61.11,61.27,97432489
61,2013-04-02,61.09,62.59,60.91,61.4,132443234
62,2013-04-03,61.62,62.47,61.47,61.71,90803727
63,2013-04-04,61.97,62.14,60.75,61.1,89664638
64,2013-04-05,60.64,60.71,59.95,60.46,95923478
65,2013-04-08,60.69,61.07,60.36,60.89,75264742
66,2013-04-09,60.91,61.21,60.39,61.0,76688115
67,2013-04-10,61.16,62.44,60.86,62.24,93981748
68,2013-04-11,61.96,62.57,61.6,62.05,82154093
69,2013-04-12,62.02,62.02,61.3,61.4,59681279
70,2013-04-15,61.0,61.13,59.94,59.98,79379706
71,2013-04-16,60.22,60.94,60.08,60.89,76442758
72,2013-04-17,60.04,60.09,56.87,57.54,236263461
73,2013-04-18,57.86,57.97,55.68,56.01,166574163
74,2013-04-19,55.42,57.09,55.01,55.79,152318201
75,2013-04-22,56.09,57.46,55.9,56.95,107479442
76,2013-04-23,57.71,58.34,56.97,58.02,166058949
77,2013-04-24,56.22,59.32,56.07,57.92,242458391
78,2013-04-25,58.75,59.13,58.14,58.34,96209155
79,2013-04-26,58.54,59.82,58.32,59.6,191068990
80,2013-04-29,60.06,61.94,60.0,61.45,160081110
81,2013-04-30,62.16,63.61,61.72,63.25,172884362
82,2013-05-01,63.49,63.56,62.06,62.76,126788697
83,2013-05-02,63.11,64.08,62.95,63.65,105506184
84,2013-05-03,64.47,64.75,64.16,64.28,90381788
85,2013-05-06,65.1,66.03,64.9,65.82,124160162
86,2013-05-07,66.42,66.54,64.81,65.52,120938076
87,2013-05-08,65.58,66.48,65.12,66.26,118149038
88,2013-05-09,65.69,66.14,65.08,65.25,99687476
89,2013-05-10,65.42,65.67,64.35,64.71,83712482
90,2013-05-13,64.5,65.41,64.5,64.96,79277310
91,2013-05-14,64.84,65.03,63.16,63.41,111778940
92,2013-05-15,62.74,63.0,60.34,61.26,185403085
93,2013-05-16,60.46,62.55,59.84,62.08,150866478
94,2013-05-17,62.72,62.87,61.57,61.89,107019829
95,2013-05-20,61.7,63.69,61.44,63.28,112893984
96,2013-05-21,62.59,63.64,62.03,62.81,114074240
97,2013-05-22,63.44,64.05,62.6,63.05,110814858
98,2013-05-23,62.28,63.74,62.26,63.16,88345236
99,2013-05-24,62.98,63.67,62.91,63.59,69106639
100,2013-05-28,64.27,64.44,62.98,63.06,96536188
101,2013-05-29,62.86,63.93,62.77,63.56,82695669
102,2013-05-30,63.66,64.93,63.5,64.51,88428648
103,2013-05-31,64.64,65.3,64.21,64.25,96075042
104,2013-06-03,63.97,64.62,63.21,64.39,93087841
105,2013-06-04,64.75,64.92,63.91,64.19,73181521
106,2013-06-05,63.66,64.39,63.39,63.59,72647337
107,2013-06-06,63.64,63.86,62.01,62.64,104268458
108,2013-06-07,62.36,63.32,61.82,63.12,101185686
109,2013-06-10,63.53,64.15,62.4,62.7,112589043
110,2013-06-11,62.25,63.25,61.9,62.51,71426348
111,2013-06-12,62.79,63.04,61.64,61.74,66356668
112,2013-06-13,61.79,62.45,61.25,62.28,71528086
113,2013-06-14,62.2,62.33,61.21,61.44,65672880
114,2013-06-17,61.63,62.24,61.48,61.71,64860453
115,2013-06-18,61.65,62.13,61.46,61.68,48790448
116,2013-06-19,61.63,61.67,60.43,60.43,77757785
117,2013-06-20,59.9,60.85,59.31,59.55,89374558
118,2013-06-21,59.78,60.0,58.3,59.07,120297338
119,2013-06-24,58.2,58.38,56.86,57.51,120186430
120,2013-06-25,57.96,58.26,56.98,57.52,78584786
121,2013-06-26,57.7,57.83,56.52,56.87,91986573
122,2013-06-27,57.04,57.34,56.22,56.25,84350049
123,2013-06-28,55.91,57.18,55.55,56.65,144659417
124,2013-07-01,57.53,58.9,57.32,58.46,97793045
125,2013-07-02,58.57,60.23,58.5,59.78,117521579
126,2013-07-03,60.12,60.43,59.64,60.11,60232158
127,2013-07-05,60.06,60.47,59.34,59.63,68520760
128,2013-07-08,60.02,60.14,58.66,59.29,74578420
129,2013-07-09,59.09,60.5,58.63,60.34,88172238
130,2013-07-10,59.94,60.69,59.75,60.1,70350819
131,2013-07-11,60.42,61.18,60.17,61.04,81618964
132,2013-07-12,61.09,61.4,60.49,60.93,69910463
133,2013-07-15,60.72,61.64,60.69,61.06,60543105
134,2013-07-16,60.93,61.53,60.6,61.46,54134367
135,2013-07-17,61.39,61.75,61.17,61.47,49764064
136,2013-07-18,61.91,62.12,61.52,61.68,54760818
137,2013-07-19,61.87,62.0,60.62,60.71,67194715
138,2013-07-22,61.35,61.39,60.78,60.9,51997596
139,2013-07-23,60.86,60.99,59.82,59.86,92348403
140,2013-07-24,62.7,63.51,62.18,62.93,148013824
141,2013-07-25,62.96,63.06,62.26,62.64,57420636
142,2013-07-26,62.19,63.01,62.05,63.0,50068753
143,2013-07-29,62.97,64.28,62.89,63.97,62110300
144,2013-07-30,64.28,65.31,64.18,64.76,77355565
145,2013-07-31,65.0,65.33,64.2,64.65,80739351
146,2013-08-01,65.11,65.26,64.75,65.24,51562322
147,2013-08-02,65.43,66.12,65.24,66.08,68695326
148,2013-08-05,66.38,67.24,66.02,67.06,79713592
149,2013-08-06,66.86,67.41,66.02,66.46,83728540
150,2013-08-07,66.26,66.71,65.97,66.43,74713968
151,2013-08-08,66.26,66.3,65.42,65.86,63999838
152,2013-08-09,65.52,65.78,64.81,64.92,66905209
153,2013-08-12,65.27,66.95,65.23,66.77,91108290
154,2013-08-13,67.28,70.67,66.86,69.94,220484936
155,2013-08-14,71.13,72.04,70.49,71.21,189092911
156,2013-08-15,70.92,71.77,69.87,71.13,122573507
157,2013-08-16,71.45,71.85,71.27,71.76,90575856
158,2013-08-19,72.05,73.39,72.0,72.53,127629481
159,2013-08-20,72.82,72.94,71.55,71.58,89671743
160,2013-08-21,71.94,72.45,71.6,71.77,83969305
161,2013-08-22,72.14,72.23,71.17,71.85,61051676
162,2013-08-23,71.9,71.91,71.34,71.57,55682221
163,2013-08-26,71.54,72.89,71.5,71.85,82741050
164,2013-08-27,71.14,71.79,69.47,69.8,106047109
165,2013-08-28,69.43,70.83,69.43,70.13,76901678
166,2013-08-29,70.24,70.93,70.16,70.24,59913714
167,2013-08-30,70.29,70.42,69.5,69.6,68100788
168,2013-09-03,70.44,71.51,69.62,69.8,83025166
169,2013-09-04,71.37,71.75,70.9,71.24,86257878
170,2013-09-05,71.46,71.53,70.52,70.75,59091879
171,2013-09-06,71.21,71.34,69.99,71.17,89881253
172,2013-09-09,72.14,72.56,71.93,72.31,85171583
173,2013-09-10,72.31,72.49,69.93,70.66,185798872
174,2013-09-11,66.72,67.67,66.4,66.82,223526688
175,2013-09-12,66.93,67.91,66.57,67.53,101012471
176,2013-09-13,67.05,67.4,66.39,66.41,74708438
177,2013-09-16,65.86,65.94,63.89,64.3,137137665
178,2013-09-17,63.99,65.67,63.93,65.05,99844773
179,2013-09-18,66.17,66.62,65.81,66.38,114215304
180,2013-09-19,67.24,67.98,67.04,67.47,101134712
181,2013-09-20,68.29,68.36,66.57,66.77,174825322
182,2013-09-23,70.87,70.99,68.94,70.09,190526525
183,2013-09-24,70.7,70.78,69.69,69.87,91085743
184,2013-09-25,69.89,69.95,68.78,68.79,79239167
185,2013-09-26,69.43,69.79,69.13,69.46,59305183
186,2013-09-27,69.11,69.24,68.67,68.96,57009729
187,2013-09-30,68.18,68.81,67.77,68.11,65039408
188,2013-10-01,68.35,69.88,68.34,69.71,88470655
189,2013-10-02,69.38,70.26,69.11,69.94,72295902
190,2013-10-03,70.07,70.34,68.68,69.06,80688503
191,2013-10-04,69.12,69.23,68.37,69.0,64717380
192,2013-10-07,69.51,70.38,69.34,69.68,78073107
193,2013-10-08,69.99,70.09,68.65,68.71,72729006
194,2013-10-09,69.23,69.68,68.33,69.51,75431216
195,2013-10-10,70.19,70.34,69.58,69.95,69650490
196,2013-10-11,69.57,70.55,69.31,70.4,66934938
197,2013-10-14,69.98,71.08,69.91,70.86,65474542
198,2013-10-15,71.07,71.71,70.79,71.24,80018603
199,2013-10-16,71.54,71.79,71.32,71.59,62775013
200,2013-10-17,71.43,72.11,71.38,72.07,63398335
201,2013-10-18,72.28,72.75,72.24,72.7,72635570
202,2013-10-21,73.11,74.9,73.07,74.48,99526945
203,2013-10-22,75.2,75.49,72.58,74.27,133515753
204,2013-10-23,74.14,75.1,74.14,74.99,78431122
205,2013-10-24,75.0,76.07,74.64,75.99,96191095
206,2013-10-25,75.9,76.18,75.02,75.14,84448133
207,2013-10-28,75.58,75.86,74.74,75.7,137610123
208,2013-10-29,76.61,77.04,73.51,73.81,158952115
209,2013-10-30,74.23,75.36,73.86,74.98,88540697
210,2013-10-31,75.0,75.36,74.47,74.67,68923785
211,2013-11-01,74.86,74.97,73.69,74.29,68722304
212,2013-11-04,74.44,75.26,74.12,75.25,61157033
213,2013-11-05,74.94,75.56,74.71,75.06,66368071
214,2013-11-06,74.88,74.98,74.03,74.42,55844152
215,2013-11-07,74.23,74.74,73.2,73.21,65655100
216,2013-11-08,73.51,74.45,73.23,74.37,69829543
217,2013-11-11,74.28,74.52,73.49,74.15,56863303
218,2013-11-12,73.95,74.85,73.86,74.29,51114651
219,2013-11-13,74.0,74.61,73.85,74.38,49304927
220,2013-11-14,74.69,75.61,74.55,75.45,70605087
221,2013-11-15,75.23,75.58,74.93,75.0,79479764
222,2013-11-18,75.0,75.31,74.03,74.09,61236224
223,2013-11-19,74.15,74.77,74.0,74.22,52234707
224,2013-11-20,74.18,74.35,73.48,73.57,48545798
225,2013-11-21,73.94,74.46,73.38,74.45,65506861
226,2013-11-22,74.22,74.59,74.08,74.26,55931232
227,2013-11-25,74.43,75.12,74.43,74.82,57348403
228,2013-11-26,74.87,76.59,74.86,76.2,100345728
229,2013-11-27,76.62,78.0,76.2,77.99,90861841
230,2013-11-29,78.5,79.76,78.26,79.44,79532215
231,2013-12-02,79.71,80.62,78.69,78.75,118135885
232,2013-12-03,79.76,80.91,79.67,80.9,112741734
233,2013-12-04,80.79,81.31,80.12,80.71,94452666
234,2013-12-05,81.81,82.16,80.92,81.13,111895315
235,2013-12-06,80.83,80.96,79.94,80.0,86088352
236,2013-12-09,80.14,81.37,80.13,80.92,80123533
237,2013-12-10,80.52,81.13,80.17,80.79,69567610
238,2013-12-11,81.01,81.57,79.96,80.19,89929693
239,2013-12-12,80.38,80.76,80.0,80.08,65572318
240,2013-12-13,80.34,80.41,79.1,79.2,83205283
241,2013-12-16,79.37,80.38,79.29,79.64,70648452
242,2013-12-17,79.39,79.92,79.05,79.28,57475649
243,2013-12-18,78.21,78.78,76.97,78.68,141465807
244,2013-12-19,78.38,78.57,77.68,77.78,80239369
245,2013-12-20,77.91,78.8,77.83,78.43,109103435
246,2013-12-23,81.14,81.53,80.39,81.44,125326831
247,2013-12-24,81.41,81.7,80.86,81.1,41888735
248,2013-12-26,81.16,81.36,80.48,80.56,51002035
249,2013-12-27,80.55,80.63,79.93,80.01,56471317
250,2013-12-30,79.64,80.01,78.9,79.22,63407722
251,2013-12-31,79.17,80.18,79.14,80.15,55819372
252,2014-01-02,79.38,79.58,78.86,79.02,58791957
253,2014-01-03,78.98,79.1,77.2,77.28,98303870
254,2014-01-06,76.78,78.11,76.23,77.7,103359151
255,2014-01-07,77.76,77.99,76.85,77.15,79432766
256,2014-01-08,76.97,77.94,76.96,77.64,64686685
257,2014-01-09,78.11,78.12,76.48,76.65,69905199
258,2014-01-10,77.12,77.26,75.87,76.13,76320664
259,2014-01-13,75.7,77.5,75.7,76.53,94860843
260,2014-01-14,76.89,78.1,76.81,78.06,83734371
261,2014-01-15,79.07,80.03,78.81,79.62,98472619
262,2014-01-16,79.27,79.55,78.81,79.18,57471330
263,2014-01-17,78.78,78.87,77.13,77.24,108426689
264,2014-01-21,77.28,78.58,77.2,78.44,82255544
265,2014-01-22,78.7,79.61,78.26,78.79,95219334
266,2014-01-23,78.56,79.5,77.83,79.45,100978346
267,2014-01-24,79.14,79.37,77.82,78.01,108384437
268,2014-01-27,78.58,79.26,77.96,78.64,144219152
269,2014-01-28,72.68,73.57,71.72,72.36,266833581
270,2014-01-29,71.99,72.48,71.23,71.54,125942796
271,2014-01-30,71.79,72.36,70.96,71.4,169762789
272,2014-01-31,70.74,71.65,70.51,71.51,116336444
273,2014-02-03,71.8,72.53,71.33,71.65,100620772
274,2014-02-04,72.26,72.78,71.82,72.68,94273543
275,2014-02-05,72.37,73.61,72.32,73.23,82322156
276,2014-02-06,72.87,73.36,72.54,73.22,64497223
277,2014-02-07,74.48,74.7,73.91,74.24,93638601
278,2014-02-10,74.09,76.0,74.0,75.57,86451022
279,2014-02-11,75.8,76.82,75.64,76.57,70672252
280,2014-02-12,76.71,77.08,76.18,76.56,77127064
281,2014-02-13,76.38,77.84,76.31,77.78,76960156
282,2014-02-14,77.5,78.0,77.32,77.71,68468036
283,2014-02-18,78.0,78.74,77.94,78.0,65306248
284,2014-02-19,77.82,78.13,76.34,76.77,78554420
285,2014-02-20,76.14,76.71,75.57,75.88,76529103
286,2014-02-21,76.11,76.37,74.94,75.04,69757247
287,2014-02-24,74.74,75.7,74.63,75.36,72364950
288,2014-02-25,75.63,75.65,74.43,74.58,58247350
289,2014-02-26,74.8,75.0,73.66,73.91,69131286
290,2014-02-27,73.88,75.54,73.72,75.38,75557321
291,2014-02-28,75.58,76.11,74.59,75.18,93074653
292,2014-03-03,74.77,75.81,74.69,75.39,59784494
293,2014-03-04,75.86,76.09,75.4,75.89,64884834
294,2014-03-05,75.85,76.39,75.59,76.05,50065519
295,2014-03-06,76.11,76.35,75.44,75.82,46423111
296,2014-03-07,75.87,76.0,75.15,75.78,55415241
297,2014-03-10,75.48,76.19,75.48,75.85,44691430
298,2014-03-11,76.49,76.96,76.08,76.58,70198849
299,2014-03-12,76.36,76.76,76.0,76.66,50195460
300,2014-03-13,76.78,77.09,75.59,75.81,64435609
301,2014-03-14,75.54,75.84,74.71,74.96,59299492
302,2014-03-17,75.39,75.71,75.12,75.25,49886074
303,2014-03-18,75.13,76.0,75.03,75.91,52411863
304,2014-03-19,76.04,76.61,75.57,75.89,56188958
305,2014-03-20,75.7,76.1,75.34,75.53,52099537
306,2014-03-21,75.99,76.25,75.19,76.12,93612169
307,2014-03-24,76.92,77.21,76.44,77.03,88924871
308,2014-03-25,77.36,77.96,77.08,77.86,70573356
309,2014-03-26,78.07,78.43,76.98,77.11,74942224
310,2014-03-27,77.14,77.36,76.45,76.78,55507676
311,2014-03-28,76.9,76.99,76.32,76.69,50141063
312,2014-03-31,77.03,77.26,76.56,76.68,42167188
313,2014-04-01,76.82,77.41,76.68,77.38,50189685
314,2014-04-02,77.48,77.64,77.18,77.51,45104871
315,2014-04-03,77.34,77.5,76.81,76.97,40648111
316,2014-04-04,77.12,77.14,75.8,75.97,68812485
317,2014-04-07,75.43,75.84,74.56,74.78,72462530
318,2014-04-08,75.03,75.16,74.1,74.78,60971883
319,2014-04-09,74.66,75.78,74.57,75.76,51542722
320,2014-04-10,75.81,76.03,74.74,74.78,59912818
321,2014-04-11,74.14,74.69,73.88,74.23,67975012
322,2014-04-14,74.56,74.59,73.89,74.53,51445177
323,2014-04-15,74.32,74.52,73.05,73.99,66622577
324,2014-04-16,74.01,74.44,73.45,74.14,53732994
325,2014-04-17,74.29,75.39,74.17,74.99,71106721
326,2014-04-21,75.05,76.02,74.85,75.88,45668931
327,2014-04-22,75.47,75.98,75.21,75.96,50664453
328,2014-04-23,75.58,75.88,74.92,74.96,98735259
329,2014-04-24,81.17,81.43,80.1,81.11,189978082
330,2014-04-25,80.65,81.71,80.57,81.71,97568814
331,2014-04-28,81.83,85.11,81.79,84.87,167371680
332,2014-04-29,84.82,85.14,84.22,84.62,84344673
333,2014-04-30,84.66,85.63,84.26,84.3,114220883
334,2014-05-01,84.57,84.97,83.77,84.5,61052418
335,2014-05-02,84.62,84.89,84.24,84.65,47878572
336,2014-05-05,84.31,85.86,84.29,85.85,71766758
337,2014-05-06,85.97,86.34,84.92,84.92,93641373
338,2014-05-07,85.04,85.33,83.96,84.62,70715988
339,2014-05-08,84.04,84.92,83.77,84.0,57574363
340,2014-05-09,83.51,83.75,82.9,83.65,72899498
341,2014-05-12,83.93,84.81,83.91,84.69,53324677
342,2014-05-13,84.57,84.93,84.39,84.82,39934594
343,2014-05-14,84.63,85.34,84.53,84.84,41600846
344,2014-05-15,84.96,85.23,84.01,84.12,57711731
345,2014-05-16,84.09,85.36,83.63,85.36,69091834
346,2014-05-19,85.41,86.76,85.33,86.37,79439024
347,2014-05-20,86.36,86.63,85.82,86.39,58708986
348,2014-05-21,86.26,86.67,86.01,86.62,49249914
349,2014-05-22,86.66,87.12,86.3,86.75,50218945
350,2014-05-23,86.75,87.82,86.64,87.73,58052491
351,2014-05-27,87.98,89.41,87.95,89.38,87216605
352,2014-05-28,89.43,89.98,89.11,89.14,78921885
353,2014-05-29,89.69,90.98,89.68,90.77,94118633
354,2014-05-30,91.14,92.02,89.84,90.43,141005137
355,2014-06-02,90.57,90.69,88.93,89.81,92337903
356,2014-06-03,89.78,91.25,89.75,91.08,73231620
357,2014-06-04,91.06,92.56,90.87,92.12,83870521
358,2014-06-05,92.31,92.77,91.8,92.48,75951141
359,2014-06-06,92.84,93.04,92.07,92.22,87620911
360,2014-06-09,92.7,93.88,91.75,93.7,75414804
361,2014-06-10,94.73,95.05,93.57,94.25,62777042
362,2014-06-11,94.13,94.76,93.47,93.86,45681114
363,2014-06-12,94.04,94.12,91.9,92.29,54748791
364,2014-06-13,92.2,92.44,90.88,91.28,54525280
365,2014-06-16,91.51,92.75,91.45,92.2,35561270
366,2014-06-17,92.31,92.7,91.8,92.08,29726347
367,2014-06-18,92.27,92.29,91.35,92.18,33514108
368,2014-06-19,92.29,92.3,91.34,91.86,35527686
369,2014-06-20,91.85,92.55,90.9,90.91,100898066
370,2014-06-23,91.32,91.62,90.6,90.83,43694391
371,2014-06-24,90.75,91.74,90.19,90.28,39036087
372,2014-06-25,90.21,90.7,89.65,90.36,36868541
373,2014-06-26,90.37,91.05,89.8,90.9,32629359
374,2014-06-27,90.82,92.0,90.77,91.98,64028803
375,2014-06-30,92.1,93.72,92.09,92.93,49589028
376,2014-07-01,93.52,94.07,93.13,93.52,38223477
377,2014-07-02,93.86,94.06,93.09,93.48,28465073
378,2014-07-03,93.67,94.1,93.2,94.03,22891753
379,2014-07-07,94.14,95.99,94.1,95.97,56467939
380,2014-07-08,96.27,96.8,93.92,95.35,65221678
381,2014-07-09,95.44,95.95,94.76,95.39,36436440
382,2014-07-10,93.76,95.55,93.52,95.04,39685552
383,2014-07-11,95.36,95.89,94.86,95.22,34018228
384,2014-07-14,95.86,96.89,95.65,96.45,42810155
385,2014-07-15,96.8,96.85,95.03,95.32,45696176
386,2014-07-16,96.97,97.1,94.74,94.78,53502415
387,2014-07-17,95.03,95.28,92.57,93.09,57298243
388,2014-07-18,93.62,94.74,93.02,94.43,49987593
389,2014-07-21,94.99,95.0,93.72,93.94,39079002
390,2014-07-22,94.68,94.89,94.12,94.72,55196597
391,2014-07-23,95.42,97.88,95.17,97.19,92917719
392,2014-07-24,97.04,97.32,96.42,97.03,45728843
393,2014-07-25,96.85,97.84,96.64,97.67,43469117
394,2014-07-28,97.82,99.24,97.55,99.02,55317689
395,2014-07-29,99.33,99.44,98.25,98.38,43143095
396,2014-07-30,98.44,98.7,97.67,98.15,33010001
397,2014-07-31,97.16,97.45,95.33,95.6,56842647
398,2014-08-01,94.9,96.62,94.81,96.13,48511286
399,2014-08-04,96.37,96.58,95.17,95.59,39958144
400,2014-08-05,95.36,95.68,94.36,95.12,55932663
401,2014-08-06,94.75,95.48,94.71,94.96,38558342
402,2014-08-07,94.93,95.95,94.1,94.48,46711179
403,2014-08-08,94.26,94.82,93.28,94.74,41865193
404,2014-08-11,95.27,96.08,94.84,95.99,36584844
405,2014-08-12,96.04,96.88,95.61,95.97,33795352
406,2014-08-13,96.15,97.24,96.04,97.24,31916439
407,2014-08-14,97.33,97.57,96.8,97.5,28115566
408,2014-08-15,97.9,98.19,96.86,97.98,48951331
409,2014-08-18,98.49,99.37,97.98,99.16,47572413
410,2014-08-19,99.41,100.68,99.32,100.53,69399270
411,2014-08-20,100.44,101.09,99.95,100.57,52699192
412,2014-08-21,100.57,100.94,100.11,100.58,33478198
413,2014-08-22,100.29,101.47,100.19,101.32,44183834
414,2014-08-25,101.79,102.17,101.28,101.54,40270173
415,2014-08-26,101.42,101.5,100.86,100.89,33151984
416,2014-08-27,101.02,102.57,100.7,102.13,52369011
417,2014-08-28,102.13,102.78,101.56,102.25,68459801
418,2014-08-29,102.86,102.9,102.2,102.5,44595247
419,2014-09-02,103.06,103.74,102.72,103.3,53564262
420,2014-09-03,103.1,103.2,98.58,98.94,125420521
421,2014-09-04,98.85,100.09,97.79,98.12,85718221
422,2014-09-05,98.8,99.39,98.31,98.97,58457035
423,2014-09-08,99.3,99.31,98.05,98.36,46356742
424,2014-09-09,99.08,103.08,96.14,97.99,189846255
425,2014-09-10,98.01,101.11,97.76,101.0,100869587
426,2014-09-11,100.41,101.44,99.62,101.43,62399743
427,2014-09-12,101.21,102.19,101.08,101.66,64096903
428,2014-09-15,102.81,103.05,101.44,101.63,61316516
429,2014-09-16,99.8,101.26,98.89,100.86,66908133
430,2014-09-17,101.27,101.8,100.59,101.58,60926498
431,2014-09-18,101.93,102.35,101.56,101.79,37299435
432,2014-09-19,102.29,102.35,100.88,100.96,70902406
433,2014-09-22,101.8,102.14,100.58,101.06,52788426
434,2014-09-23,100.6,102.94,100.54,102.64,63402196
435,2014-09-24,102.16,102.85,101.2,101.75,60171828
436,2014-09-25,100.51,100.71,97.72,97.87,100091990
437,2014-09-26,98.53,100.75,98.4,100.75,62370501
438,2014-09-29,98.65,100.44,98.63,100.11,49766312
439,2014-09-30,100.81,101.54,100.53,100.75,55264139
440,2014-10-01,100.59,100.69,98.7,99.18,51491286
441,2014-10-02,99.27,100.22,98.04,99.9,47757828
442,2014-10-03,99.44,100.21,99.04,99.62,43469585
443,2014-10-06,99.95,100.65,99.42,99.62,37051182
444,2014-10-07,99.43,100.12,98.73,98.75,42094183
445,2014-10-08,98.76,101.11,98.31,100.8,57404674
446,2014-10-09,101.54,102.38,100.61,101.02,77376525
447,2014-10-10,100.69,102.03,100.3,100.73,66331592
448,2014-10-13,101.33,101.78,99.81,99.81,53583368
449,2014-10-14,100.39,100.52,98.57,98.75,63688562
450,2014-10-15,97.97,99.15,95.18,97.54,100933600
451,2014-10-16,95.55,97.72,95.41,96.26,72154523
452,2014-10-17,97.5,99.0,96.81,97.67,68179688
453,2014-10-20,98.32,99.96,98.22,99.76,77517279
454,2014-10-21,103.02,103.02,101.27,102.47,94623904
455,2014-10-22,102.84,104.11,102.6,102.99,68263146
456,2014-10-23,104.08,105.05,103.63,104.83,71074674
457,2014-10-24,105.18,105.49,104.53,105.22,47053916
458,2014-10-27,104.85,105.48,104.7,105.11,34187701
459,2014-10-28,105.4,106.74,105.35,106.74,48060949
460,2014-10-29,106.65,107.37,106.36,107.34,52687879
461,2014-10-30,106.96,107.35,105.9,106.98,40654793
462,2014-10-31,108.01,108.04,107.21,108.0,44639285
463,2014-11-03,108.22,110.3,108.01,109.4,52282550
464,2014-11-04,109.36,109.49,107.72,108.6,41574365
465,2014-11-05,109.1,109.3,108.12,108.86,37435905
466,2014-11-06,108.6,108.79,107.8,108.7,34968457
467,2014-11-07,108.75,109.32,108.55,109.01,33691535
468,2014-11-10,109.02,109.33,108.67,108.83,27195547
469,2014-11-11,108.7,109.75,108.4,109.7,27442252
470,2014-11-12,109.38,111.43,109.37,111.25,46942431
471,2014-11-13,111.8,113.45,111.6,112.82,59522855
472,2014-11-14,113.15,114.19,113.05,114.18,44063595
473,2014-11-17,114.27,117.28,113.3,113.99,46746712
474,2014-11-18,113.94,115.69,113.89,115.47,44223978
475,2014-11-19,115.44,115.74,113.8,114.67,41869160
476,2014-11-20,114.91,116.86,114.85,116.31,43395537
477,2014-11-21,117.51,117.57,116.03,116.47,57179298
478,2014-11-24,116.85,118.77,116.62,118.62,47450824
479,2014-11-25,119.07,119.75,117.45,117.6,68840440
480,2014-11-26,117.94,119.1,117.83,119.0,40831886
481,2014-11-28,119.27,119.4,118.05,118.93,24814402
482,2014-12-01,118.81,119.25,111.27,115.07,83814037
483,2014-12-02,113.5,115.75,112.75,114.63,59348940
484,2014-12-03,115.75,116.35,115.11,115.93,43063440
485,2014-12-04,115.77,117.2,115.29,115.49,42155776
486,2014-12-05,115.99,116.08,114.64,115.0,38318895
487,2014-12-08,114.1,114.65,111.62,112.4,57664850
488,2014-12-09,110.19,114.3,109.35,114.12,60208036
489,2014-12-10,114.41,114.85,111.54,111.95,44565318
490,2014-12-11,112.26,113.8,111.34,111.62,41471578
491,2014-12-12,110.46,111.87,109.58,109.73,56028138
492,2014-12-15,110.7,111.6,106.35,108.22,67218082
493,2014-12-16,106.37,110.16,106.26,106.74,60790733
494,2014-12-17,107.12,109.84,106.82,109.41,53411773
495,2014-12-18,111.87,112.65,110.66,112.65,59006218
496,2014-12-19,112.26,113.24,111.66,111.78,88429770
497,2014-12-22,112.16,113.49,111.97,112.94,45167549
498,2014-12-23,113.23,113.33,112.46,112.54,26028419
499,2014-12-24,112.58,112.71,112.01,112.01,14479611
500,2014-12-26,112.1,114.52,112.01,113.99,33720951
501,2014-12-29,113.79,114.77,113.7,113.91,27598920
502,2014-12-30,113.64,113.92,112.11,112.52,29881477
503,2014-12-31,112.82,113.13,110.21,110.38,41403351
504,2015-01-02,111.39,111.44,107.35,109.33,53204626
505,2015-01-05,108.29,108.65,105.41,106.25,64285491
506,2015-01-06,106.54,107.43,104.63,106.26,65797116
507,2015-01-07,107.2,108.2,106.7,107.75,40105934
508,2015-01-08,109.23,112.15,108.7,111.89,59364547
509,2015-01-09,112.67,113.25,110.21,112.01,53699527
510,2015-01-12,112.6,112.63,108.8,109.25,49650790
511,2015-01-13,111.43,112.8,108.91,110.22,67091928
512,2015-01-14,109.04,110.49,108.5,109.8,48956588
513,2015-01-15,110.0,110.06,106.66,106.82,60013996
514,2015-01-16,107.03,107.58,105.2,105.99,78513345
515,2015-01-20,107.84,108.97,106.5,108.72,49899907
516,2015-01-21,108.95,111.06,108.27,109.55,48575897
517,2015-01-22,110.26,112.47,109.72,112.4,53796409
518,2015-01-23,112.3,113.75,111.53,112.98,46464828
519,2015-01-26,113.74,114.36,112.8,113.1,55614979
520,2015-01-27,112.42,112.48,109.03,109.14,95568749
521,2015-01-28,117.62,118.12,115.31,115.31,146477063
522,2015-01-29,116.32,119.19,115.56,118.9,84436432
523,2015-01-30,118.4,120.0,116.85,117.16,83745461
524,2015-02-02,118.05,119.17,116.08,118.63,62739100
525,2015-02-03,118.5,119.09,117.61,118.65,51915749
526,2015-02-04,118.5,120.51,118.31,119.56,70149743
527,2015-02-05,120.02,120.23,119.25,119.94,42246245
528,2015-02-06,120.02,120.25,118.45,118.93,43706567
529,2015-02-09,118.55,119.84,118.43,119.72,38889797
530,2015-02-10,120.17,122.15,120.16,122.02,62008506
531,2015-02-11,122.77,124.92,122.5,124.88,73561797
532,2015-02-12,126.06,127.48,125.57,126.46,74474466
533,2015-02-13,127.28,127.28,125.65,127.08,54272219
534,2015-02-17,127.49,128.88,126.92,127.83,63152405
535,2015-02-18,127.62,128.78,127.45,128.72,44891737
536,2015-02-19,128.48,129.03,128.33,128.45,37362381
537,2015-02-20,128.62,129.5,128.05,129.5,48948419
538,2015-02-23,130.02,133.0,129.66,133.0,70974110
539,2015-02-24,132.94,133.6,131.17,132.17,69228130
540,2015-02-25,131.56,131.6,128.15,128.79,74711746
541,2015-02-26,128.78,130.87,126.61,130.42,91287529
542,2015-02-27,130.0,130.57,128.24,128.46,62014847
543,2015-03-02,129.25,130.28,128.3,129.09,48096663
544,2015-03-03,128.96,129.52,128.09,129.36,37816283
545,2015-03-04,129.1,129.56,128.32,128.54,31666340
546,2015-03-05,128.58,128.75,125.76,126.41,56517146
547,2015-03-06,128.4,129.37,126.26,126.6,72842060
548,2015-03-09,127.96,129.57,125.06,127.14,88528487
549,2015-03-10,126.41,127.22,123.8,124.51,68856582
550,2015-03-11,124.75,124.77,122.11,122.24,68938974
551,2015-03-12,122.31,124.9,121.63,124.45,48362719
552,2015-03-13,124.4,125.4,122.58,123.59,51827283
553,2015-03-16,123.88,124.95,122.87,124.95,35874300
554,2015-03-17,125.9,127.32,125.65,127.04,51023104
555,2015-03-18,127.0,129.16,126.37,128.47,65270945
556,2015-03-19,128.75,129.25,127.4,127.5,45809490
557,2015-03-20,128.25,128.4,125.16,125.9,68695136
558,2015-03-23,127.12,127.85,126.52,127.21,37709674
559,2015-03-24,127.23,128.04,126.56,126.69,32842304
560,2015-03-25,126.54,126.82,123.38,123.38,51655177
561,2015-03-26,122.76,124.88,122.6,124.24,47572869
562,2015-03-27,124.57,124.7,122.91,123.25,39546151
563,2015-03-30,124.05,126.4,124.0,126.37,47099670
564,2015-03-31,126.09,126.49,124.36,124.43,42090553
565,2015-04-01,124.82,125.12,123.1,124.25,40621437
566,2015-04-02,125.03,125.56,124.19,125.32,32220131
567,2015-04-06,124.47,127.51,124.33,127.35,37193975
568,2015-04-07,127.64,128.12,125.98,126.01,35012268
569,2015-04-08,125.85,126.4,124.97,125.6,37329243
570,2015-04-09,125.85,126.58,124.66,126.56,32483974
571,2015-04-10,125.95,127.21,125.26,127.1,40187953
572,2015-04-13,128.37,128.57,126.61,126.85,36365123
573,2015-04-14,127.0,127.29,125.91,126.3,25524593
574,2015-04-15,126.41,127.13,126.01,126.78,28970419
575,2015-04-16,126.28,127.1,126.11,126.17,28368987
576,2015-04-17,125.55,126.14,124.46,124.75,51957046
577,2015-04-20,125.57,128.12,125.17,127.6,47054310
578,2015-04-21,128.1,128.2,126.67,126.91,32435057
579,2015-04-22,126.99,128.87,126.32,128.62,37654505
580,2015-04-23,128.3,130.42,128.14,129.67,45770902
581,2015-04-24,130.49,130.63,129.23,130.28,44525905
582,2015-04-27,132.31,133.13,131.15,132.65,96954207
583,2015-04-28,134.46,134.54,129.57,130.56,118923970
584,2015-04-29,130.16,131.59,128.3,128.64,63386083
585,2015-04-30,128.64,127.88,124.58,125.15,83195423
586,2015-05-01,126.1,130.13,125.3,128.95,58512638
587,2015-05-04,129.5,130.57,128.26,128.7,50988278
588,2015-05-05,128.15,128.45,125.78,125.8,49271416
589,2015-05-06,126.56,126.75,123.36,125.01,72141010
590,2015-05-07,124.77,126.08,124.02,125.26,43940895
591,2015-05-08,126.68,127.62,126.11,127.62,55550382
592,2015-05-11,127.39,127.56,125.62,126.32,42035757
593,2015-05-12,125.6,126.88,124.82,125.86,48160032
594,2015-05-13,126.15,127.19,125.87,126.01,34694235
595,2015-05-14,127.41,128.95,127.16,128.95,45203456
596,2015-05-15,129.07,129.49,128.21,128.77,38208034
597,2015-05-18,128.38,130.72,128.36,130.19,50882918
598,2015-05-19,130.69,130.88,129.64,130.07,44633240
599,2015-05-20,130.0,130.98,129.34,130.06,36454932
600,2015-05-21,130.07,131.63,129.83,131.39,39730364
601,2015-05-22,131.6,132.97,131.4,132.54,45595972
602,2015-05-26,132.6,132.91,129.12,129.62,70697560
603,2015-05-27,130.34,132.26,130.05,132.04,45833246
604,2015-05-28,131.86,131.95,131.1,131.78,30733309
605,2015-05-29,131.23,131.45,129.9,130.28,50884452
606,2015-06-01,130.28,131.39,130.05,130.54,32112797
607,2015-06-02,129.86,130.66,129.32,129.96,33667627
608,2015-06-03,130.66,130.94,129.9,130.12,30983542
609,2015-06-04,129.58,130.58,128.91,129.36,38450118
610,2015-06-05,129.5,129.69,128.36,128.65,35626800
611,2015-06-08,128.9,129.21,126.83,127.8,52674786
612,2015-06-09,126.7,128.08,125.62,127.42,56075420
613,2015-06-10,127.92,129.34,127.85,128.88,39087250
614,2015-06-11,129.18,130.18,128.48,128.59,35390887
615,2015-06-12,128.18,128.33,127.11,127.17,36886246
616,2015-06-15,126.1,127.24,125.71,126.92,43988946
617,2015-06-16,127.03,127.85,126.37,127.6,31494131
618,2015-06-17,127.72,127.88,126.74,127.3,32918071
619,2015-06-18,127.23,128.31,127.22,127.88,35407220
620,2015-06-19,127.71,127.82,126.4,126.6,54716887
621,2015-06-22,127.49,128.06,127.08,127.61,34039345
622,2015-06-23,127.48,127.61,126.88,127.03,30268863
623,2015-06-24,127.21,129.8,127.12,128.11,55280855
624,2015-06-25,128.86,129.2,127.5,127.5,31938100
625,2015-06-26,127.67,127.99,126.51,126.75,44066841
626,2015-06-29,125.46,126.47,124.48,124.53,49161427
627,2015-06-30,125.57,126.12,124.86,125.42,44370682
628,2015-07-01,126.9,126.94,125.99,126.6,30238811
629,2015-07-02,126.43,126.69,125.77,126.44,27210952
630,2015-07-06,124.94,126.23,124.85,126.0,28060431
631,2015-07-07,125.89,126.15,123.77,125.69,46946811
632,2015-07-08,124.48,124.64,122.54,122.57,60761614
633,2015-07-09,123.85,124.06,119.22,120.07,78595038
634,2015-07-10,121.94,123.85,121.21,123.28,61354474
635,2015-07-13,125.03,125.76,124.32,125.66,41440538
636,2015-07-14,126.04,126.37,125.04,125.61,31768139
637,2015-07-15,125.72,127.15,125.58,126.82,33649200
638,2015-07-16,127.74,128.57,127.35,128.51,36222447
639,2015-07-17,129.08,129.62,128.31,129.62,46164710
640,2015-07-20,130.97,132.97,130.7,132.07,58900203
641,2015-07-21,132.85,132.92,130.32,130.75,76756427
642,2015-07-22,121.99,125.5,121.99,125.22,115450607
643,2015-07-23,126.2,127.09,125.06,125.16,50999452
644,2015-07-24,125.32,125.74,123.9,124.5,42162332
645,2015-07-27,123.09,123.61,122.12,122.77,44455540
646,2015-07-28,123.38,123.91,122.55,123.38,33618097
647,2015-07-29,123.15,123.5,122.27,122.99,37011653
648,2015-07-30,122.32,122.57,121.71,122.37,33628268
649,2015-07-31,122.6,122.64,120.91,121.3,42884953
650,2015-08-03,121.5,122.57,117.52,118.44,69975968
651,2015-08-04,117.42,117.7,113.25,114.64,124138623
652,2015-08-05,112.95,117.44,112.1,115.4,99312613
653,2015-08-06,115.97,116.5,114.12,115.13,52903040
654,2015-08-07,114.58,116.25,114.5,115.52,38670405
655,2015-08-10,116.53,119.99,116.53,119.72,54951597
656,2015-08-11,117.81,118.18,113.33,113.49,97082814
657,2015-08-12,112.53,115.42,109.63,115.24,101685610
658,2015-08-13,116.04,116.4,114.54,115.15,48535789
659,2015-08-14,114.32,116.31,114.01,115.96,42929516
660,2015-08-17,116.04,117.65,115.5,117.16,40884745
661,2015-08-18,116.43,117.44,116.01,116.5,34560708
662,2015-08-19,116.1,116.52,114.68,115.01,48286510
663,2015-08-20,114.08,114.35,111.63,112.65,67765523
664,2015-08-21,110.43,111.9,105.64,105.76,126289223
665,2015-08-24,94.87,108.8,92.0,103.12,161454199
666,2015-08-25,111.11,111.11,103.5,103.74,102240208
667,2015-08-26,107.08,109.89,105.05,109.69,96226269
668,2015-08-27,112.23,113.24,110.02,112.92,83265146
669,2015-08-28,112.17,113.31,111.54,113.29,52896384
670,2015-08-31,112.03,114.53,112.0,112.76,55962842
671,2015-09-01,110.15,111.88,107.36,107.72,75988194
672,2015-09-02,110.23,112.34,109.13,112.34,61520170
673,2015-09-03,112.49,112.78,110.04,110.37,52906410
674,2015-09-04,108.97,110.45,108.51,109.27,49628615
675,2015-09-08,111.75,112.56,110.32,112.31,54114204
676,2015-09-09,113.76,114.02,109.77,110.15,84344438
677,2015-09-10,110.27,113.28,109.9,112.57,62675234
678,2015-09-11,111.79,114.21,111.76,114.21,49441846
679,2015-09-14,116.58,116.89,114.86,115.31,58201862
680,2015-09-15,115.93,116.53,114.42,116.28,43004052
681,2015-09-16,116.25,116.54,115.44,116.41,36909956
682,2015-09-17,115.66,116.49,113.72,113.92,63462713
683,2015-09-18,112.21,114.3,111.87,113.45,73418992
684,2015-09-21,113.67,115.37,113.66,115.21,46554289
685,2015-09-22,113.38,114.18,112.52,113.4,49809010
686,2015-09-23,113.63,114.72,113.3,114.32,35645658
687,2015-09-24,113.25,115.5,112.37,115.0,49810647
688,2015-09-25,116.44,116.69,114.02,114.71,55842210
689,2015-09-28,113.85,114.57,112.44,112.44,51723929
690,2015-09-29,112.83,113.51,107.86,109.06,73135853
691,2015-09-30,110.17,111.54,108.73,110.3,66105030
692,2015-10-01,109.07,109.62,107.31,109.58,63747954
693,2015-10-02,108.01,111.01,107.55,110.38,57560431
694,2015-10-05,110.08,111.37,109.07,110.78,51723110
695,2015-10-06,110.63,111.74,109.76,111.31,48196751
696,2015-10-07,110.47,111.77,109.41,110.78,46602587
697,2015-10-08,110.06,110.19,108.21,109.5,61698450
698,2015-10-09,111.64,112.28,109.49,112.12,52533783
699,2015-10-12,112.73,112.75,111.44,111.6,30114425
700,2015-10-13,110.82,112.45,110.68,111.79,32424018
701,2015-10-14,111.29,111.52,109.56,110.21,44325611
702,2015-10-15,110.93,112.1,110.49,111.86,37340996
703,2015-10-16,111.78,112.0,110.53,111.04,38236278
704,2015-10-19,110.8,111.75,110.11,111.73,29606075
705,2015-10-20,111.34,114.17,110.82,113.77,48778770
706,2015-10-21,114.0,115.58,113.7,113.76,41795238
707,2015-10-22,114.33,115.5,114.1,115.5,41272693
708,2015-10-23,118.77,119.23,116.33,119.08,59139552
709,2015-10-26,118.08,118.13,114.92,115.28,66019504
710,2015-10-27,115.4,116.54,113.99,114.55,57953589
711,2015-10-28,117.58,119.3,116.06,119.27,85023324
712,2015-10-29,118.7,120.69,118.27,120.53,50240803
713,2015-10-30,120.99,121.22,119.45,119.5,48811991
714,2015-11-02,120.8,121.36,119.61,121.18,31761309
715,2015-11-03,120.79,123.49,120.7,122.57,45331025
716,2015-11-04,122.56,123.82,121.62,122.0,44343498
717,2015-11-05,121.85,122.69,120.18,120.92,39258480
718,2015-11-06,121.08,121.81,120.62,121.06,32931447
719,2015-11-09,120.96,121.81,120.05,120.57,33657546
720,2015-11-10,116.9,118.07,116.06,116.77,58635125
721,2015-11-11,116.37,117.42,115.21,116.11,45104903
722,2015-11-12,116.26,116.82,115.65,115.72,32262598
723,2015-11-13,115.2,115.57,112.27,112.34,45164053
724,2015-11-16,111.38,114.24,111.0,114.18,37651022
725,2015-11-17,114.92,115.05,113.32,113.69,27253964
726,2015-11-18,115.76,117.49,115.5,117.29,46163404
727,2015-11-19,117.64,119.75,116.76,118.78,42908179
728,2015-11-20,119.2,119.92,118.85,119.3,34103529
729,2015-11-23,119.27,119.73,117.34,117.75,32266736
730,2015-11-24,117.33,119.35,117.12,118.88,42426855
731,2015-11-25,119.21,119.23,117.92,118.03,21388308
732,2015-11-27,118.29,118.41,117.6,117.81,13043720
733,2015-11-30,117.99,119.41,117.75,118.3,37658671
734,2015-12-01,118.75,118.81,116.86,117.34,34700991
735,2015-12-02,117.34,118.11,116.08,116.28,33198964
736,2015-12-03,115.24,116.79,114.22,115.2,41569509
737,2015-12-04,115.29,119.25,115.11,119.03,57776977
738,2015-12-07,118.32,119.86,117.81,118.28,32084249
739,2015-12-08,117.52,118.6,116.86,118.23,34309450
740,2015-12-09,115.3,117.69,115.08,115.62,46361357
741,2015-12-10,116.04,116.94,115.51,116.17,29212727
742,2015-12-11,115.19,115.39,112.85,113.18,46886161
743,2015-12-14,112.18,112.68,109.79,112.48,64318732
744,2015-12-15,111.94,112.8,110.35,110.49,53323105
745,2015-12-16,111.07,111.99,108.8,111.34,56238467
746,2015-12-17,112.02,112.25,108.98,108.98,44772827
747,2015-12-18,108.91,109.52,105.81,106.03,96453327
748,2015-12-21,107.28,107.37,105.57,107.33,47590610
749,2015-12-22,107.4,107.72,106.45,107.23,32789367
750,2015-12-23,107.27,108.85,107.2,108.61,32657354
751,2015-12-24,109.0,109.0,107.95,108.03,13596680
752,2015-12-28,107.59,107.69,106.18,106.82,26704210
753,2015-12-29,106.96,109.43,106.86,108.74,30931243
754,2015-12-30,108.58,108.7,107.18,107.32,25213777
755,2015-12-31,107.01,107.03,104.82,105.26,40912316
756,2016-01-04,102.61,105.37,102.0,105.35,67281190
757,2016-01-05,105.75,105.85,102.41,102.71,55790992
758,2016-01-06,100.56,102.37,99.87,100.7,68457388
759,2016-01-07,98.68,100.13,96.43,96.45,81094428
760,2016-01-08,98.55,99.11,96.76,96.96,70798016
761,2016-01-11,98.97,99.06,97.34,98.53,49739377
762,2016-01-12,100.55,100.69,98.84,99.96,49154227
763,2016-01-13,100.32,101.19,97.3,97.39,61745031
764,2016-01-14,97.96,100.48,95.74,99.52,62424154
765,2016-01-15,96.2,97.71,95.36,97.13,79010008
766,2016-01-19,98.41,98.65,95.5,96.66,52841349
767,2016-01-20,95.1,98.19,93.42,96.79,72008265
768,2016-01-21,97.06,97.88,94.94,96.3,52054521
769,2016-01-22,98.63,101.46,98.37,101.42,65562769
770,2016-01-25,101.52,101.53,99.21,99.44,51196375
771,2016-01-26,99.93,100.88,98.07,99.99,63538305
772,2016-01-27,96.04,96.63,93.34,93.42,132224500
773,2016-01-28,93.79,94.52,92.39,94.09,55557109
774,2016-01-29,94.79,97.34,94.35,97.34,64010141
775,2016-02-01,96.47,96.71,95.4,96.43,40571593
776,2016-02-02,95.42,96.04,94.28,94.48,37081206
777,2016-02-03,95.0,96.84,94.08,96.35,45366710
778,2016-02-04,95.86,97.33,95.19,96.6,46263907
779,2016-02-05,96.52,96.92,93.69,94.02,45853883
780,2016-02-08,93.13,95.7,93.04,95.01,53852284
781,2016-02-09,94.29,95.94,93.93,94.99,44262912
782,2016-02-10,95.92,96.35,94.1,94.27,42244975
783,2016-02-11,93.79,94.72,92.59,93.7,49686210
784,2016-02-12,94.19,94.5,93.01,93.99,40121670
785,2016-02-16,95.02,96.85,94.61,96.64,47490678
786,2016-02-17,96.67,98.21,96.15,98.12,44390173
787,2016-02-18,98.84,98.89,96.09,96.26,38494442
788,2016-02-19,96.0,96.76,95.8,96.04,34485576
789,2016-02-22,96.31,96.9,95.92,96.88,34048195
790,2016-02-23,96.4,96.5,94.55,94.69,31686699
791,2016-02-24,93.98,96.38,93.32,96.1,36155642
792,2016-02-25,96.05,96.76,95.25,96.76,27393905
793,2016-02-26,97.2,98.02,96.58,96.91,28913208
794,2016-02-29,96.86,98.23,96.65,96.69,34876558
795,2016-03-01,97.65,100.77,97.42,100.53,50153943
796,2016-03-02,100.51,100.89,99.64,100.75,33084941
797,2016-03-03,100.58,101.71,100.45,101.5,36792245
798,2016-03-04,102.37,103.75,101.37,103.01,45936485
799,2016-03-07,102.39,102.83,100.96,101.87,35828909
800,2016-03-08,100.78,101.76,100.4,101.03,31274161
801,2016-03-09,101.31,101.58,100.27,101.12,27130729
802,2016-03-10,101.41,102.24,100.15,101.17,33513577
803,2016-03-11,102.24,102.28,101.5,102.26,27200833
804,2016-03-14,101.91,102.91,101.78,102.52,25027426
805,2016-03-15,103.96,105.18,103.85,104.58,40067734
806,2016-03-16,104.61,106.31,104.59,105.97,37893758
807,2016-03-17,105.52,106.47,104.96,105.8,34244593
808,2016-03-18,106.34,106.5,105.19,105.92,43402289
809,2016-03-21,105.93,107.65,105.14,105.91,35180796
810,2016-03-22,105.25,107.29,105.21,106.72,32232567
811,2016-03-23,106.48,107.07,105.9,106.13,25452612
812,2016-03-24,105.47,106.25,104.89,105.67,25480914
813,2016-03-28,106.0,106.19,105.06,105.19,19303557
814,2016-03-29,104.89,107.79,104.88,107.68,30774115
815,2016-03-30,108.65,110.42,108.6,109.56,45159861
816,2016-03-31,109.72,109.9,108.88,108.99,25685672
817,2016-04-01,108.78,110.0,108.2,109.99,25626163
818,2016-04-04,110.42,112.19,110.27,111.12,37243224
819,2016-04-05,109.51,110.73,109.42,109.81,26495312
820,2016-04-06,110.23,110.98,109.2,110.96,26047772
821,2016-04-07,109.95,110.42,108.12,108.54,30881022
822,2016-04-08,108.91,109.77,108.17,108.66,23514462
823,2016-04-11,108.97,110.61,108.83,109.02,28313525
824,2016-04-12,109.34,110.5,108.66,110.44,26812000
825,2016-04-13,110.8,112.34,110.8,112.04,32691799
826,2016-04-14,111.62,112.39,111.33,112.1,25337435
827,2016-04-15,112.11,112.3,109.73,109.85,46418482
828,2016-04-18,108.89,108.95,106.94,107.48,60834027
829,2016-04-19,107.88,108.0,106.23,106.91,32292344
830,2016-04-20,106.64,108.09,106.06,107.13,28666865
831,2016-04-21,106.93,106.93,105.52,105.97,31356434
832,2016-04-22,105.01,106.48,104.62,105.68,33477142
833,2016-04-25,105.0,105.65,104.51,105.08,27950966
834,2016-04-26,103.91,105.3,103.91,104.35,40338403
835,2016-04-27,96.0,98.71,95.68,97.82,113538389
836,2016-04-28,97.61,97.88,94.25,94.83,81990674
837,2016-04-29,93.99,94.72,92.51,93.74,68334434
838,2016-05-02,93.96,94.08,92.4,93.64,47736879
839,2016-05-03,94.2,95.74,93.68,95.18,56533960
840,2016-05-04,95.2,95.9,93.82,94.19,40824776
841,2016-05-05,94.0,94.07,92.68,93.24,35763138
842,2016-05-06,93.37,93.45,91.85,92.72,43458189
843,2016-05-09,93.0,93.77,92.59,92.79,32855251
844,2016-05-10,93.33,93.57,92.11,93.42,33592465
845,2016-05-11,93.48,93.57,92.46,92.51,28539912
846,2016-05-12,92.72,92.78,89.47,90.34,76109795
847,2016-05-13,90.0,91.67,90.0,90.52,44188153
848,2016-05-16,92.39,94.39,91.65,93.88,61140610
849,2016-05-17,94.55,94.7,93.01,93.49,46507449
850,2016-05-18,94.16,95.21,93.89,94.56,41923114
851,2016-05-19,94.64,94.64,93.57,94.2,29693945
852,2016-05-20,94.64,95.43,94.52,95.22,31804564
853,2016-05-23,95.87,97.19,95.67,96.43,37860535
854,2016-05-24,97.22,98.09,96.84,97.9,35036561
855,2016-05-25,98.67,99.74,98.11,99.62,38168760
856,2016-05-26,99.68,100.73,98.64,100.41,56093437
857,2016-05-27,99.44,100.47,99.24,100.35,36229530
858,2016-05-31,99.6,100.4,98.82,99.86,42307212
859,2016-06-01,99.02,99.54,98.33,98.46,29173285
860,2016-06-02,97.6,97.84,96.63,97.72,40191600
861,2016-06-03,97.79,98.27,97.45,97.92,28504888
862,2016-06-06,97.99,101.89,97.55,98.63,23292504
863,2016-06-07,99.25,99.87,98.96,99.03,22409450
864,2016-06-08,99.02,99.56,98.68,98.94,20848131
865,2016-06-09,98.5,99.99,98.46,99.65,26601354
866,2016-06-10,98.53,99.35,98.48,98.83,31712936
867,2016-06-13,98.69,99.12,97.1,97.34,38020494
868,2016-06-14,97.32,98.48,96.75,97.46,31931944
869,2016-06-15,97.82,98.41,97.03,97.14,29445227
870,2016-06-16,96.45,97.75,96.07,97.55,31326815
871,2016-06-17,96.62,96.65,95.3,95.33,61008219
872,2016-06-20,96.0,96.57,95.03,95.1,34411901
873,2016-06-21,94.94,96.35,94.68,95.91,35546358
874,2016-06-22,96.25,96.89,95.35,95.55,29219122
875,2016-06-23,95.94,96.29,95.25,96.1,32240187
876,2016-06-24,92.91,94.66,92.65,93.4,75311356
877,2016-06-27,93.0,93.05,91.5,92.04,46622188
878,2016-06-28,92.9,93.66,92.14,93.59,40444914
879,2016-06-29,93.97,94.55,93.63,94.4,36531006
880,2016-06-30,94.44,95.77,94.3,95.6,35836356
881,2016-07-01,95.49,96.46,95.33,95.89,26026540
882,2016-07-05,95.39,95.4,94.46,94.99,27705210
883,2016-07-06,94.6,95.66,94.37,95.53,30949090
884,2016-07-07,95.7,96.5,95.62,95.94,25139558
885,2016-07-08,96.49,96.89,96.05,96.68,28912103
886,2016-07-11,96.75,97.65,96.73,96.98,23794945
887,2016-07-12,97.17,97.7,97.12,97.42,24167463
888,2016-07-13,97.41,97.67,96.84,96.87,25892171
889,2016-07-14,97.39,98.99,97.32,98.79,38918997
890,2016-07-15,98.92,99.3,98.5,98.78,30136990
891,2016-07-18,98.7,100.13,98.6,99.83,36493867
892,2016-07-19,99.56,100.0,99.34,99.87,23779924
893,2016-07-20,100.0,100.46,99.74,99.96,26275968
894,2016-07-21,99.83,101.0,99.13,99.43,32702028
895,2016-07-22,99.26,99.3,98.31,98.66,28313669
896,2016-07-25,98.25,98.84,96.92,97.34,40382921
897,2016-07-26,96.82,97.97,96.42,96.67,56239822
898,2016-07-27,104.26,104.35,102.75,102.95,92344820
899,2016-07-28,102.83,104.45,102.82,104.34,39869839
900,2016-07-29,104.19,104.55,103.68,104.21,27733688
901,2016-08-01,104.41,106.15,104.41,106.05,38167871
902,2016-08-02,106.05,106.07,104.0,104.48,33816556
903,2016-08-03,104.81,105.84,104.77,105.79,30202641
904,2016-08-04,105.58,106.0,105.28,105.87,27408650
905,2016-08-05,106.27,107.65,106.18,107.48,40553402
906,2016-08-08,107.52,108.37,107.16,108.37,28037220
907,2016-08-09,108.23,108.94,108.01,108.81,26315204
908,2016-08-10,108.71,108.9,107.76,108.0,24008505
909,2016-08-11,108.52,108.93,107.85,107.93,27484506
910,2016-08-12,107.78,108.44,107.78,108.18,18660434
911,2016-08-15,108.14,109.54,108.08,109.48,25868209
912,2016-08-16,109.63,110.23,109.21,109.38,33794448
913,2016-08-17,109.1,109.37,108.34,109.22,25355976
914,2016-08-18,109.23,109.6,109.02,109.08,21984703
915,2016-08-19,108.77,109.69,108.36,109.36,25368072
916,2016-08-22,108.86,109.1,107.85,108.51,25820230
917,2016-08-23,108.59,109.32,108.53,108.85,21257669
918,2016-08-24,108.56,108.75,107.68,108.03,23675081
919,2016-08-25,107.39,107.88,106.68,107.57,25086248
920,2016-08-26,107.41,107.95,106.31,106.94,27766291
921,2016-08-29,106.62,107.44,106.29,106.82,24970300
922,2016-08-30,105.8,106.5,105.5,106.0,24863945
923,2016-08-31,105.66,106.57,105.64,106.1,29662406
924,2016-09-01,106.14,106.8,105.62,106.73,26701523
925,2016-09-02,107.7,108.0,106.82,107.73,26334858
926,2016-09-06,107.9,108.3,107.51,107.7,26880391
927,2016-09-07,107.83,108.76,107.07,108.36,42364328
928,2016-09-08,107.25,107.27,105.24,105.52,53002026
929,2016-09-09,104.64,105.72,103.13,103.13,46556984
930,2016-09-12,102.65,105.72,102.53,105.44,45292770
931,2016-09-13,107.51,108.79,107.24,107.95,62176190
932,2016-09-14,108.73,113.03,108.6,111.77,112340318
933,2016-09-15,113.86,115.73,113.49,115.57,90613177
934,2016-09-16,115.12,116.13,114.04,114.92,79886911
935,2016-09-19,115.19,116.18,113.25,113.58,47023046
936,2016-09-20,113.05,114.12,112.51,113.57,34514269
937,2016-09-21,113.85,113.99,112.44,113.55,36003185
938,2016-09-22,114.35,114.94,114.0,114.62,31073984
939,2016-09-23,114.42,114.79,111.55,112.71,52481151
940,2016-09-26,111.64,113.39,111.55,112.88,29869442
941,2016-09-27,113.0,113.18,112.34,113.09,24607412
942,2016-09-28,113.69,114.64,113.43,113.95,29641085
943,2016-09-29,113.16,113.8,111.8,112.18,35886990
944,2016-09-30,112.46,113.37,111.8,113.05,36379106
945,2016-10-03,112.71,113.05,112.28,112.52,21701760
946,2016-10-04,113.06,114.31,112.63,113.0,29736835
947,2016-10-05,113.4,113.66,112.69,113.05,21453089
948,2016-10-06,113.7,114.34,113.13,113.89,28779313
949,2016-10-07,114.31,114.56,113.51,114.06,24358443
950,2016-10-10,115.02,116.75,114.72,116.05,36235956
951,2016-10-11,117.7,118.69,116.2,116.3,64041043
952,2016-10-12,117.35,117.98,116.75,117.34,37586787
953,2016-10-13,116.79,117.44,115.72,116.98,35192406
954,2016-10-14,117.88,118.17,117.13,117.63,35652191
955,2016-10-17,117.33,117.84,116.78,117.55,23624896
956,2016-10-18,118.18,118.21,117.45,117.47,24553478
957,2016-10-19,117.25,117.76,113.8,117.12,20034594
958,2016-10-20,116.86,117.38,116.33,117.06,24125801
959,2016-10-21,116.81,116.91,116.28,116.6,23192665
960,2016-10-24,117.1,117.74,117.0,117.65,23538673
961,2016-10-25,117.95,118.36,117.31,118.25,48128970
962,2016-10-26,114.31,115.7,113.31,115.59,66134219
963,2016-10-27,115.39,115.86,114.1,114.48,34562045
964,2016-10-28,113.87,115.21,113.45,113.72,37861662
965,2016-10-31,113.65,114.23,113.2,113.54,26419398
966,2016-11-01,113.46,113.77,110.53,111.49,43825812
967,2016-11-02,111.4,112.35,111.23,111.59,28331709
968,2016-11-03,110.98,111.46,109.55,109.83,26932602
969,2016-11-04,108.53,110.25,108.11,108.84,30836997
970,2016-11-07,110.08,110.51,109.46,110.41,32560000
971,2016-11-08,110.31,111.72,109.7,111.06,24254179
972,2016-11-09,109.88,111.32,108.05,110.88,59176361
973,2016-11-10,111.09,111.09,105.83,107.79,57134541
974,2016-11-11,107.12,108.87,106.55,108.43,34143898
975,2016-11-14,107.71,107.81,104.08,105.71,51175504
976,2016-11-15,106.57,107.68,106.16,107.11,32264510
977,2016-11-16,106.7,110.23,106.6,109.99,58840522
978,2016-11-17,109.81,110.35,108.83,109.95,26964598
979,2016-11-18,109.72,110.54,109.66,110.06,28428917
980,2016-11-21,110.12,111.99,110.01,111.73,29264571
981,2016-11-22,111.95,112.42,111.4,111.8,25965534
982,2016-11-23,111.36,111.51,110.33,111.23,27426394
983,2016-11-25,111.47,111.87,110.95,111.79,11475922
984,2016-11-28,111.43,112.46,111.39,111.57,27193983
985,2016-11-29,110.78,112.03,110.07,111.46,28528750
986,2016-11-30,111.6,112.2,110.27,110.52,36162258
987,2016-12-01,110.36,110.94,109.03,109.49,37086862
988,2016-12-02,109.17,110.09,108.85,109.9,26527997
989,2016-12-05,110.0,110.03,108.25,109.11,34324540
990,2016-12-06,109.5,110.36,109.19,109.95,26195462
991,2016-12-07,109.26,111.19,109.16,111.03,29998719
992,2016-12-08,110.86,112.43,110.6,112.12,27068316
993,2016-12-09,112.31,114.7,112.31,113.95,34402627
994,2016-12-12,113.29,115.0,112.49,113.3,26374377
995,2016-12-13,113.84,115.92,113.75,115.19,43733811
996,2016-12-14,115.04,116.2,114.98,115.19,34031834
997,2016-12-15,115.38,116.73,115.23,115.82,46524544
998,2016-12-16,116.47,116.5,115.64,115.97,44351134
999,2016-12-19,115.8,117.38,115.75,116.64,27779423
1000,2016-12-20,116.74,117.5,116.68,116.95,21424965
1001,2016-12-21,116.8,117.4,116.78,117.06,23783165
1002,2016-12-22,116.35,116.51,115.64,116.29,26085854
1003,2016-12-23,115.59,116.52,115.59,116.52,14249484
1004,2016-12-27,116.52,117.8,116.49,117.26,18296855
1005,2016-12-28,117.52,118.02,116.2,116.76,20905892
1006,2016-12-29,116.45,117.11,116.4,116.73,15039519
1007,2016-12-30,116.65,117.2,115.43,115.82,30586265
1008,2017-01-03,115.8,116.33,114.76,116.15,28781865
1009,2017-01-04,115.85,116.51,115.75,116.02,21118116
1010,2017-01-05,115.92,116.86,115.81,116.61,22193587
1011,2017-01-06,116.78,118.16,116.47,117.91,31751900
1012,2017-01-09,117.95,119.43,117.94,118.99,33561948
1013,2017-01-10,118.77,119.38,118.3,119.11,24462051
1014,2017-01-11,118.74,119.93,118.6,119.75,27588593
1015,2017-01-12,118.9,119.3,118.21,119.25,27086220
1016,2017-01-13,119.11,119.62,118.81,119.04,26111948
1017,2017-01-17,118.34,120.24,118.22,120.0,34439843
1018,2017-01-18,120.0,120.5,119.71,119.99,23712961
1019,2017-01-19,119.4,120.09,119.37,119.78,25597291
1020,2017-01-20,120.45,120.45,119.73,120.0,32597892
1021,2017-01-23,120.0,120.81,119.77,120.08,22050218
1022,2017-01-24,119.55,120.1,119.5,119.97,23211038
1023,2017-01-25,120.42,122.1,120.28,121.88,32586673
1024,2017-01-26,121.67,122.44,121.6,121.94,26337576
1025,2017-01-27,122.14,122.35,121.6,121.95,20562944
1026,2017-01-30,120.93,121.63,120.66,121.63,30377503
1027,2017-01-31,121.15,121.39,120.62,121.35,49200993
1028,2017-02-01,127.03,130.49,127.01,128.75,111985040
1029,2017-02-02,127.98,129.39,127.78,128.53,33710411
1030,2017-02-03,128.31,129.19,128.16,129.08,24507301
1031,2017-02-06,129.13,130.5,128.9,130.29,26845924
1032,2017-02-07,130.54,132.09,130.45,131.53,38183841
1033,2017-02-08,131.35,132.22,131.22,132.04,23004072
1034,2017-02-09,131.65,132.44,131.12,132.42,28349859
1035,2017-02-10,132.46,132.94,132.05,132.12,20065458
1036,2017-02-13,133.08,133.82,132.75,133.29,23035421
1037,2017-02-14,133.47,135.09,133.25,135.02,33226223
1038,2017-02-15,135.52,136.27,134.62,135.51,35623100
1039,2017-02-16,135.67,135.9,134.84,135.34,22584555
1040,2017-02-17,135.1,135.83,135.1,135.72,22198197
1041,2017-02-21,136.23,136.75,135.98,136.7,24507156
1042,2017-02-22,136.43,137.12,136.11,137.11,20836932
1043,2017-02-23,137.38,137.48,136.3,136.53,20788186
1044,2017-02-24,135.91,136.66,135.28,136.66,21776585
1045,2017-02-27,137.14,137.44,136.28,136.93,20257426
1046,2017-02-28,137.08,137.44,136.7,136.99,23482860
1047,2017-03-01,137.89,140.15,137.6,139.79,36414585
1048,2017-03-02,140.0,140.28,138.76,138.96,26210984
1049,2017-03-03,138.78,139.83,138.59,139.78,21571121
1050,2017-03-06,139.36,139.77,138.6,139.34,21750044
1051,2017-03-07,139.06,139.98,138.79,139.52,17446297
1052,2017-03-08,138.95,139.8,138.82,139.0,18707236
1053,2017-03-09,138.74,138.79,137.05,138.68,22155904
1054,2017-03-10,139.25,139.36,138.64,139.14,19612801
1055,2017-03-13,138.85,139.43,138.82,139.2,17421717
1056,2017-03-14,139.3,139.65,138.84,138.99,15309065
1057,2017-03-15,139.41,140.75,139.02,140.46,25691774
1058,2017-03-16,140.72,141.02,140.26,140.69,19231998
1059,2017-03-17,141.0,141.0,139.89,139.99,43884952
1060,2017-03-20,140.4,141.5,140.23,141.46,21542038
1061,2017-03-21,142.11,142.8,139.73,139.84,39529912
1062,2017-03-22,139.84,141.6,139.76,141.42,25860165
1063,2017-03-23,141.26,141.58,140.61,140.92,20346301
1064,2017-03-24,141.5,141.74,140.35,140.64,22395563
1065,2017-03-27,139.39,141.22,138.62,140.88,23575094
1066,2017-03-28,140.91,144.04,140.62,143.8,33374805
1067,2017-03-29,143.68,144.49,143.19,144.12,29189955
1068,2017-03-30,144.19,144.5,143.5,143.93,21207252
1069,2017-03-31,143.72,144.27,143.01,143.66,19661651
1070,2017-04-03,143.71,144.12,143.05,143.7,19985714
1071,2017-04-04,143.25,144.89,143.17,144.77,19891354
1072,2017-04-05,144.22,145.46,143.81,144.02,27717854
1073,2017-04-06,144.29,144.52,143.45,143.66,21149034
1074,2017-04-07,143.73,144.18,143.27,143.34,16672198
1075,2017-04-10,143.6,143.88,142.9,143.17,18933397
1076,2017-04-11,142.94,143.35,140.06,141.63,30379376
1077,2017-04-12,141.6,142.15,141.01,141.8,20350000
1078,2017-04-13,141.91,142.38,141.05,141.05,17822880
1079,2017-04-17,141.48,141.88,140.87,141.83,16582094
1080,2017-04-18,141.41,142.04,141.11,141.2,14697544
1081,2017-04-19,141.88,142.0,140.45,140.68,17328375
1082,2017-04-20,141.22,142.92,141.16,142.44,23319562
1083,2017-04-21,142.44,142.68,141.85,142.27,17320928
1084,2017-04-24,143.5,143.95,143.18,143.64,17134333
1085,2017-04-25,143.91,144.9,143.87,144.53,18871501
1086,2017-04-26,144.47,144.6,143.38,143.68,20041241
1087,2017-04-27,143.92,144.16,143.31,143.79,14246347
1088,2017-04-28,144.09,144.3,143.27,143.65,20860358
1089,2017-05-01,145.1,147.2,144.96,146.58,33602943
1090,2017-05-02,147.54,148.09,146.84,147.51,45352194
1091,2017-05-03,145.59,147.49,144.27,147.06,45697034
1092,2017-05-04,146.52,147.14,145.81,146.53,23371872
1093,2017-05-05,146.76,148.98,146.76,148.96,27327725
1094,2017-05-08,149.03,153.7,149.03,153.01,48752413
1095,2017-05-09,153.87,154.88,153.45,153.99,39130363
1096,2017-05-10,153.63,153.94,152.11,153.26,25805692
1097,2017-05-11,152.45,154.07,152.31,153.95,27255058
1098,2017-05-12,154.7,156.42,154.67,156.1,32527017
1099,2017-05-15,156.01,156.65,155.05,155.7,26009719
1100,2017-05-16,155.94,156.06,154.72,155.47,20048478
1101,2017-05-17,153.6,154.57,149.71,150.25,50767678
1102,2017-05-18,151.27,153.34,151.13,152.54,33568215
1103,2017-05-19,153.38,153.98,152.63,153.06,26960788
1104,2017-05-22,154.0,154.58,152.91,153.99,22966437
1105,2017-05-23,154.9,154.9,153.31,153.8,19918871
1106,2017-05-24,153.84,154.17,152.67,153.34,19219154
1107,2017-05-25,153.73,154.35,153.03,153.87,19235598
1108,2017-05-26,154.0,154.24,153.31,153.61,21927637
1109,2017-05-30,153.42,154.43,153.33,153.67,20126851
1110,2017-05-31,153.97,154.17,152.38,152.76,24451164
1111,2017-06-01,153.17,153.33,152.22,153.18,16404088
1112,2017-06-02,153.58,155.45,152.89,155.45,27770715
1113,2017-06-05,154.34,154.45,153.46,153.93,25331662
1114,2017-06-06,153.9,155.81,153.78,154.45,26624926
1115,2017-06-07,155.02,155.98,154.48,155.37,21069647
1116,2017-06-08,155.25,155.54,154.4,154.99,21250798
1117,2017-06-09,155.19,155.19,146.02,148.98,64882657
1118,2017-06-12,145.74,146.09,142.51,145.42,72307330
1119,2017-06-13,147.16,147.45,145.15,146.59,34165445
1120,2017-06-14,147.5,147.5,143.84,145.16,31531232
1121,2017-06-15,143.32,144.48,142.21,144.29,32165373
1122,2017-06-16,143.78,144.5,142.2,142.27,50361093
1123,2017-06-19,143.66,146.74,143.66,146.34,32541404
1124,2017-06-20,146.87,146.87,144.94,145.01,24900073
1125,2017-06-21,145.52,146.07,144.61,145.87,21265751
1126,2017-06-22,145.77,146.7,145.12,145.63,19106294
1127,2017-06-23,145.13,147.16,145.11,146.28,35439389
1128,2017-06-26,147.17,148.28,145.38,145.82,25692361
1129,2017-06-27,145.01,146.16,143.62,143.73,24761891
1130,2017-06-28,144.49,146.11,143.16,145.83,22082432
1131,2017-06-29,144.71,145.13,142.28,143.68,31499368
1132,2017-06-30,144.45,144.96,143.78,144.02,23024107
1133,2017-07-03,144.88,145.3,143.1,143.5,14277848
1134,2017-07-05,143.69,144.79,142.72,144.09,21569557
1135,2017-07-06,143.02,143.5,142.41,142.73,24128782
1136,2017-07-07,142.9,144.75,142.9,144.18,19201712
1137,2017-07-10,144.11,145.95,143.37,145.06,21090636
1138,2017-07-11,144.73,145.85,144.38,145.53,19781836
1139,2017-07-12,145.87,146.18,144.82,145.74,24884478
1140,2017-07-13,145.5,148.49,145.44,147.77,25199373
1141,2017-07-14,147.97,149.33,147.33,149.04,20132061
1142,2017-07-17,148.82,150.9,148.57,149.56,23793456
1143,2017-07-18,149.2,150.13,148.67,150.08,17868792
1144,2017-07-19,150.48,151.42,149.95,151.02,20922969
1145,2017-07-20,151.5,151.74,150.19,150.34,17243748
1146,2017-07-21,149.99,150.44,148.88,150.27,26252630
1147,2017-07-24,150.58,152.44,149.9,152.09,21493160
1148,2017-07-25,151.8,153.84,151.8,152.74,18853932
1149,2017-07-26,153.35,153.93,153.06,153.46,15780951
1150,2017-07-27,153.75,153.99,147.3,150.56,32476337
1151,2017-07-28,149.89,150.23,149.19,149.5,17213653
1152,2017-07-31,149.9,150.33,148.13,148.73,19845920
1153,2017-08-01,149.1,150.22,148.41,150.05,35368645
1154,2017-08-02,159.28,159.75,156.16,157.14,69936800
1155,2017-08-03,157.05,157.21,155.02,155.57,27097296
1156,2017-08-04,156.07,157.4,155.69,156.39,20559852
1157,2017-08-07,157.06,158.92,156.67,158.81,21870321
1158,2017-08-08,158.6,161.83,158.27,160.08,36205896
1159,2017-08-09,159.26,161.27,159.11,161.06,26131530
1160,2017-08-10,159.9,160.0,154.63,155.32,40804273
1161,2017-08-11,156.6,158.57,156.07,157.48,26257096
1162,2017-08-14,159.32,160.21,158.75,159.85,22122734
1163,2017-08-15,160.66,162.2,160.14,161.6,29465487
1164,2017-08-16,161.94,162.51,160.15,160.95,27671612
1165,2017-08-17,160.52,160.71,157.84,157.86,27940565
1166,2017-08-18,157.86,159.5,156.72,157.5,27428069
1167,2017-08-21,157.5,157.89,155.11,157.21,26368528
1168,2017-08-22,158.23,160.0,158.02,159.78,21604585
1169,2017-08-23,159.07,160.47,158.88,159.98,19399081
1170,2017-08-24,160.43,160.74,158.55,159.27,19818918
1171,2017-08-25,159.65,160.56,159.27,159.86,25480063
1172,2017-08-28,160.14,162.0,159.93,161.47,25965972
1173,2017-08-29,160.1,163.12,160.0,162.91,29516910
1174,2017-08-30,163.8,163.89,162.61,163.35,27269584
1175,2017-08-31,163.64,164.52,163.48,164.0,26785096
1176,2017-09-01,164.8,164.94,163.63,164.05,16591051
1177,2017-09-05,163.75,164.25,160.56,162.08,29536314
1178,2017-09-06,162.71,162.99,160.52,161.91,21651726
1179,2017-09-07,162.09,162.24,160.36,161.26,21928502
1180,2017-09-08,160.86,161.15,158.53,158.63,28611535
1181,2017-09-11,160.5,162.05,159.89,161.5,31580798
1182,2017-09-12,162.61,163.96,158.77,160.86,71714046
1183,2017-09-13,159.87,159.96,157.91,159.65,44907361
1184,2017-09-14,158.99,159.4,158.09,158.28,23760749
1185,2017-09-15,158.47,160.97,158.0,159.88,49114602
1186,2017-09-18,160.11,160.5,158.0,158.67,28269435
1187,2017-09-19,159.51,159.77,158.44,158.73,20810632
1188,2017-09-20,157.9,158.26,153.83,156.07,52951364
1189,2017-09-21,155.8,155.8,152.75,153.39,37511661
1190,2017-09-22,151.54,152.27,150.56,151.89,46645443
1191,2017-09-25,149.99,151.83,149.16,150.55,44387336
1192,2017-09-26,151.78,153.92,151.69,153.14,36660045
1193,2017-09-27,153.8,154.72,153.54,154.23,25182779
1194,2017-09-28,153.89,154.28,152.7,153.28,22005455
1195,2017-09-29,153.21,154.13,152.0,154.12,26299810
1196,2017-10-02,154.26,154.45,152.72,153.81,18698842
1197,2017-10-03,154.01,155.09,153.91,154.48,16230293
1198,2017-10-04,153.63,153.86,152.46,153.48,20163750
1199,2017-10-05,154.18,155.44,154.05,155.39,21283769
1200,2017-10-06,154.97,155.49,154.56,155.3,17407558
1201,2017-10-09,155.81,156.73,155.48,155.84,16262923
1202,2017-10-10,156.06,158.0,155.1,155.9,15617014
1203,2017-10-11,155.97,156.98,155.75,156.55,16905640
1204,2017-10-12,156.35,157.37,155.73,156.0,16125054
1205,2017-10-13,156.73,157.28,156.41,156.99,16394188
1206,2017-10-16,157.9,160.0,157.65,159.88,24121452
1207,2017-10-17,159.78,160.87,159.23,160.47,18997275
1208,2017-10-18,160.42,160.71,159.6,159.76,16374164
1209,2017-10-19,156.75,157.08,155.02,155.98,42584166
1210,2017-10-20,156.61,157.75,155.96,156.25,23974146
1211,2017-10-23,156.89,157.69,155.5,156.17,21984327
1212,2017-10-24,156.29,157.42,156.2,157.1,17757230
1213,2017-10-25,156.91,157.55,155.27,156.41,21207098
1214,2017-10-26,157.23,157.83,156.78,157.41,17000469
1215,2017-10-27,159.29,163.6,158.7,163.05,44454160
1216,2017-10-30,163.89,168.07,163.72,166.72,44700772
1217,2017-10-31,167.9,169.65,166.94,169.04,36046828
1218,2017-11-01,169.87,169.94,165.61,166.89,33637762
1219,2017-11-02,166.6,168.5,165.28,168.11,41393373
1220,2017-11-03,174.0,174.26,171.12,172.5,59398631
1221,2017-11-06,172.36,174.99,171.72,174.25,35026306
1222,2017-11-07,173.91,175.25,173.6,174.81,24361485
1223,2017-11-08,174.66,176.24,174.33,176.24,24409527
1224,2017-11-09,175.11,176.1,173.14,175.88,29482596
1225,2017-11-10,175.11,175.38,174.27,174.67,25145500
1226,2017-11-13,173.5,174.5,173.4,173.97,16982080
1227,2017-11-14,173.04,173.48,171.18,171.34,24782487
1228,2017-11-15,169.97,170.32,168.38,169.08,29158070
1229,2017-11-16,171.18,171.87,170.3,171.1,23637484
1230,2017-11-17,171.04,171.39,169.64,170.15,21899544
1231,2017-11-20,170.29,170.56,169.56,169.98,16262447
1232,2017-11-21,170.78,173.7,170.78,173.14,25131295
1233,2017-11-22,173.36,175.0,173.05,174.96,25588925
1234,2017-11-24,175.1,175.5,174.65,174.97,14026673
1235,2017-11-27,175.05,175.08,173.34,174.09,20716802
1236,2017-11-28,174.3,174.87,171.86,173.07,26428802
1237,2017-11-29,172.63,172.92,167.16,169.48,41666364
1238,2017-11-30,170.43,172.14,168.44,171.85,41527218
1239,2017-12-01,169.95,171.67,168.5,171.05,39759288
1240,2017-12-04,172.48,172.62,169.63,169.8,32542385
1241,2017-12-05,169.06,171.52,168.4,169.64,27350154
1242,2017-12-06,167.5,170.2,166.46,169.01,28560000
1243,2017-12-07,169.03,170.44,168.91,169.32,25673308
1244,2017-12-08,170.49,171.0,168.82,169.37,23355231
1245,2017-12-11,169.2,172.89,168.79,172.67,35273759
1246,2017-12-12,172.15,172.39,171.46,171.7,19409230
1247,2017-12-13,172.5,173.54,172.0,172.27,23818447
1248,2017-12-14,172.4,173.13,171.65,172.22,20476541
1249,2017-12-15,173.63,174.17,172.46,173.97,40169307
1250,2017-12-18,174.88,177.2,174.86,176.42,29421114
1251,2017-12-19,174.99,175.39,174.09,174.54,27436447
1252,2017-12-20,174.87,175.42,173.25,174.35,23475649
1253,2017-12-21,174.17,176.02,174.1,175.01,20949896
1254,2017-12-22,174.68,175.42,174.5,175.01,16349444
1255,2017-12-26,170.8,171.47,169.68,170.57,33185536
1256,2017-12-27,170.1,170.78,169.71,170.6,21498213
1257,2017-12-28,171.0,171.85,170.48,171.08,16480187
1258,2017-12-29,170.52,170.59,169.22,169.23,25999922
