,FECHA,VOLUMEN,MAXIMO,MINIMO,CIERRE,APERTURA,IMPORTE,ProMovLong
0,1993-12-17,112278.4952082,0.9985,0.9985,0.9985,,,0.0
1,1993-12-20,165981.29946628198,0.9985,0.9985,0.9985,,,0.0
2,1994-01-14,67367.09712492,1.0511,1.0511,1.0511,,,0.0
3,1994-01-17,89822.79616656,1.0642,1.0642,1.0642,,,0.0
4,1994-02-07,44911.39808328,1.1194,1.1194,1.1194,,,0.0
5,1994-06-03,68047.5728534545,1.2943,1.2344,1.2943,,,0.0
6,1994-06-14,13609.5145706909,1.4278,1.4278,1.4278,,,0.0
7,1994-07-07,13609.5145706909,1.5752,1.5752,1.5752,,,0.0
8,1994-07-28,13609.5145706909,1.7364,1.7364,1.7364,,,0.0
9,1995-01-10,27219.0291413818,1.7997,1.7997,1.7997,,,0.0
10,1995-02-17,370795.307332845,1.9845,1.9845,1.9845,,,0.0
11,1995-04-06,714937.7413304491,2.0818,2.0818,2.0818,,,0.0
12,1995-04-28,13609.5145706909,2.2909,2.2909,2.2909,,,0.0
13,1995-05-02,136095.145706909,2.3834,2.3834,2.3834,,,0.0
14,1995-05-08,6804.7572853455,2.6266,2.6266,2.6266,,,0.0
15,1995-05-26,6237.6941782333,2.8972,2.8972,2.8972,,,0.0
16,1995-06-13,6237.6941782333,3.1837,3.1837,3.1837,,,0.0
17,1995-06-26,6237.6941782333,3.3429,3.3429,3.3429,,,0.0
18,1995-06-27,12475.3883564667,3.5127,3.5127,3.5127,,,0.0
19,1995-07-03,6237.6941782333,3.8735,3.8735,3.8735,,,0.0
20,1995-07-04,6237.6941782333,4.0645,4.0645,4.0645,,,0.0
21,1995-07-05,56139.2476041,4.1388,4.1388,4.1388,,,0.0
22,1995-07-26,95436.72092697,4.5633,4.5633,4.5633,,,0.0
23,1995-07-27,5613.92476041,4.7166,4.7166,4.7166,,,0.0
24,1995-08-02,5613.92476041,5.1882,5.1882,5.1882,,,0.0
25,1995-08-18,5613.92476041,5.4492,5.4492,5.4492,,44900.0,0.0
26,1995-08-25,5613.92476041,5.704,5.704,5.704,,47000.0,0.0
27,1995-10-17,1122.784952082,5.6919,5.6919,5.6919,,9380.0,0.0
28,1995-10-18,129120.26948943,5.7647,5.4006,5.4006,,1068700.0,0.0
29,1995-10-19,16841.77428123,5.34,5.2793,5.2793,,131500.0,0.0
30,1995-10-23,16841.77428123,5.1579,5.1579,5.1579,,127500.0,0.0
31,1995-10-24,28069.62380205,5.0972,5.0972,5.0972,,210000.0,0.0
32,1995-10-25,1122.784952082,4.8424,4.8424,4.8424,,7980.0,0.0
33,1995-10-27,2245.569904164,5.0851,4.5996,5.0851,,15960.0,0.0
34,1995-11-06,12350.634472902,5.34,4.8788,5.34,,89200.0,0.0
35,1995-11-08,11227.84952082,5.0851,5.0851,5.0851,,83800.0,0.0
36,1995-11-13,6736.709712491999,4.8424,4.8424,4.8424,,47880.0,0.0
37,1996-03-01,767811.998341467,4.8424,4.8424,4.8424,,5457091.08,0.0
38,1997-07-11,1122.784952082,4.8055,4.8055,4.8055,,7820.0,0.0
39,1997-10-01,11227.84952082,4.1787,4.1787,4.1787,,68000.0,0.0
40,1997-10-02,4491.139808328,4.1787,4.1787,4.1787,,27200.0,0.0
41,1997-10-03,1122.784952082,4.3876,4.3876,4.3876,,7140.0,0.0
42,1998-02-20,1122.784952082,4.3876,4.3876,4.3876,,7140.0,0.0
43,1998-02-26,21332.914089558002,4.3876,4.3876,4.3876,,135660.0,0.0
44,1998-12-04,1122.784952082,4.0312,4.0312,4.0312,4.0312,6560.0,0.0
45,1998-12-07,104419.000543626,4.0312,4.0189,4.0312,4.0189,609140.0,0.0
46,1998-12-31,1122.784952082,3.81,3.81,3.81,3.81,6200.0,0.0
47,1999-02-19,2245.569904164,3.81,3.81,3.81,3.81,12400.0,0.0
48,1999-02-22,22455.69904164,3.6871,3.6871,3.6871,3.6871,120000.0,0.0
49,1999-02-24,31437.978658296,3.5642,3.5642,3.5642,3.5642,162400.0,3.6198119999999996
50,1999-03-25,11227.84952082,3.5642,3.5642,3.5642,3.5642,58000.0,3.6711259999999992
51,1999-03-26,11227.84952082,3.4413,3.4413,3.4413,3.4413,56000.0,3.719982
52,1999-03-31,3368.3548562459996,3.4413,3.4413,3.4413,3.4413,16800.0,3.7677859999999996
53,1999-04-06,2245.569904164,3.3184,3.3184,3.3184,3.3184,10800.0,3.8128699999999998
54,1999-04-16,93191.15102280599,3.3184,3.3184,3.3184,3.3184,448200.0,3.85685
55,1999-04-30,11227.84952082,3.3184,3.3184,3.3184,3.3184,46500.0,3.8973319999999996
56,1999-06-02,22455.69904164,6.9936,6.9936,6.9936,6.9936,196000.0,4.008647999999999
57,1999-06-04,4472052.46414261,3.3184,3.3184,3.3184,3.3184,18520950.0,4.043512
58,1999-06-14,93191.15102280599,3.3184,3.3184,3.3184,3.3184,385950.0,4.075151999999999
59,1999-08-25,1122.784952082,4.2818,4.2818,4.2818,4.2818,6000.0,4.124794
60,1999-08-26,1122.784952082,4.6386,4.6386,4.6386,4.6386,6500.0,4.1778759999999995
61,1999-08-27,1122.784952082,4.9954,4.9954,4.9954,4.9954,7000.0,4.236147999999999
62,1999-08-30,134734.19424984,4.9954,4.9954,4.9954,4.9954,840000.0,4.2902379999999996
63,1999-11-09,11227.84952082,6.1087,6.1087,6.1087,6.1087,85600.0,4.364743999999999
64,1999-11-18,11227.84952082,6.1087,6.1087,6.1087,6.1087,85600.0,4.434386
65,1999-11-22,22455.69904164,6.1087,6.1087,6.1087,6.1087,171200.0,4.498616
66,1999-11-30,700617.810099168,7.1791,7.1791,7.1791,7.1791,6277440.0,4.578524
67,1999-12-02,7859.494664574,7.1791,7.1791,7.1791,7.1791,70420.0,4.655247999999999
68,1999-12-03,11227.84952082,7.1791,7.1791,7.1791,7.1791,100600.0,4.728576
69,1999-12-06,1122.784952082,7.1363,7.1363,7.1363,7.1363,10000.0,4.793832
70,1999-12-07,1122.784952082,7.1363,7.1363,7.1363,7.1363,10000.0,4.855268
71,1999-12-08,1122.784952082,7.1363,7.1363,7.1363,7.1363,10000.0,4.915218
72,1999-12-09,2245.569904164,7.1363,7.122000000000001,7.122000000000001,7.1363,19980.0,4.966392000000001
73,1999-12-10,2245.569904164,7.122000000000001,7.122000000000001,7.122000000000001,7.122000000000001,19960.0,5.014500000000001
74,1999-12-13,2245.569904164,7.122000000000001,7.122000000000001,7.122000000000001,7.122000000000001,19960.0,5.053176000000001
75,1999-12-14,1122.784952082,7.122000000000001,7.122000000000001,7.122000000000001,7.122000000000001,9980.0,5.086632000000002
76,1999-12-15,1122.784952082,7.122000000000001,7.122000000000001,7.122000000000001,7.122000000000001,9980.0,5.114992000000002
77,1999-12-16,1122.784952082,7.122000000000001,7.122000000000001,7.122000000000001,7.122000000000001,9980.0,5.143594000000002
78,1999-12-17,1122.784952082,7.122000000000001,7.122000000000001,7.122000000000001,7.122000000000001,9980.0,5.178022000000002
79,1999-12-21,112278.4952082,7.1363,7.1363,7.1363,7.1363,1000000.0,5.215162000000001
80,1999-12-22,1122.784952082,7.1363,7.1363,7.1363,7.1363,10000.0,5.254730000000002
81,1999-12-23,203224.07632684198,7.1363,7.1363,7.1363,7.1363,1810000.0,5.295512000000002
82,2000-01-27,1122.784952082,7.1791,7.1791,7.1791,7.1791,10060.0,5.342246000000002
83,2000-01-28,1122.784952082,7.1791,7.1791,7.1791,7.1791,10060.0,5.384126000000002
84,2000-02-17,74103.806837412,7.1791,7.1791,7.1791,7.1791,663960.0,5.4209080000000025
85,2000-02-22,5613.92476041,7.1791,7.1791,7.1791,7.1791,50300.0,5.462788000000002
86,2000-02-24,12350.634472902,7.1791,7.1791,7.1791,7.1791,110660.0,5.509522000000003
87,2000-03-02,17964.559233312,7.1791,7.1791,7.1791,7.1791,160960.0,5.556256000000003
88,2000-03-03,1122.784952082,7.1791,7.1791,7.1791,7.1791,10060.0,5.603728000000003
89,2000-03-07,22455.69904164,7.1791,7.1791,7.1791,7.1791,201200.0,5.663736000000004
90,2000-03-10,1122.784952082,7.8499,7.8499,7.8499,7.8499,11000.0,5.737160000000004
91,2000-03-15,1122.784952082,6.7081,6.7081,6.7081,6.7081,9400.0,5.783570000000003
92,2000-03-20,6736.709712491999,6.7081,6.7081,6.7081,6.7081,56400.0,5.829980000000003
93,2000-03-22,39297.47332287,6.7081,6.7081,6.7081,6.7081,329000.0,5.876390000000003
94,2000-03-28,1122.784952082,7.1791,7.1791,7.1791,7.1791,10060.0,5.939348000000003
95,2000-04-13,1122.784952082,7.1791,7.1791,7.1791,7.1791,10060.0,6.0023060000000035
96,2000-04-14,1122.784952082,7.1791,7.1791,7.1791,7.1791,10060.0,6.069688000000005
97,2000-04-26,1122.784952082,7.1791,7.1791,7.1791,7.1791,10060.0,6.137070000000005
98,2000-05-02,56139.2476041,7.1363,7.1363,7.1363,7.1363,500000.0,6.2060540000000035
99,2000-05-22,1122.784952082,6.0658,6.0658,6.0658,6.0658,8500.0,6.256086000000003
100,2000-06-07,1122.784952082,7.5074,7.5074,7.5074,7.5074,10520.0,6.3349500000000045
101,2000-06-08,44911.39808328,7.5074,7.1791,7.1791,7.5074,407260.0,6.409706000000004
102,2000-06-13,112278.4952082,7.5074,7.5074,7.5074,7.5074,1052000.0,6.4910280000000045
103,2000-06-15,2245.569904164,8.9204,8.5635,8.9204,8.5635,24500.0,6.603068000000005
104,2000-06-16,1122.784952082,10.2477,10.2477,10.2477,10.2477,14360.0,6.741654000000003
105,2000-06-20,2245.569904164,11.4181,11.0612,11.4181,11.0612,31500.0,6.903648000000003
106,2000-06-21,1122.784952082,12.1317,12.1317,12.1317,12.1317,17000.0,7.006410000000003
107,2000-07-07,2245.569904164,12.1317,12.1317,12.1317,12.1317,34000.0,7.182676000000003
108,2000-07-11,7859.494664574,12.1317,12.1317,12.1317,12.1317,119000.0,7.358942000000004
109,2000-07-12,179645.59233312,12.2744,12.1317,12.2744,12.1317,2722000.0,7.518794000000005
110,2000-07-18,3368.3548562459996,14.1156,14.0585,14.1156,14.0585,59260.0,7.708334000000004
111,2000-07-19,7859.494664574,16.1994,15.343,15.6998,16.1994,156800.0,7.922422000000004
112,2000-07-20,1122.784952082,14.2726,14.2726,14.2726,14.2726,20000.0,8.107966000000003
113,2000-07-21,1122.784952082,14.2726,14.2726,14.2726,14.2726,20000.0,8.271244000000003
114,2000-07-25,33683.54856246,14.2726,14.2726,14.2726,14.2726,600000.0,8.434522000000001
115,2000-07-26,13473.419424983998,14.9862,14.2726,14.2726,14.2726,241000.0,8.597800000000001
116,2000-08-01,1122.784952082,14.2726,14.2726,14.2726,14.2726,20000.0,8.739670000000004
117,2000-08-04,25824.053897886002,14.2726,14.0585,14.0727,14.2726,454000.0,8.877542000000004
118,2000-08-07,101050.64568738,13.9158,13.5589,13.5589,13.5589,1712500.0,9.005138000000002
119,2000-08-08,1122.784952082,13.7017,13.7017,13.7017,13.7017,19200.0,9.136446000000003
120,2000-08-09,25824.053897886002,13.9158,13.7017,13.7017,13.773,444020.0,9.267754000000004
121,2000-08-10,7859.494664574,13.7017,13.7017,13.7017,13.7017,134400.0,9.399062000000004
122,2000-08-11,12350.634472902,13.7017,13.7017,13.7017,13.7017,211200.0,9.530656000000004
123,2000-08-14,1122.784952082,13.7017,13.7017,13.7017,13.7017,19200.0,9.662250000000004
124,2000-08-15,2245.569904164,13.9158,13.9158,13.9158,13.9158,39000.0,9.798126000000003
125,2000-08-16,2245.569904164,14.0585,14.0585,14.0585,14.0585,39400.0,9.936856000000002
126,2000-08-17,2245.569904164,14.0585,13.9871,14.0585,13.9871,39300.0,10.075586000000003
127,2000-08-18,2245.569904164,14.0585,14.0585,14.0585,14.0585,39400.0,10.214316000000002
128,2000-08-21,3368.3548562459996,14.0585,13.9158,14.0585,13.9158,58700.0,10.353046
129,2000-08-22,6736.709712491999,13.9158,13.5589,13.5589,13.9158,114500.0,10.481498000000002
130,2000-08-28,56139.2476041,13.9158,13.9158,13.9158,13.9158,975000.0,10.617088
131,2000-08-30,15718.989329148,13.9158,13.8444,13.9158,13.8444,272800.0,10.752678000000001
132,2000-08-31,5613.92476041,13.773,13.773,13.773,13.773,96500.0,10.884556000000002
133,2000-09-01,13473.419424983998,13.5589,13.5589,13.5589,13.5589,228000.0,11.012152000000004
134,2000-09-06,14596.204377066,13.5589,13.5589,13.5589,13.5589,247000.0,11.139748000000003
135,2000-09-07,7859.494664574,13.5589,13.5589,13.5589,13.5589,133000.0,11.267344000000001
136,2000-09-08,4491.139808328,13.5589,13.5589,13.5589,13.5589,76000.0,11.394940000000002
137,2000-09-12,44911.39808328,13.5732,13.5589,13.5589,13.5732,760320.0,11.522536
138,2000-09-13,1122.784952082,13.5589,13.5589,13.5589,13.5589,19000.0,11.650132000000001
139,2000-09-14,2245.569904164,13.773,13.5589,13.5589,13.773,38300.0,11.777728
140,2000-09-15,83086.086454068,13.7017,13.7017,13.7017,13.7017,1420800.0,11.894764
141,2000-09-18,15718.989329148,13.5589,13.5589,13.5589,13.5589,266000.0,12.03178
142,2000-09-19,19087.344185394,13.5732,13.5732,13.5732,13.5732,323340.0,12.169082000000001
143,2000-09-20,98805.075783216,13.7017,13.5589,13.5589,13.7017,1688600.0,12.306097999999999
144,2000-09-22,1122.784952082,13.5589,13.5589,13.5589,13.5589,19000.0,12.433694000000001
145,2000-09-25,51648.107795772004,13.7017,13.7017,13.7017,13.7017,883200.0,12.564146
146,2000-09-28,39297.47332287,13.7017,13.7017,13.7017,13.7017,672000.0,12.694598
147,2000-09-29,12350.634472902,13.7017,13.7017,13.7017,13.7017,211200.0,12.825049999999997
148,2000-10-02,8982.279616656,13.7017,13.7017,13.7017,13.7017,153600.0,12.956357999999996
149,2000-10-04,44911.39808328,13.5589,13.2735,13.2735,13.5589,749500.0,13.100511999999997
150,2000-10-05,11227.84952082,13.2021,13.2021,13.2021,13.2021,185000.0,13.214405999999995
151,2000-10-06,11227.84952082,13.5589,13.4162,13.5589,13.4162,188400.0,13.342001999999995
152,2000-10-09,379501.31380371604,13.7017,13.5589,13.5589,13.7017,6427600.0,13.463031999999997
153,2000-10-10,1122.784952082,13.5589,13.5589,13.5589,13.5589,19000.0,13.555801999999995
154,2000-10-11,11227.84952082,13.5589,13.5589,13.5589,13.5589,190000.0,13.622025999999995
155,2000-10-12,19087.344185394,13.5589,13.5589,13.5589,13.5589,323000.0,13.664841999999991
156,2000-10-13,2245.569904164,13.5589,13.5589,13.5589,13.5589,38000.0,13.693385999999991
157,2000-10-16,11227.84952082,13.8444,13.7017,13.8444,13.7017,193000.0,13.727639999999992
158,2000-10-19,2245.569904164,13.7302,13.7302,13.7302,13.7302,38480.0,13.759609999999993
159,2000-10-20,33683.54856246,13.9158,13.9015,13.9158,13.9158,584980.0,13.792437999999994
160,2000-10-23,87577.226262396,13.9158,13.9158,13.9158,13.9158,1521000.0,13.788441999999996
161,2000-10-25,5613.92476041,14.2726,14.2726,14.2726,14.2726,100000.0,13.759897999999996
162,2000-10-27,11227.84952082,14.1013,14.1013,14.1013,14.1013,197600.0,13.756471999999999
163,2000-10-30,23578.483993722002,14.2726,14.1013,14.2726,14.2726,419760.0,13.756471999999999
164,2000-10-31,56139.2476041,14.2726,14.2583,14.2726,14.2583,999920.0,13.756471999999999
165,2000-11-03,78594.94664574,14.2726,14.2726,14.2726,14.2726,1400000.0,13.756472
166,2000-11-06,6736.709712491999,14.2726,14.2726,14.2726,14.2726,120000.0,13.756471999999999
167,2000-11-07,22455.69904164,14.3439,14.3439,14.3439,14.3439,402000.0,13.761896
168,2000-11-08,17964.559233312,14.4153,14.4153,14.4153,14.4153,323200.0,13.779024
169,2000-11-09,49402.537891608,14.4153,14.3439,14.3439,14.4153,886400.0,13.791867999999997
170,2000-11-10,33683.54856246,14.4153,14.3439,14.4153,14.3439,605000.0,13.806139999999997
171,2000-11-13,15718.989329148,14.4153,14.4153,14.4153,14.4153,282800.0,13.820412
172,2000-11-14,16841.77428123,14.558,14.558,14.558,14.558,306000.0,13.837538
173,2000-11-15,20210.129137476,14.558,14.4867,14.558,14.4867,367100.0,13.854663999999998
174,2000-11-16,22455.69904164,14.558,14.558,14.558,14.558,408000.0,13.867507999999997
175,2000-11-17,22455.69904164,14.558,14.558,14.558,14.558,408000.0,13.877497999999997
176,2000-11-22,129120.26948943,14.7007,14.558,14.7007,14.558,2357000.0,13.890341999999999
177,2000-11-23,2245.569904164,14.7007,14.7007,14.7007,14.7007,41200.0,13.903185999999996
178,2000-11-28,22455.69904164,14.6294,14.6294,14.6294,14.6294,410000.0,13.914603999999997
179,2000-11-30,63998.742268674,14.6294,14.6294,14.6294,14.6294,1168500.0,13.936013999999998
180,2000-12-04,69612.667029084,14.6294,14.6294,14.6294,14.6294,1271000.0,13.950285999999998
181,2000-12-05,23578.483993722002,14.6294,14.558,14.558,14.6294,429500.0,13.96313
182,2000-12-06,22455.69904164,14.4867,14.4153,14.4153,14.4867,405000.0,13.975976000000001
183,2000-12-07,136979.764154004,14.6294,14.6294,14.6294,14.6294,2501000.0,13.997386
184,2000-12-08,56139.2476041,14.6294,14.6294,14.6294,14.6294,1025000.0,14.018796000000002
185,2000-12-11,31437.978658296,14.6294,14.6294,14.6294,14.6294,574000.0,14.040206000000003
186,2000-12-14,153821.538435234,14.6294,14.6294,14.6294,14.6294,2808500.0,14.061616000000004
187,2000-12-15,67367.09712492,14.6294,14.6294,14.6294,14.6294,1230000.0,14.083026000000007
188,2000-12-18,4491.139808328,14.6294,14.2726,14.2726,14.6294,81500.0,14.097300000000004
189,2000-12-19,5613.92476041,14.2726,14.2726,14.2726,14.2726,100000.0,14.111574000000005
190,2000-12-20,1122.784952082,14.558,14.558,14.558,14.558,20400.0,14.128700000000006
191,2000-12-21,115646.850064446,14.6294,14.558,14.6294,14.558,2105300.0,14.150110000000007
192,2000-12-28,2245.569904164,14.6294,14.6294,14.6294,14.6294,41000.0,14.171234000000004
193,2001-01-02,1122.784952082,14.6294,14.6294,14.6294,14.6294,20500.0,14.192644000000005
194,2001-01-03,1122.784952082,14.6294,14.6294,14.6294,14.6294,20500.0,14.214054000000006
195,2001-01-05,2245.569904164,14.558,14.558,14.558,14.558,40800.0,14.231180000000004
196,2001-01-08,127997.484537348,14.6294,14.558,14.6294,14.558,2332000.0,14.249734000000005
197,2001-01-09,5613.92476041,14.6294,14.6294,14.6294,14.6294,102500.0,14.268288000000005
198,2001-01-10,57262.032556182,14.6294,14.6294,14.6294,14.6294,1045500.0,14.286842000000004
199,2001-01-11,5613.92476041,14.6294,14.6294,14.6294,14.6294,102500.0,14.313960000000002
200,2001-01-12,28069.62380205,14.6294,14.6294,14.6294,14.6294,512500.0,14.342506000000004
201,2001-01-16,3368.3548562459996,14.6294,14.558,14.6294,14.558,61300.0,14.363916000000003
202,2001-01-17,1122.784952082,14.6294,14.6294,14.6294,14.6294,20500.0,14.385326000000003
203,2001-01-18,1122.784952082,14.6294,14.6294,14.6294,14.6294,20500.0,14.406736000000002
204,2001-01-19,168417.74281229998,14.6294,14.558,14.6294,14.558,3074000.0,14.428146000000003
205,2001-01-22,4491.139808328,14.6294,14.4867,14.6294,14.4867,81400.0,14.449556000000005
206,2001-01-23,51311.27231014741,14.6294,14.6294,14.6294,14.6294,936850.0,14.470966000000002
207,2001-01-24,147421.664208367,14.6294,14.6294,14.6294,14.6294,2691650.0,14.486666000000003
208,2001-01-25,561.392476041,14.558,14.558,14.558,14.558,10200.0,14.503222000000001
209,2001-01-26,217.313216532,14.5672,14.5672,14.5672,14.5672,4080.0,14.51625
210,2001-01-29,108.656608266,14.5672,14.5672,14.5672,14.5672,2040.0,14.529278
211,2001-01-30,325.969824798,14.5672,14.2816,14.2816,14.5672,6040.0,14.529458
212,2001-01-31,192322.19663082,14.5672,14.2816,14.2816,14.5672,3546041.0,14.533064
213,2001-02-01,180369.96972156,14.2816,14.2816,14.2816,14.2816,3320000.0,14.533244
214,2001-02-06,21731.3216532,14.1388,14.1388,14.1388,14.1388,396000.0,14.530567999999995
215,2001-02-07,108.656608266,14.2816,14.2816,14.2816,14.2816,2000.0,14.530747999999996
216,2001-02-08,108.656608266,14.2816,14.2816,14.2816,14.2816,2000.0,14.530927999999996
217,2001-02-09,1195.222690926,14.2816,14.0674,14.0674,14.2816,21700.0,14.525397999999997
218,2001-02-12,108.656608266,14.2816,14.2816,14.2816,14.2816,2000.0,14.522723999999997
219,2001-02-13,3259.69824798,14.0674,14.0674,14.0674,14.0674,59100.0,14.517193999999996
220,2001-02-14,49656.069977562,14.1388,14.0674,14.1388,14.0674,904760.0,14.511663999999994
221,2001-02-15,108.656608266,14.2102,14.2102,14.2102,14.2102,1990.0,14.507561999999993
222,2001-02-16,108.656608266,14.1388,14.1388,14.1388,14.1388,1980.0,14.499177999999993
223,2001-02-21,108.656608266,14.2816,14.2816,14.2816,14.2816,2000.0,14.493649999999993
224,2001-02-23,54328.30413300001,14.1388,14.1388,14.1388,14.1388,990000.0,14.485265999999992
225,2001-02-26,54328.30413300001,14.1388,14.1388,14.1388,14.1388,990000.0,14.476881999999994
226,2001-02-27,58457.255247108,14.1388,14.0674,14.1388,14.1388,1065140.0,14.465643999999992
227,2001-02-28,54328.30413300001,14.1388,14.1388,14.1388,14.1388,990000.0,14.454405999999992
228,2001-03-02,54328.30413300001,14.1388,14.1388,14.1388,14.1388,990000.0,14.444593999999993
229,2001-03-05,32596.9824798,14.1388,14.1388,14.1388,14.1388,594000.0,14.434781999999991
230,2001-03-06,27272.808674766,14.1388,14.1388,14.1388,14.1388,496980.0,14.42496999999999
231,2001-03-08,10865.6608266,14.1388,14.1388,14.1388,14.1388,198000.0,14.41658599999999
232,2001-03-13,18471.62340522,13.9246,13.9246,13.9246,13.9246,331500.0,14.406771999999991
233,2001-03-14,32596.9824798,13.9246,13.7817,13.7817,13.9246,583250.0,14.389817999999991
234,2001-03-15,153205.81765506,14.1388,13.9246,14.1388,13.9246,2784000.0,14.380005999999991
235,2001-03-16,49330.100152764004,14.1388,14.1388,14.1388,14.1388,898920.0,14.370193999999993
236,2001-03-19,14777.298724176,14.1388,14.1388,14.1388,14.1388,269280.0,14.360381999999992
237,2001-03-22,10865.6608266,13.9246,13.9246,13.9246,13.9246,195000.0,14.346285999999996
238,2001-03-23,16298.4912399,13.7817,13.6389,13.7318,13.7817,288500.0,14.335469999999995
239,2001-03-26,10865.6608266,12.9963,12.9963,12.9963,12.9963,182000.0,14.309943999999998
240,2001-03-27,5432.8304133,12.3536,12.3536,12.3536,12.3536,86500.0,14.265856000000001
241,2001-03-28,191235.63054816,11.7823,11.4253,11.4253,11.7823,2818500.0,14.201774
242,2001-04-04,108.656608266,14.2816,14.2816,14.2816,14.2816,2000.0,14.194818000000003
243,2001-04-06,108.656608266,14.2816,14.2816,14.2816,14.2816,2000.0,14.187862000000004
244,2001-04-19,108.656608266,14.2816,14.2816,14.2816,14.2816,2000.0,14.180906000000004
245,2001-04-20,8149.24561995,14.1388,14.1388,14.1388,14.1388,148500.0,14.172522000000004
246,2001-04-23,13038.79299192,14.1388,14.1388,14.1388,14.1388,237600.0,14.162710000000002
247,2001-04-25,14125.35907458,14.1388,14.1388,14.1388,14.1388,257400.0,14.152898
248,2001-04-26,110829.74043132,14.1388,14.1388,14.1388,14.1388,2019600.0,14.143086
249,2001-04-27,10865.6608266,13.9246,13.9246,13.9246,13.9246,195000.0,14.128990000000002
250,2001-04-30,6954.022929024,13.9246,13.9246,13.9246,13.9246,124800.0,14.114894000000003
251,2001-05-03,2173.13216532,13.9246,13.9246,13.9246,13.9246,39000.0,14.100798000000005
252,2001-05-08,108.656608266,14.0674,14.0674,14.0674,14.0674,1970.0,14.089558000000002
253,2001-05-09,5432.8304133,14.2816,14.0674,14.2816,14.0674,98530.0,14.082602000000003
254,2001-05-14,57588.00238098,14.1388,14.0674,14.1388,14.0674,1048600.0,14.072790000000003
255,2001-05-15,22274.60469453,14.1388,14.0674,14.0674,14.1388,405860.0,14.061550000000002
256,2001-05-16,5432.8304133,14.0674,14.0674,14.0674,14.0674,98500.0,14.050310000000001
257,2001-05-17,95291.84544928199,14.0674,13.9246,13.9246,14.0674,1712150.0,14.036214000000003
258,2001-05-21,14016.702466313998,14.0674,13.9246,13.9246,14.0674,253550.0,14.023546000000003
259,2001-05-22,7605.96257862,14.1031,14.1031,14.1031,14.1031,138250.0,14.014264000000008
260,2001-05-23,22600.574519327998,14.1031,14.1031,14.1031,14.1031,410800.0,14.004982000000007
261,2001-05-24,10539.691001801999,14.2816,14.2816,14.2816,14.2816,194000.0,14.00498200000001
262,2001-05-25,5106.860588502,14.353,14.353,14.353,14.353,94470.0,14.00641000000001
263,2001-05-28,5215.517196768,15.7098,15.7098,15.7098,15.7098,105600.0,14.034974000000009
264,2001-05-29,1086.56608266,15.7098,15.7098,15.7098,15.7098,22000.0,14.066394000000008
265,2001-05-30,5650.1436298319995,15.7098,14.353,15.7098,14.353,104710.0,14.094958000000004
266,2001-05-31,49656.069977562,15.7098,14.2816,15.7026,14.353,915889.0,14.123378000000002
267,2001-06-01,15211.92515724,15.7098,14.1388,14.1388,15.7098,286000.0,14.124806000000003
268,2001-06-04,21731.3216532,14.1388,14.0674,14.1388,14.0674,395000.0,14.121950000000004
269,2001-06-05,1086.56608266,15.7098,15.7098,15.7098,15.7098,22000.0,14.154798000000003
270,2001-06-06,206990.83874673,16.4238,15.7098,16.4238,15.7098,4304500.0,14.200498000000003
271,2001-06-07,194169.35897134198,16.6381,16.4238,16.6381,16.4238,4145952.0,14.249056000000001
272,2001-06-08,3259.69824798,17.1379,17.1379,17.1379,17.1379,72000.0,14.309037999999997
273,2001-06-11,19775.502704412,17.495,17.1379,17.495,17.1379,439400.0,14.373305999999998
274,2001-06-12,16298.4912399,17.495,17.495,17.495,17.495,367500.0,14.440429999999994
275,2001-06-13,3802.98128931,17.1379,16.9951,17.1379,16.9951,83600.0,14.500411999999994
276,2001-06-15,2173.13216532,16.430999999999994,16.430999999999994,16.430999999999994,16.430999999999994,46020.0,14.546255999999996
277,2001-06-19,2390.445381852,17.0665,16.9951,17.0665,16.9951,52370.0,14.604809999999997
278,2001-06-20,11191.630651398,16.9951,16.9951,16.9951,16.9951,245140.0,14.661935999999995
279,2001-06-21,108.656608266,16.9951,16.9951,16.9951,16.9951,2380.0,14.719061999999997
280,2001-06-22,1738.505732256,16.9951,16.4952,16.9951,16.4952,37030.0,14.776187999999998
281,2001-06-25,2281.788773586,16.9951,16.9951,16.9951,16.9951,49980.0,14.833313999999998
282,2001-06-27,10974.317434866,16.7809,16.4238,16.4238,16.7737,232840.0,14.883298
283,2001-06-29,108.656608266,16.5667,16.5667,16.5667,16.5667,2320.0,14.938997999999996
284,2001-07-03,8692.52866128,16.281,16.281,16.281,16.281,182400.0,14.981841999999997
285,2001-07-05,13364.762816718001,15.7098,15.7098,15.7098,15.7098,270600.0,15.013261999999996
286,2001-07-06,108.656608266,16.281,16.281,16.281,16.281,2280.0,15.056105999999993
287,2001-07-11,5432.8304133,16.1382,16.1382,16.1382,16.1382,113000.0,15.100377999999994
288,2001-07-13,2173.13216532,16.0668,16.0668,16.0668,16.0668,45000.0,15.147077999999992
289,2001-07-16,9670.438135674,16.4238,16.0668,16.4238,16.0668,203250.0,15.215627999999992
290,2001-07-19,13038.79299192,16.0668,16.0668,16.0668,16.0668,270000.0,15.289891999999995
291,2001-07-23,9779.09474394,15.7098,15.7098,15.7098,15.7098,198000.0,15.375581999999998
292,2001-07-25,29228.627623554,15.3527,14.9957,14.9957,15.3527,570400.0,15.389863999999998
293,2001-07-27,219920.97513038397,16.0668,15.7098,16.0668,15.7098,4552800.0,15.425567999999998
294,2001-07-30,108.656608266,16.4238,16.4238,16.4238,16.4238,2300.0,15.468411999999999
295,2001-08-01,56501.43629832,15.7098,15.7098,15.7098,15.7098,1144000.0,15.499832
296,2001-08-02,5650.1436298319995,16.0668,15.7098,16.0668,15.7098,114500.0,15.538391999999998
297,2001-08-03,26946.838849967997,16.0668,16.0668,16.0668,16.0668,558000.0,15.576952
298,2001-08-08,32596.9824798,16.0668,16.0668,16.0668,16.0668,675000.0,15.615511999999999
299,2001-08-14,14125.35907458,16.4238,16.2453,16.4238,16.2453,297750.0,15.665495999999997
300,2001-08-17,7062.67953729,15.7098,15.7098,15.7098,15.7098,143000.0,15.701199999999996
301,2001-08-21,5432.8304133,14.9957,14.9957,14.9957,14.9957,105000.0,15.722622000000001
302,2001-08-24,1309964.0692549,16.0668,15.7098,16.0668,15.7098,27123500.0,15.762610000000004
303,2001-09-06,5432.8304133,15.7098,15.7098,15.7098,15.7098,110000.0,15.791174000000003
304,2001-09-11,10865.6608266,15.7098,15.7098,15.7098,15.7098,220000.0,15.822594000000004
305,2001-09-17,38464.439326164,15.8883,14.9957,15.8883,14.9957,783900.0,15.859012
306,2001-09-18,2173.13216532,15.8883,15.8883,15.8883,15.8883,44500.0,15.895430000000001
307,2001-09-19,6084.770062896,15.8883,15.8883,15.8883,15.8883,124600.0,15.934704
308,2001-09-21,32596.9824798,15.7098,15.7098,15.7098,15.7098,660000.0,15.970408000000003
309,2001-09-25,2173.13216532,15.7098,15.7098,15.7098,15.7098,44000.0,16.002542000000002
310,2001-09-26,2064.475557054,15.7098,15.7098,15.7098,15.7098,41800.0,16.034675999999994
311,2001-09-27,11626.257084462,15.7098,15.3527,15.7098,15.3527,230400.0,16.063239999999997
312,2001-09-28,29337.28423182,15.3527,15.3527,15.3527,15.3527,580500.0,16.083233999999997
313,2001-10-01,38029.8128931,14.9957,14.9957,14.9957,14.9957,735000.0,16.068951999999996
314,2001-10-02,573054.951994884,14.9957,14.7815,14.7815,14.9957,10918080.0,16.050386
315,2001-10-04,2173.13216532,14.2816,14.2816,14.2816,14.2816,40000.0,16.021821999999997
316,2001-10-05,217.313216532,14.9957,14.9957,14.9957,14.9957,4200.0,16.007683999999994
317,2001-10-11,20644.75557054,14.6386,14.6386,14.6386,14.6386,389500.0,16.01767999999999
318,2001-10-17,651.939649596,14.6386,14.6386,14.6386,14.6386,12300.0,16.027675999999992
319,2001-10-25,543.28304133,16.0668,16.0668,16.0668,16.0668,11250.0,16.034815999999992
320,2001-10-26,108.656608266,16.0668,16.0668,16.0668,16.0668,2250.0,16.027675999999996
321,2001-10-29,1521.192515724,16.0668,16.0668,16.0668,16.0668,31500.0,16.016249999999996
322,2001-11-01,217313.216532,14.9957,14.9957,14.9957,14.9957,4200000.0,15.973405999999995
323,2001-11-13,5432.8304133,14.6386,14.6386,14.6386,14.6386,102500.0,15.916277999999998
324,2001-11-21,5432.8304133,14.6386,14.6386,14.6386,14.6386,102500.0,15.85915
325,2001-11-28,108.656608266,15.7098,15.7098,15.7098,15.7098,2200.0,15.830587999999995
326,2001-12-04,2173.13216532,15.1877,15.1877,15.1877,15.1877,41600.0,15.805721999999998
327,2001-12-05,456357.7547172,16.0639,16.0639,16.0639,16.0639,9240000.0,15.78567
328,2001-12-07,16298.4912399,15.6988,15.3337,15.6988,15.3337,320000.0,15.759743999999998
329,2001-12-13,108.656608266,16.0639,16.0639,16.0639,16.0639,2200.0,15.74112
330,2001-12-17,3259.69824798,15.6988,15.6988,15.6988,15.6988,64500.0,15.715193999999999
331,2001-12-21,108.656608266,16.0639,16.0639,16.0639,16.0639,2200.0,15.696569999999998
332,2002-01-02,434.626433064,16.0639,16.0639,16.0639,16.0639,8800.0,15.689371999999997
333,2002-01-04,108.656608266,16.0639,16.0639,16.0639,16.0639,2200.0,15.679315999999998
334,2002-01-07,5432.8304133,16.0639,15.6988,16.0639,16.0639,108500.0,15.674973999999999
335,2002-01-08,174502.512875196,16.2099,16.0639,16.0639,16.0639,3533921.0,15.682055999999998
336,2002-01-09,19558.18948788,16.0639,16.0639,16.0639,16.0639,396000.0,15.677713999999995
337,2002-01-10,108.656608266,16.429000000000002,16.429000000000002,16.429000000000002,16.429000000000002,2250.0,15.683529999999996
338,2002-01-15,21839.978261466,16.7941,16.429000000000002,16.429000000000002,16.429000000000002,452300.0,15.690773999999994
339,2002-01-16,108.656608266,16.7941,16.7941,16.7941,16.7941,2300.0,15.698179999999994
340,2002-01-17,6628.053104226,16.7941,16.7941,16.7941,16.7941,140300.0,15.712725999999993
341,2002-01-21,4346.26433064,16.7941,16.7941,16.7941,16.7941,92000.0,15.734411999999994
342,2002-01-22,24991.01990118,16.7941,16.7941,16.7941,16.7941,529000.0,15.77037999999999
343,2002-01-23,108.656608266,17.5242,17.5242,17.5242,17.5242,2400.0,15.799527999999992
344,2002-01-24,108.656608266,17.5242,17.5242,17.5242,17.5242,2400.0,15.821535999999991
345,2002-01-25,108.656608266,17.4512,17.4512,17.4512,17.4512,2390.0,15.85636399999999
346,2002-01-28,108.656608266,17.5242,17.5242,17.5242,17.5242,2400.0,15.88551199999999
347,2002-01-29,9779.09474394,16.7941,16.7941,16.7941,16.7941,207000.0,15.90005799999999
348,2002-01-31,108.656608266,17.2322,17.2322,17.2322,17.2322,2360.0,15.923365999999989
349,2002-02-04,108.656608266,17.0861,17.0861,17.0861,17.0861,2340.0,15.936611999999991
350,2002-02-06,5215.517196768,16.7941,16.7941,16.7941,16.7941,110400.0,15.958297999999989
351,2002-02-07,11408.94386793,16.7941,16.7941,16.7941,16.7941,241500.0,15.994265999999989
352,2002-02-11,108.656608266,16.7941,16.7941,16.7941,16.7941,2300.0,16.00881199999999
353,2002-02-12,108.656608266,16.7941,16.7941,16.7941,16.7941,2300.0,16.030497999999987
354,2002-02-13,10865.6608266,16.7941,16.7868,16.7868,16.7941,229919.0,16.052037999999985
355,2002-02-14,108.656608266,16.7211,16.7211,16.7211,16.7211,2290.0,16.068693999999986
356,2002-02-15,108.656608266,16.7211,16.7211,16.7211,16.7211,2290.0,16.085349999999984
357,2002-02-20,1303.879299192,16.7941,16.7941,16.7941,16.7941,27600.0,16.103465999999987
358,2002-02-25,12169.540125792,16.7941,16.7941,16.7941,16.7941,257600.0,16.125151999999986
359,2002-02-27,3042.385031448,17.1592,16.7941,17.1592,16.7941,64450.0,16.154139999999988
360,2002-02-28,108.656608266,17.1592,17.1592,17.1592,17.1592,2350.0,16.183127999999993
361,2002-03-01,217.313216532,17.1592,17.1592,17.1592,17.1592,4700.0,16.21211599999999
362,2002-03-06,108.656608266,17.1592,17.1592,17.1592,17.1592,2350.0,16.248245999999995
363,2002-03-07,4454.920938906,16.7941,16.7941,16.7941,16.7941,94300.0,16.284213999999995
364,2002-03-08,108.656608266,16.7868,16.7868,16.7868,16.7868,2299.0,16.324319999999993
365,2002-03-13,108.656608266,16.7868,16.7868,16.7868,16.7868,2299.0,16.374423999999998
366,2002-03-14,6302.083279428,16.7941,16.7941,16.7941,16.7941,133400.0,16.41039199999999
367,2002-03-15,10974.317434866,16.7941,16.7941,16.7941,16.7941,232300.0,16.453501999999993
368,2002-03-18,21731.3216532,16.0639,16.0639,16.0639,16.0639,440000.0,16.482007999999993
369,2002-03-27,108.656608266,16.7291,16.7291,16.7291,16.7291,1700.0,16.495253999999996
370,2002-04-02,108.656608266,17.7132,17.7132,17.7132,17.7132,1800.0,16.528181999999994
371,2002-04-03,108.656608266,17.7132,17.7132,17.7132,17.7132,1800.0,16.56111
372,2002-04-04,108.656608266,17.7132,17.7132,17.7132,17.7132,1800.0,16.61546
373,2002-04-09,108.656608266,17.9592,17.9592,17.9592,17.9592,1825.0,16.681872000000002
374,2002-04-10,2825.0718149159998,17.9592,17.9592,17.9592,17.9592,47450.0,16.748284
375,2002-04-12,5432.8304133,18.2052,18.2052,18.2052,18.2052,92500.0,16.798192000000004
376,2002-04-15,108.656608266,18.4512,18.4512,18.4512,18.4512,1875.0,16.863462
377,2002-04-16,63020.83279428,18.6973,18.4512,18.6973,18.4512,1089525.0,16.916130000000003
378,2002-04-17,108.656608266,18.6973,18.6973,18.6973,18.6973,1900.0,16.976100000000006
379,2002-04-19,12821.479775388001,18.6973,18.6973,18.6973,18.6973,224200.0,17.028768000000003
380,2002-04-23,54328.30413300001,18.6973,18.6973,18.6973,18.6973,950000.0,17.088738000000003
381,2002-04-25,16298.4912399,18.7957,18.7957,18.7957,18.7957,286500.0,17.143374000000005
382,2002-04-26,108.656608266,18.9433,18.9433,18.9433,18.9433,1925.0,17.200962
383,2002-04-29,65193.9649596,18.5988,18.5988,18.5988,18.5988,1134000.0,17.251660000000005
384,2002-04-30,43462.6433064,18.402,18.402,18.402,18.402,748000.0,17.298422000000006
385,2002-05-03,43462.6433064,18.2052,18.2052,18.2052,18.2052,740000.0,17.341248000000004
386,2002-05-08,21731.3216532,18.0084,18.0084,18.0084,18.0084,366000.0,17.38013800000001
387,2002-05-09,141362.247354066,17.7132,17.2212,17.2212,17.7132,2306780.0,17.395982000000007
388,2002-05-10,76059.6257862,16.7291,16.7291,16.7291,16.7291,1190000.0,17.401984000000006
389,2002-05-13,76059.6257862,16.4339,16.4339,16.4339,16.4339,1169000.0,17.394780000000008
390,2002-05-14,252083.33117712,16.2371,15.5482,15.5482,16.2371,3743000.0,17.369862000000005
391,2002-05-15,159725.21415102,16.2371,15.253,15.253,16.2371,2312900.0,17.339040000000008
392,2002-05-23,108.656608266,15.7451,15.7451,15.7451,15.7451,1600.0,17.318060000000006
393,2002-05-29,10865.6608266,16.2371,16.2371,16.2371,16.2371,165000.0,17.29231800000001
394,2002-06-04,3259.69824798,16.2371,16.2371,16.2371,16.2371,49500.0,17.266576000000008
395,2002-06-05,13038.79299192,16.2371,16.2371,16.2371,16.2371,198000.0,17.24229400000001
396,2002-06-06,2173.13216532,16.4831,16.4831,16.4831,16.4831,33500.0,17.22147200000001
397,2002-06-07,108.656608266,16.4831,16.4831,16.4831,16.4831,1675.0,17.21525200000001
398,2002-06-14,108.656608266,16.4831,16.4831,16.4831,16.4831,1675.0,17.20027000000001
399,2002-07-03,6410.7398876940015,15.7451,15.7451,15.7451,15.7451,94400.0,17.17345000000001
400,2002-07-04,21731.3216532,15.7451,15.7451,15.7451,15.7451,320000.0,17.152470000000005
401,2002-07-15,21731.3216532,15.4498,15.4498,15.4498,15.4498,314000.0,17.125584000000007
402,2002-07-23,2281.788773586,14.761,14.761,14.761,14.761,31500.0,17.084922000000002
403,2002-07-29,5432.8304133,14.4658,14.4658,14.4658,14.4658,73500.0,17.038356000000004
404,2002-07-31,217.313216532,15.4498,15.4498,15.4498,15.4498,3140.0,17.011616
405,2002-09-19,434.626433064,14.761,14.761,14.761,14.761,6000.0,16.972414
406,2002-09-23,24121.767035052002,14.761,14.761,14.761,14.761,333000.0,16.933212
407,2002-10-03,1086.56608266,14.4658,14.4658,14.4658,14.4658,14700.0,16.886645999999995
408,2002-10-04,1086.56608266,14.269,14.269,14.269,14.269,14500.0,16.836143999999997
409,2002-10-07,543.28304133,14.269,14.269,14.269,14.269,7250.0,16.778339999999996
410,2002-10-08,2173.13216532,14.269,14.269,14.269,14.269,29000.0,16.720536
411,2002-10-14,5432.8304133,13.7769,13.7769,13.7769,13.7769,70000.0,16.65289
412,2002-10-22,13256.106208452,14.761,13.7769,14.761,13.7769,171000.0,16.604926
413,2002-10-31,108.656608266,14.761,14.761,14.761,14.761,1500.0,16.564263999999994
414,2002-11-06,108.656608266,14.761,14.761,14.761,14.761,1500.0,16.523747999999994
415,2002-11-12,217.313216532,14.761,14.761,14.761,14.761,3000.0,16.483231999999994
416,2002-11-13,42919.36026507,14.0721,14.0721,14.0721,14.0721,564850.0,16.42879199999999
417,2002-11-14,17385.05732256,14.0721,14.0721,14.0721,14.0721,228800.0,16.37435199999999
418,2002-11-15,1086.56608266,14.0721,14.0721,14.0721,14.0721,14300.0,16.334515999999986
419,2002-11-21,1086.56608266,14.0721,14.0721,14.0721,14.0721,14300.0,16.281375999999987
420,2002-11-25,21514.008436668002,14.0721,14.0721,14.0721,14.0721,283140.0,16.20855399999999
421,2002-11-27,27164.152066500006,14.0721,14.0721,14.0721,14.0721,357500.0,16.135731999999987
422,2002-11-28,108.656608266,14.0721,14.0721,14.0721,14.0721,1430.0,16.062909999999984
423,2002-11-29,108.656608266,14.0721,14.0721,14.0721,14.0721,1430.0,15.98516799999999
424,2002-12-02,108.656608266,14.0721,14.0721,14.0721,14.0721,1430.0,15.907425999999989
425,2002-12-03,108.656608266,14.0721,14.0721,14.0721,14.0721,1430.0,15.82476399999999
426,2002-12-04,108.656608266,14.0721,14.0721,14.0721,14.0721,1430.0,15.737181999999988
427,2002-12-05,108.656608266,14.0721,14.0721,14.0721,14.0721,1430.0,15.644677999999988
428,2002-12-06,7171.336145556,14.0721,14.0721,14.0721,14.0721,94380.0,15.552173999999988
429,2002-12-09,108.656608266,14.0721,14.0721,14.0721,14.0721,1430.0,15.45966999999999
430,2002-12-10,108.656608266,14.0721,14.0721,14.0721,14.0721,1430.0,15.36716599999999
431,2002-12-11,5432.8304133,14.0721,14.0721,14.0721,14.0721,71500.0,15.272693999999992
432,2002-12-16,108.656608266,14.0721,14.0721,14.0721,14.0721,1430.0,15.175269999999996
433,2002-12-17,108.656608266,14.0721,14.0721,14.0721,14.0721,1430.0,15.084735999999996
434,2002-12-18,5541.4870215659985,14.0721,14.0721,14.0721,14.0721,72930.0,14.998137999999997
435,2002-12-19,108.656608266,14.0721,14.0721,14.0721,14.0721,1430.0,14.915475999999996
436,2002-12-20,108.656608266,14.0721,14.0721,14.0721,14.0721,1430.0,14.836749999999995
437,2002-12-23,2281.788773586,14.0721,14.0721,14.0721,14.0721,30030.0,14.773767999999995
438,2002-12-24,108.656608266,14.0721,14.0721,14.0721,14.0721,1430.0,14.720627999999994
439,2002-12-26,2173.13216532,14.0721,14.0721,14.0721,14.0721,28600.0,14.673391999999994
440,2003-01-02,108.656608266,14.0721,14.0721,14.0721,14.0721,1430.0,14.643869999999993
441,2003-01-03,108.656608266,14.0721,14.0721,14.0721,14.0721,1430.0,14.620251999999992
442,2003-01-07,2173.13216532,14.0721,14.0721,14.0721,14.0721,28600.0,14.586791999999992
443,2003-01-08,108.656608266,14.269,14.269,14.269,14.269,1450.0,14.547429999999993
444,2003-01-09,1086.56608266,14.0721,14.0721,14.0721,14.0721,14300.0,14.504129999999991
445,2003-01-13,434.626433064,14.0721,14.0721,14.0721,14.0721,5720.0,14.460829999999989
446,2003-01-15,108.656608266,14.0721,14.0721,14.0721,14.0721,1430.0,14.412609999999988
447,2003-01-16,55632.183432192,14.0721,14.0721,14.0721,14.0721,732160.0,14.364389999999988
448,2003-01-17,54328.30413300001,14.0721,14.0721,14.0721,14.0721,715000.0,14.316169999999985
449,2003-01-21,108.656608266,14.0721,14.0721,14.0721,14.0721,1430.0,14.282709999999986
450,2003-01-22,108.656608266,14.0721,14.0721,14.0721,14.0721,1430.0,14.249249999999986
451,2003-01-23,217.313216532,14.0721,14.0721,14.0721,14.0721,2860.0,14.221695999999985
452,2003-01-30,204165.766931814,14.0721,13.7769,13.7769,14.0721,2631380.0,14.202013999999986
453,2003-01-31,108.656608266,14.0721,14.0721,14.0721,14.0721,1430.0,14.194139999999987
454,2003-02-06,11952.22690926,13.5801,13.5801,13.5801,13.5801,151800.0,14.156745999999988
455,2003-02-11,1086.56608266,13.5801,13.5801,13.5801,13.5801,13800.0,14.133127999999989
456,2003-02-12,108.656608266,13.7769,13.7769,13.7769,13.7769,1400.0,14.113445999999987
457,2003-02-20,65193.9649596,13.2849,13.2849,13.2849,13.2849,810000.0,14.089827999999988
458,2003-02-21,108.656608266,12.8913,12.8913,12.8913,12.8913,1310.0,14.062273999999988
459,2003-02-25,10865.6608266,12.8913,12.7929,12.7929,12.8913,130100.0,14.032751999999991
460,2003-03-13,17385.05732256,12.7929,12.7929,12.7929,12.7929,208000.0,14.003229999999991
461,2003-03-14,65193.9649596,12.7929,12.7929,12.7929,12.7929,780000.0,13.983549999999994
462,2003-03-17,65193.9649596,12.7929,12.7929,12.7929,12.7929,780000.0,13.944187999999995
463,2003-03-18,43462.6433064,12.595999999999998,12.595999999999998,12.595999999999998,12.595999999999998,512000.0,13.900887999999995
464,2003-03-19,54328.30413300001,12.595999999999998,12.595999999999998,12.595999999999998,12.595999999999998,640000.0,13.857587999999996
465,2003-03-20,108656.608266,12.3992,12.3992,12.3992,12.3992,1260000.0,13.810351999999996
466,2003-03-24,4346.26433064,12.3008,12.3008,12.3008,12.3008,50000.0,13.774925999999995
467,2003-03-26,108.656608266,13.7769,13.7769,13.7769,13.7769,1400.0,13.769021999999996
468,2003-03-28,5432.8304133,12.3008,12.3008,12.3008,12.3008,62500.0,13.733595999999995
469,2003-04-09,29119.971015288,12.3992,12.3008,12.3008,12.3992,335010.0,13.698169999999996
470,2003-04-11,14777.298724176,12.3205,12.3008,12.3008,12.3205,170100.0,13.662743999999998
471,2003-04-15,98877.51352206,12.35,12.35,12.35,12.35,1142050.0,13.628301999999996
472,2003-04-21,59761.1345463,12.3205,12.3008,12.3008,12.3205,687600.0,13.592875999999997
473,2003-04-23,39551.005408824,12.2024,12.2024,12.2024,12.2024,451360.0,13.555481999999998
474,2003-04-28,22057.291477998,12.104,12.104,12.104,12.104,249690.0,13.516119999999995
475,2003-05-05,217.313216532,12.104,12.104,12.104,12.104,2460.0,13.476757999999995
476,2003-05-08,9996.407960472,12.104,12.104,12.104,12.104,113160.0,13.437395999999996
477,2003-05-15,1086.56608266,12.104,12.104,12.104,12.104,12300.0,13.398033999999997
478,2003-05-21,20210.129137476,12.104,12.104,12.104,12.104,228780.0,13.358672000000002
479,2003-05-22,7931.932403418001,12.104,12.104,12.104,12.104,89790.0,13.319310000000003
480,2003-05-28,543.28304133,12.7929,12.7929,12.7929,12.7929,6500.0,13.293726000000003
481,2003-06-02,543.28304133,12.7929,12.7929,12.7929,12.7929,6500.0,13.268142000000005
482,2003-06-11,108.656608266,12.7929,12.7929,12.7929,12.7929,1300.0,13.242558000000006
483,2003-06-12,3694.324681044,12.7929,12.7929,12.7929,12.7929,44200.0,13.216974000000008
484,2003-06-19,2173.13216532,12.7929,12.7929,12.7929,12.7929,26000.0,13.191390000000007
485,2003-06-23,651.939649596,12.7929,12.7929,12.7929,12.7929,7800.0,13.165806000000007
486,2003-07-10,76385.595610998,12.7929,12.7929,12.7929,12.7929,913900.0,13.140222000000005
487,2003-07-15,73886.49362088,12.7929,12.7929,12.7929,12.7929,884000.0,13.114638000000005
488,2003-07-17,16841.77428123,12.7929,12.7929,12.7929,12.7929,201500.0,13.089054000000006
489,2003-07-18,37486.52985177,12.7929,12.7929,12.7929,12.7929,448500.0,13.063470000000004
490,2003-07-22,56501.43629832,12.7929,12.7929,12.7929,12.7929,676000.0,13.037886000000004
491,2003-07-23,21296.695220136,12.6059,12.595999999999998,12.6059,12.595999999999998,250986.0,13.008562000000001
492,2003-07-24,449186.418571644,13.1865,13.0881,13.1865,13.0881,5539460.0,12.990850000000002
493,2003-07-28,21731.3216532,12.7929,12.7929,12.7929,12.7929,260000.0,12.961328000000002
494,2003-08-14,108656.608266,12.7929,12.7929,12.7929,12.7929,1300000.0,12.935744000000001
495,2003-08-15,108656.608266,12.7929,12.7929,12.7929,12.7929,1300000.0,12.910160000000001
496,2003-08-25,2173.13216532,13.2849,13.2849,13.2849,13.2849,27000.0,12.894416000000001
497,2003-08-27,543.28304133,13.7769,13.7769,13.7769,13.7769,7000.0,12.888511999999999
498,2003-08-28,10865.6608266,13.7769,13.7769,13.7769,13.7769,140000.0,12.882607999999998
499,2003-08-29,1738.505732256,14.761,13.7769,14.761,13.7769,23000.0,12.896385999999996
500,2003-09-02,434.626433064,14.761,14.761,14.761,14.761,6000.0,12.910163999999993
501,2003-09-05,24773.706684647997,13.7769,13.7769,13.7769,13.7769,319200.0,12.904259999999992
502,2003-09-10,27164.152066500006,14.269,14.269,14.269,14.269,362500.0,12.91410199999999
503,2003-09-11,28576.687973957996,14.269,14.269,14.269,14.269,381350.0,12.918039999999992
504,2003-09-12,18471.62340522,14.269,14.269,14.269,14.269,246500.0,12.931817999999991
505,2003-09-18,29337.28423182,14.761,14.761,14.761,14.761,405000.0,12.95543599999999
506,2003-09-30,217.313216532,14.761,14.761,14.761,14.761,3000.0,12.975117999999988
507,2003-10-01,34552.801428588,14.761,14.6134,14.761,14.6134,472500.0,13.004639999999988
508,2003-10-03,14777.298724176,14.3674,14.3674,14.3674,14.3674,198560.0,13.03416199999999
509,2003-10-06,535568.422143114,14.3674,14.3674,14.3674,14.3674,7196340.0,13.06565199999999
510,2003-10-10,10865.6608266,14.761,14.761,14.761,14.761,150000.0,13.105013999999992
511,2003-10-16,44766.522605592,14.761,14.761,14.761,14.761,618000.0,13.14437599999999
512,2003-10-21,1955.818948788,14.761,14.761,14.761,14.761,27000.0,13.183737999999991
513,2003-10-28,116153.914236354,15.253,14.9578,15.253,14.9578,1652950.0,13.236877999999992
514,2003-10-29,11408.94386793,15.499,15.253,15.253,15.499,165250.0,13.290017999999993
515,2003-10-30,217.313216532,15.253,15.253,15.253,15.253,3100.0,13.347093999999997
516,2003-10-31,5432.8304133,15.4498,15.4498,15.4498,15.4498,78500.0,13.410074
517,2003-11-03,16298.4912399,15.7451,15.7451,15.7451,15.7451,240000.0,13.449438
518,2003-11-04,13038.79299192,15.9911,15.253,15.9911,15.253,189750.0,13.523244000000002
519,2003-11-06,1086.56608266,15.9911,15.9911,15.9911,15.9911,16250.0,13.597050000000001
520,2003-12-03,1086.56608266,16.2371,16.2371,16.2371,16.2371,16500.0,13.675776
521,2003-12-10,2173.13216532,16.0403,16.0403,16.0403,16.0403,32600.0,13.749582
522,2003-12-18,217.313216532,16.0403,16.0403,16.0403,16.0403,3260.0,13.824372000000004
523,2003-12-23,1086.56608266,16.5323,16.5323,16.5323,16.5323,16800.0,13.910970000000004
524,2003-12-26,543.28304133,16.9259,16.9259,16.9259,16.9259,8600.0,14.007408000000003
525,2003-12-31,1086.56608266,17.0243,16.9259,17.0243,16.9259,17250.0,14.105814000000004
526,2004-01-02,25534.30294251,16.7291,16.5323,16.7291,16.5323,394900.0,14.198316000000002
527,2004-01-06,1086.56608266,16.7291,16.7291,16.7291,16.7291,17000.0,14.290818000000002
528,2004-01-07,38029.8128931,16.7291,16.7291,16.7291,16.7291,595000.0,14.383320000000003
529,2004-01-09,2173.13216532,17.7132,17.7132,17.7132,17.7132,36000.0,14.495504000000004
530,2004-01-13,13690.732641516,17.7132,17.7132,17.7132,17.7132,226800.0,14.593910000000003
531,2004-01-16,5432.8304133,17.7132,17.7132,17.7132,17.7132,90000.0,14.692316000000003
532,2004-01-19,1086.56608266,17.7132,17.7132,17.7132,17.7132,18000.0,14.790722000000006
533,2004-01-26,11952.22690926,17.8116,17.7132,17.8116,17.7132,199000.0,14.891096000000005
534,2004-01-29,1086.56608266,17.7132,17.7132,17.7132,17.7132,18000.0,14.989502000000005
535,2004-01-30,10865.6608266,17.8116,17.8116,17.8116,17.8116,181000.0,15.089876000000004
536,2004-02-16,1195.222690926,17.8116,17.8116,17.8116,17.8116,19910.0,15.190250000000002
537,2004-02-20,9670.438135674,17.8116,17.8116,17.8116,17.8116,161090.0,15.290624000000005
538,2004-03-05,135820.7603325,18.1068,17.91,18.1068,17.91,2285000.0,15.396902000000004
539,2004-03-08,70518.138764634,18.3036,18.2052,18.3036,18.2052,1204640.0,15.507116000000005
540,2004-03-15,4346.26433064,18.3036,18.3036,18.3036,18.3036,74400.0,15.617330000000004
541,2004-03-31,2173.13216532,18.3036,18.3036,18.3036,18.3036,37200.0,15.731284000000002
542,2004-04-02,57479.345772714005,18.6973,18.6973,18.6973,18.6973,1005100.0,15.841500000000002
543,2004-04-23,26077.58598384,19.1893,19.1893,19.1893,19.1893,468000.0,15.969428
544,2004-04-26,1955.818948788,19.1893,19.1893,19.1893,19.1893,35100.0,16.097356
545,2004-04-28,108.656608266,19.1893,19.1893,19.1893,19.1893,1950.0,16.225284000000002
546,2004-04-29,108.656608266,19.2877,19.2877,19.2877,19.2877,1960.0,16.34534
547,2004-05-04,27164.152066500006,19.1893,19.1893,19.1893,19.1893,487500.0,16.453588000000003
548,2004-05-11,9235.81170261,19.1893,19.1893,19.1893,19.1893,165750.0,16.561836
549,2004-05-12,53241.73805034,19.1893,19.1893,19.1893,19.1893,955500.0,16.650402
550,2004-05-14,5541.4870215659985,19.1893,19.1893,19.1893,19.1893,99450.0,16.738968000000003
551,2004-05-28,27055.495458234,19.4353,19.4353,19.4353,19.4353,491775.0,16.852136
552,2004-06-10,325.969824798,19.4353,19.4353,19.4353,19.4353,5925.0,16.955462
553,2004-07-06,25534.30294251,19.6813,19.6813,19.6813,19.6813,470000.0,17.063708
554,2004-07-09,387904.09150962,19.6813,19.1893,19.6813,19.2877,7091000.0,17.171954
555,2004-08-04,131474.49600186,19.6813,19.6813,19.6813,19.6813,2420000.0,17.270359999999997
556,2004-08-12,32053.69943847,19.7797,19.7797,19.7797,19.7797,592950.0,17.370734
557,2004-08-20,2173.13216532,19.7797,19.7797,19.7797,19.7797,40200.0,17.471108
558,2004-08-30,274683.905696448,19.9765,19.9765,19.9765,19.9765,5131840.0,17.583289999999998
559,2004-09-07,38029.8128931,20.6654,19.9765,20.6654,19.9765,731500.0,17.70925
560,2004-09-08,21731.3216532,20.7638,20.7638,20.7638,20.7638,422000.0,17.829306000000003
561,2004-09-09,26620.86902517,21.0098,21.0098,21.0098,21.0098,523075.0,17.954282
562,2004-09-10,108.656608266,21.0098,21.0098,21.0098,21.0098,2135.0,18.079258000000003
563,2004-09-14,543.28304133,21.0098,21.0098,21.0098,21.0098,10675.0,18.194394000000003
564,2004-09-22,543.28304133,21.0098,21.0098,21.0098,21.0098,10675.0,18.309530000000002
565,2004-09-24,14994.611940708,21.0098,21.0098,21.0098,21.0098,294630.0,18.424666000000002
566,2004-10-05,217.313216532,21.0098,21.0098,21.0098,21.0098,4270.0,18.535866000000002
567,2004-10-06,21731.3216532,21.1574,21.1574,21.1574,21.1574,430000.0,18.644112000000003
568,2004-10-07,325.969824798,21.1574,21.1574,21.1574,21.1574,6450.0,18.747438000000002
569,2004-10-13,217.313216532,21.1574,21.1574,21.1574,21.1574,4300.0,18.850764000000005
570,2004-10-18,4346.26433064,21.1574,21.1574,21.1574,21.1574,86000.0,18.94917000000001
571,2004-10-20,45744.432079985985,21.551,21.3542,21.551,21.3542,917570.0,19.05938400000001
572,2004-10-27,5432.8304133,21.551,21.551,21.551,21.551,109500.0,19.16959800000001
573,2004-11-04,2173.13216532,21.6495,21.6495,21.6495,21.6495,44000.0,19.27194200000001
574,2004-11-09,217.313216532,21.6495,21.6495,21.6495,21.6495,4400.0,19.36641400000001
575,2004-11-11,21839.978261466,22.4367,21.6495,22.4367,21.6495,458200.0,19.47466200000001
576,2004-11-12,22274.60469453,23.6176,23.6176,23.6176,23.6176,492000.0,19.61243200000001
577,2004-11-17,1086.56608266,24.6017,24.6017,24.6017,24.6017,25000.0,19.769884000000012
578,2004-11-18,1010832.4266986,26.0778,24.6017,26.0778,24.6017,24609450.0,19.95685800000001
579,2004-11-24,1086.56608266,27.357,27.357,27.357,27.357,27800.0,20.14973400000001
580,2004-12-01,1086.56608266,27.4554,27.4554,27.4554,27.4554,27900.0,20.344578000000013
581,2004-12-08,325.969824798,27.6523,27.6523,27.6523,27.6523,8430.0,20.54336000000001
582,2004-12-10,108.656608266,28.3411,28.3411,28.3411,28.3411,2880.0,20.755918000000012
583,2004-12-14,3259.69824798,28.3411,28.3411,28.3411,28.3411,86400.0,20.96650800000001
584,2004-12-17,4346.26433064,28.3411,28.3411,28.3411,28.3411,115200.0,21.179066000000013
585,2004-12-22,1629.84912399,28.3411,28.3411,28.3411,28.3411,43200.0,21.389656000000013
586,2004-12-23,1086.56608266,28.5379,28.5379,28.5379,28.5379,29000.0,21.60418200000001
587,2004-12-24,543.28304133,28.5379,28.5379,28.5379,28.5379,14500.0,21.81870800000001
588,2004-12-29,108.656608266,28.5379,28.5379,28.5379,28.5379,2900.0,22.027330000000006
589,2004-12-30,543.28304133,28.5379,28.5379,28.5379,28.5379,14500.0,22.23201600000001
590,2005-01-04,1086.56608266,29.522,29.522,29.522,29.522,30000.0,22.456384000000007
591,2005-01-07,1086.56608266,29.6204,29.6204,29.6204,29.6204,30100.0,22.682720000000003
592,2005-01-11,325.969824798,30.014,30.014,30.014,30.014,9150.0,22.909054
593,2005-01-12,543.28304133,31.4901,31.4901,31.4901,31.4901,16000.0,23.155070000000002
594,2005-01-19,11952.22690926,31.4901,31.4901,31.4901,31.4901,352000.0,23.401086
595,2005-01-24,5432.8304133,32.4742,32.4742,32.4742,32.4742,165000.0,23.666784000000003
596,2005-01-26,32596.9824798,33.4582,33.4582,33.4582,33.4582,1020000.0,23.950194
597,2005-02-01,78776.04099285,33.4582,31.9821,33.4582,31.9821,2401250.0,24.235572
598,2005-02-11,87142.599829332,33.4582,33.3598,33.4582,33.3598,2726780.0,24.520950000000003
599,2005-02-14,21731.3216532,33.4582,33.4582,33.4582,33.4582,680000.0,24.806328000000008
600,2005-02-16,29119.971015288,33.4582,33.4582,33.4582,33.4582,911200.0,25.09170600000001
601,2005-02-18,325.969824798,33.4582,33.4582,33.4582,33.4582,10200.0,25.37216400000001
602,2005-02-21,3259.69824798,33.4582,33.4582,33.4582,33.4582,102000.0,25.652622000000004
603,2005-02-24,7605.96257862,33.4582,33.4582,33.4582,33.4582,238000.0,25.928160000000002
604,2005-03-01,325.969824798,34.4423,34.4423,34.4423,34.4423,10500.0,26.223380000000002
605,2005-03-04,869.252866128,34.4423,34.4423,34.4423,34.4423,28000.0,26.518600000000003
606,2005-03-11,869.252866128,34.9343,34.9343,34.9343,34.9343,28400.0,26.821692
607,2005-03-14,543.28304133,34.9343,34.9343,34.9343,34.9343,17750.0,27.124784
608,2005-03-15,10865.6608266,33.9503,33.9503,33.9503,33.9503,345000.0,27.40426
609,2005-03-30,543.28304133,34.9343,34.9343,34.9343,34.9343,17750.0,27.689637999999995
610,2005-04-12,325.969824798,35.1312,35.1312,35.1312,35.1312,10710.0,27.976985999999997
611,2005-04-13,217.313216532,35.1804,35.1804,35.1804,35.1804,7150.0,28.260397999999995
612,2005-04-15,217.313216532,35.2296,35.2296,35.2296,35.2296,7160.0,28.544793999999992
613,2005-04-21,2173.13216532,34.6391,34.6391,34.6391,34.6391,70400.0,28.817379999999993
614,2005-05-04,2173.13216532,34.6391,34.6391,34.6391,34.6391,70400.0,29.089966
615,2005-05-06,5432.8304133,34.7375,34.7375,34.7375,34.7375,176500.0,29.36452
616,2005-05-11,5432.8304133,34.2455,34.2455,34.2455,34.2455,174000.0,29.629233999999997
617,2005-05-12,325.969824798,34.2455,34.2455,34.2455,34.2455,10440.0,29.890995999999994
618,2005-05-25,434.626433064,35.2296,35.2296,35.2296,35.2296,14320.0,30.172439999999998
619,2005-06-07,543.28304133,35.4264,35.4264,35.4264,35.4264,18000.0,30.457819999999998
620,2005-06-09,869.252866128,35.4264,35.4264,35.4264,35.4264,28800.0,30.743199999999998
621,2005-06-10,543.28304133,35.4264,35.4264,35.4264,35.4264,18000.0,31.020708
622,2005-06-17,325.969824798,35.4264,35.4264,35.4264,35.4264,10800.0,31.298216000000004
623,2005-06-21,50090.696410626,35.0328,35.0328,35.0328,35.0328,1641160.0,31.565882000000006
624,2005-06-22,13419091.120851,35.2296,35.0328,35.2296,35.0328,441380000.0,31.837484000000003
625,2005-06-23,325.969824798,35.4264,35.4264,35.4264,35.4264,10800.0,32.097278
626,2005-06-28,217.313216532,35.4264,35.4264,35.4264,35.4264,7200.0,32.333454
627,2005-07-01,54328.30413300001,35.4264,35.4264,35.4264,35.4264,1800000.0,32.54994800000001
628,2005-07-21,65411.278176132,35.7708,35.7708,35.7708,35.7708,2188270.0,32.743808000000016
629,2005-08-02,9235.81170261,35.7708,35.7708,35.7708,35.7708,308975.0,32.91208400000001
630,2005-08-15,2716.41520665,35.6232,35.6232,35.6232,35.6232,90500.0,33.07544000000001
631,2005-08-16,2716.41520665,35.5248,35.5248,35.5248,35.5248,90250.0,33.232890000000005
632,2005-08-17,2716.41520665,35.4264,35.4264,35.4264,35.4264,90000.0,33.374596000000004
633,2005-08-19,5324.173805034,35.4264,35.4264,35.4264,35.4264,176400.0,33.516302
634,2005-08-24,543.28304133,35.4264,35.4264,35.4264,35.4264,18000.0,33.658008
635,2005-08-26,1086.56608266,35.4264,35.4264,35.4264,35.4264,36000.0,33.799714
636,2005-08-29,1086.56608266,35.4264,35.4264,35.4264,35.4264,36000.0,33.937484000000005
637,2005-08-30,211337.10307737,35.4264,35.4264,35.4264,35.4264,7002000.0,34.075254
638,2005-09-02,217.313216532,35.9184,35.9184,35.9184,35.9184,7300.0,34.22286400000001
639,2005-09-06,108.656608266,35.9184,35.9184,35.9184,35.9184,3650.0,34.370474
640,2005-09-13,543.28304133,36.4104,36.4104,36.4104,36.4104,18500.0,34.508242
641,2005-09-19,2405114.02396791,36.6073,36.6073,36.6073,36.6073,82342200.0,34.647980000000004
642,2005-09-28,1086.56608266,37.3945,37.3945,37.3945,37.3945,38000.0,34.795590000000004
643,2005-10-13,108.656608266,37.1977,37.1977,37.1977,37.1977,3780.0,34.90974200000001
644,2005-10-18,869.252866128,37.1977,37.1977,37.1977,37.1977,30240.0,35.023894000000006
645,2005-10-19,108.656608266,37.1977,37.1977,37.1977,37.1977,3780.0,35.11836400000001
646,2005-11-02,6519.39649596,37.0009,37.0009,37.0009,37.0009,225600.0,35.189218000000004
647,2005-11-14,4346.26433064,36.9025,34.4423,36.9025,34.4423,142500.0,35.258104
648,2005-11-15,108.656608266,36.8041,36.8041,36.8041,36.8041,3740.0,35.325022000000004
649,2005-11-22,2064.475557054,36.8041,36.7057,36.8041,36.7057,70970.0,35.391940000000005
650,2005-12-01,651.939649596,37.3945,37.3945,37.3945,37.3945,22800.0,35.47066600000001
651,2006-01-06,217.313216532,37.0993,37.0993,37.0993,37.0993,7540.0,35.54348800000001
652,2006-01-31,27164.152066500006,34.4423,34.4423,34.4423,34.4423,875000.0,35.56317000000001
653,2006-02-15,8583.872053014,34.4423,33.9503,34.4423,33.9503,273500.0,35.58285200000001
654,2006-02-17,6519.39649596,34.4423,34.4423,34.4423,34.4423,210000.0,35.58285200000001
655,2006-02-27,217.313216532,34.4423,34.4423,34.4423,34.4423,7000.0,35.582852
656,2006-03-03,108.656608266,34.4325,34.4325,34.4325,34.4325,3499.0,35.572816
657,2006-03-10,108.656608266,34.4325,34.4325,34.4325,34.4325,3499.0,35.56278
658,2006-03-24,8692.52866128,34.4325,30.6045,34.4325,30.6045,251134.0,35.572424
659,2006-04-18,2173.13216532,34.3242,34.3242,34.3242,34.3242,69760.0,35.560221999999996
660,2006-05-03,108.656608266,34.1471,34.1471,34.1471,34.1471,3470.0,35.54053999999999
661,2006-05-09,30749.820139278,34.0487,34.0388,34.0487,34.0388,979080.0,35.517905999999996
662,2006-05-10,53024.424833808,34.4423,34.3242,34.4423,34.3242,1703344.0,35.502159999999996
663,2006-05-11,16298.4912399,35.1804,35.1804,35.1804,35.1804,536250.0,35.51298599999999
664,2006-05-12,17385.05732256,35.1804,35.1804,35.1804,35.1804,572000.0,35.52381199999999
665,2006-05-16,1521.192515724,35.1804,35.1804,35.1804,35.1804,50050.0,35.532669999999996
666,2006-05-18,35856.68072778,36.4104,36.4104,36.4104,36.4104,1221000.0,35.575967999999996
667,2006-05-23,217.313216532,37.3945,37.3945,37.3945,37.3945,7600.0,35.638948
668,2006-05-29,108.656608266,37.3945,37.3945,37.3945,37.3945,3800.0,35.68224599999999
669,2006-06-05,108656.608266,37.3945,37.3945,37.3945,37.3945,3800000.0,35.721607999999996
670,2006-06-09,108.656608266,37.3945,37.3945,37.3945,37.3945,3800.0,35.76097
671,2006-06-16,108.656608266,37.3945,37.3945,37.3945,37.3945,3800.0,35.800332
672,2006-07-19,7931.932403418001,37.3945,36.4104,37.3945,36.4104,270400.0,35.839693999999994
673,2006-07-20,185802.80013486,37.3945,37.3945,37.3945,37.3945,6498000.0,35.886928
674,2006-07-21,108656.608266,36.4104,36.4104,36.4104,36.4104,3700000.0,35.910543999999994
675,2006-08-16,1303.879299192,34.4423,29.522,34.4423,29.522,37000.0,35.890862
676,2006-09-07,10000.0,33.0,30.0,30.0,33.0,303000.0,35.782334
677,2006-09-14,700.0,30.0,30.0,30.0,30.0,21000.0,35.673806000000006
678,2006-09-25,700.0,31.0,31.0,31.0,31.0,21700.0,35.578390000000006
679,2006-09-27,500.0,30.0,30.0,30.0,30.0,15000.0,35.46297400000001
680,2006-10-02,60000.0,28.5,28.0,28.5,28.0,1696000.0,35.320510000000006
681,2006-10-03,100.0,29.0,29.0,29.0,29.0,2900.0,35.19001400000001
682,2006-10-04,40100.0,30.0,29.0,30.0,29.0,1163000.0,35.08148600000001
683,2006-10-06,16000.0,29.5,29.5,29.5,29.5,472000.0,34.962958000000015
684,2006-10-09,100.0,30.0,30.0,30.0,30.0,3000.0,34.85443000000002
685,2006-10-10,100.0,30.0,30.0,30.0,30.0,3000.0,34.74590200000002
686,2006-10-11,100.0,30.0,30.0,30.0,30.0,3000.0,34.637374000000015
687,2006-10-12,100.0,30.0,30.0,30.0,30.0,3000.0,34.528846000000016
688,2006-10-13,100.0,30.0,30.0,30.0,30.0,3000.0,34.41047800000001
689,2006-10-16,100.0,30.0,30.0,30.0,30.0,3000.0,34.29211000000001
690,2006-10-17,100.0,30.0,30.0,30.0,30.0,3000.0,34.163902
691,2006-10-18,100.0,30.0,30.0,30.0,30.0,3000.0,34.031756
692,2006-10-19,100.0,30.0,30.0,30.0,30.0,3000.0,33.883866
693,2006-10-20,100.0,30.0,30.0,30.0,30.0,3000.0,33.739912
694,2006-11-03,3000.0,29.9,29.9,29.9,29.9,89700.0,33.593958
695,2006-11-06,100800.0,28.75,26.91,27.25,28.75,2730115.0,33.395004
696,2006-11-08,100.0,29.5,29.5,29.5,29.5,2950.0,33.244986
697,2006-11-13,100.0,29.5,29.5,29.5,29.5,2950.0,33.096936
698,2006-11-14,100.0,28.9,28.9,28.9,28.9,2890.0,32.938854
699,2006-11-15,100.0,29.0,29.0,29.0,29.0,2900.0,32.782772
700,2006-11-23,700.0,28.8,28.8,28.8,28.8,20160.0,32.610882000000004
701,2006-11-27,100.0,28.75,28.75,28.75,28.75,2875.0,32.443896
702,2006-12-08,3300.0,29.0,28.5,29.0,28.5,94550.0,32.33505
703,2006-12-22,1100.0,28.8,27.99,28.8,27.99,31599.0,32.222204000000005
704,2006-12-28,4000.0,28.8,28.8,28.8,28.8,115200.0,32.109358
705,2006-12-29,4300.0,31.99,28.8,31.99,28.8,124797.0,32.060312
706,2007-01-05,5000.0,28.8,28.8,28.8,28.8,144000.0,31.947662
707,2007-01-10,2000.0,28.85,28.85,28.85,28.85,57700.0,31.836011999999997
708,2007-01-15,300.0,30.4,30.4,30.4,30.4,9120.0,31.755362
709,2007-01-22,100.0,31.9,31.9,31.9,31.9,3190.0,31.706878000000003
710,2007-02-20,67000.0,30.0,28.5,30.0,30.0,1912500.0,31.623936
711,2007-02-22,200.0,30.99,30.99,30.99,30.99,6198.0,31.562762000000003
712,2007-02-23,494700.0,30.98,30.98,30.98,30.98,15325806.0,31.493516
713,2007-03-05,200.0,31.5,31.5,31.5,31.5,6300.0,31.419907999999996
714,2007-03-06,500.0,31.5,31.5,31.5,31.5,15750.0,31.3463
715,2007-03-07,1500.0,31.5,31.5,31.5,31.5,47250.0,31.272691999999996
716,2007-03-12,2000.0,29.0,29.0,29.0,29.0,58000.0,31.124484
717,2007-03-13,100.0,31.0,31.0,31.0,31.0,3100.0,30.996594
718,2007-04-25,100.0,30.49,30.49,30.49,30.49,3049.0,30.858503999999996
719,2007-05-03,1000.0,30.45,30.45,30.45,30.45,30450.0,30.719614
720,2007-05-11,97400.0,30.45,30.4,30.45,30.4,2964874.0,30.580724
721,2007-05-14,5000.0,30.45,30.45,30.45,30.45,152250.0,30.441834
722,2007-05-15,142600.0,30.45,30.45,30.45,30.45,4342170.0,30.302944000000004
723,2007-05-16,200.0,30.6,30.6,30.6,30.6,6120.0,30.167054000000004
724,2007-05-21,191100.0,30.6,30.6,30.6,30.6,5847660.0,30.050845999999996
725,2007-05-29,81000.0,30.6,30.59,30.59,30.59,2478190.0,29.973799999999997
726,2007-05-30,100.0,30.6,30.6,30.6,30.6,3060.0,29.98579999999999
727,2007-06-08,700.0,31.5,31.5,31.5,31.5,22050.0,30.01579999999999
728,2007-06-11,93600.0,32.0,32.0,32.0,32.0,2995200.0,30.03579999999999
729,2007-06-12,5000.0,32.0,32.0,32.0,32.0,160000.0,30.07579999999999
730,2007-06-19,50000.0,32.1,31.0,32.0,31.0,1595010.0,30.14579999999999
731,2007-07-09,3100.0,32.0,32.0,32.0,32.0,99200.0,30.20579999999999
732,2007-07-18,600.0,32.0,30.0,32.0,30.0,19000.0,30.24579999999999
733,2007-08-06,45300.0,32.0,31.0,32.0,31.0,1404400.0,30.29579999999999
734,2007-08-07,70000.0,31.0,31.0,31.0,31.0,2170000.0,30.31579999999999
735,2007-08-09,10000.0,31.0,31.0,31.0,31.0,310000.0,30.335799999999995
736,2007-08-10,700.0,31.9,31.0,31.9,31.0,22150.0,30.373799999999996
737,2007-10-11,200.0,31.9,31.9,31.9,31.9,6380.0,30.4118
738,2007-10-12,200.0,31.9,31.9,31.9,31.9,6380.0,30.449800000000003
739,2007-10-15,100.0,31.9,31.9,31.9,31.9,3190.0,30.487800000000007
740,2007-10-16,8000.0,31.9,31.9,31.9,31.9,255200.0,30.525800000000014
741,2007-10-25,200.0,32.15,32.15,32.15,32.15,6430.0,30.56880000000002
742,2007-11-13,200.0,31.9,31.9,31.9,31.9,6380.0,30.60680000000002
743,2007-12-06,2900.0,31.89,31.89,31.89,31.89,92481.0,30.644600000000022
744,2007-12-17,20300.0,31.9,31.9,31.9,31.9,647570.0,30.684600000000025
745,2008-02-19,100.0,31.79,31.79,31.79,31.79,3179.0,30.775400000000023
746,2008-02-21,100.0,31.79,31.79,31.79,31.79,3179.0,30.821200000000022
747,2008-03-04,10000.0,32.0,31.79,31.79,32.0,318950.0,30.867000000000022
748,2008-03-05,100.0,33.0,33.0,33.0,33.0,3300.0,30.94900000000002
749,2008-03-11,100.0,33.5,33.5,33.5,33.5,3350.0,31.03900000000002
750,2008-03-12,100.0,33.5,33.5,33.5,33.5,3350.0,31.13300000000002
751,2008-03-14,100.0,33.5,33.5,33.5,33.5,3350.0,31.22800000000002
752,2008-03-19,200.0,34.0,34.0,34.0,34.0,6800.0,31.32800000000002
753,2008-03-24,100.0,34.2,34.2,34.2,34.2,3420.0,31.436000000000018
754,2008-03-25,46300.0,34.2,34.2,34.2,34.2,1583460.0,31.544000000000015
755,2008-03-26,20000.0,34.2,34.2,34.2,34.2,684000.0,31.58820000000001
756,2008-03-27,45200.0,34.5,34.0,34.5,34.0,1537300.0,31.702200000000012
757,2008-03-28,5000.0,34.0,34.0,34.0,34.0,170000.0,31.80520000000001
758,2008-03-31,41000.0,37.0,35.0,37.0,35.0,1437000.0,31.937200000000008
759,2008-04-02,70000.0,38.0,37.0,38.0,37.0,2600000.0,32.059200000000004
760,2008-04-16,1200.0,39.0,39.0,39.0,39.0,46800.0,32.239200000000004
761,2008-04-21,100.0,39.5,39.5,39.5,39.5,3950.0,32.4094
762,2008-04-25,300.0,41.0,41.0,41.0,41.0,12300.0,32.6098
763,2008-04-30,300.0,41.3,41.3,41.3,41.3,12390.0,32.8058
764,2008-05-02,58400.0,41.3,41.3,41.3,41.3,2411920.0,33.001799999999996
765,2008-05-06,68400.0,42.0,41.3,42.0,41.5,2835060.0,33.2118
766,2008-05-13,400.0,43.0,43.0,43.0,43.0,17200.0,33.4918
767,2008-05-15,54300.0,43.0,42.0,43.0,43.0,2280900.0,33.7318
768,2008-05-16,200.0,43.0,43.0,43.0,43.0,8600.0,33.98199999999999
769,2008-05-19,500.0,43.0,43.0,43.0,43.0,21500.0,34.233
770,2008-05-21,100.0,43.25,43.25,43.25,43.25,4325.0,34.48899999999999
771,2008-05-22,100.0,43.5,43.5,43.5,43.5,4350.0,34.74999999999999
772,2008-05-23,100.0,43.75,43.75,43.75,43.75,4375.0,35.01599999999999
773,2008-05-26,100.0,43.9,43.9,43.9,43.9,4390.0,35.282
774,2008-05-28,100.0,43.9,43.9,43.9,43.9,4390.0,35.548
775,2008-05-30,200.0,43.9,43.9,43.9,43.9,8780.0,35.8142
776,2008-06-11,100.0,44.5,44.5,44.5,44.5,4450.0,36.092200000000005
777,2008-06-16,500.0,44.5,44.5,44.5,44.5,22250.0,36.3522
778,2008-06-23,100.0,44.5,44.5,44.5,44.5,4450.0,36.6022
779,2008-06-25,500.0,44.5,44.5,44.5,44.5,22250.0,36.8522
780,2008-09-03,200.0,43.0,43.0,43.0,43.0,8600.0,37.0722
781,2008-09-09,500.0,42.5,42.5,42.5,42.5,21250.0,37.28220000000001
782,2008-09-11,200.0,42.8,42.8,42.8,42.8,8560.0,37.498200000000004
783,2008-09-23,600.0,41.95,41.95,41.95,41.95,25170.0,37.69720000000001
784,2008-10-16,200.0,41.93,41.92,41.93,41.92,8385.0,37.91580000000001
785,2008-10-24,100.0,38.0,38.0,38.0,38.0,3800.0,38.055800000000005
786,2008-10-30,100.0,39.0,39.0,39.0,39.0,3900.0,38.19780000000001
787,2008-11-19,100.0,39.0,39.0,39.0,39.0,3900.0,38.33980000000001
788,2008-12-10,200.0,39.0,39.0,39.0,39.0,7800.0,38.48180000000001
789,2009-01-06,100.0,39.0,39.0,39.0,39.0,3900.0,38.6238
790,2009-01-07,100.0,39.0,39.0,39.0,39.0,3900.0,38.765800000000006
791,2009-01-08,100.0,39.0,39.0,39.0,39.0,3900.0,38.9028
792,2009-01-09,100.0,38.95,38.95,38.95,38.95,3895.0,39.043800000000005
793,2009-01-12,3100.0,38.85,38.85,38.85,38.85,120435.0,39.183
794,2009-01-20,100.0,38.85,38.85,38.85,38.85,3885.0,39.322
795,2009-01-21,100.0,39.0,39.0,39.0,39.0,3900.0,39.4662
796,2009-02-09,100.0,39.0,39.0,39.0,39.0,3900.0,39.6104
797,2009-06-04,1000.0,36.95,36.95,36.95,36.95,36950.0,39.7136
798,2009-06-17,8100.0,36.94,36.94,36.94,36.94,299214.0,39.7924
799,2009-06-24,100.0,36.0,36.0,36.0,36.0,3600.0,39.8424
800,2009-07-02,100.0,36.0,36.0,36.0,36.0,3600.0,39.8924
801,2009-07-03,100.0,36.0,36.0,36.0,36.0,3600.0,39.9424
802,2009-07-06,100.0,36.0,36.0,36.0,36.0,3600.0,39.982400000000005
803,2009-07-07,100.0,36.0,36.0,36.0,36.0,3600.0,40.0184
804,2009-07-08,100.0,36.0,36.0,36.0,36.0,3600.0,40.0544
805,2009-07-09,100.0,36.0,36.0,36.0,36.0,3600.0,40.0904
806,2009-08-14,11400.0,35.0,35.0,35.0,35.0,399000.0,40.1004
807,2009-10-14,100.0,34.9,34.9,34.9,34.9,3490.0,40.1184
808,2009-12-04,2200.0,34.9,34.5,34.9,34.5,76100.0,40.07640000000001
809,2009-12-07,2000.0,34.9,34.9,34.9,34.9,69800.0,40.0144
810,2009-12-11,100.0,34.5,34.5,34.5,34.5,3450.0,39.924400000000006
811,2009-12-15,100.0,34.5,34.5,34.5,34.5,3450.0,39.824400000000004
812,2009-12-29,100.0,34.5,34.5,34.5,34.5,3450.0,39.6944
813,2010-02-03,200.0,33.75,33.75,33.75,33.75,6750.0,39.5434
814,2010-03-22,400.0,31.9,31.9,31.9,31.9,12760.0,39.3554
815,2010-04-19,1000.0,31.8,31.8,31.8,31.8,31800.0,39.1514
816,2010-04-20,1600.0,31.8,31.8,31.8,31.8,50880.0,38.927400000000006
817,2010-04-27,3800.0,31.9,31.9,31.9,31.9,121220.0,38.705400000000004
818,2010-04-28,17300.0,31.9,31.9,31.9,31.9,551870.0,38.48340000000001
819,2010-05-21,2000.0,31.9,31.9,31.9,31.9,63800.0,38.26140000000001
820,2010-05-24,1200.0,31.59,28.71,31.59,28.71,35028.0,38.02820000000001
821,2010-05-27,100.0,31.9,31.9,31.9,31.9,3190.0,37.79620000000002
822,2010-06-02,2100.0,31.88,30.0,31.88,30.0,63188.0,37.55880000000001
823,2010-06-04,1000.0,31.87,30.0,31.87,30.0,30187.0,37.31820000000002
824,2010-09-08,1000.0,30.0,30.0,30.0,30.0,30000.0,37.04020000000001
825,2010-09-09,49000.0,30.0,30.0,30.0,30.0,1470000.0,36.762200000000014
826,2010-09-10,10800.0,30.0,30.0,30.0,30.0,324000.0,36.472200000000015
827,2010-09-13,12000.0,30.0,30.0,30.0,30.0,360000.0,36.182200000000016
828,2010-09-15,100.0,31.87,31.87,31.87,31.87,3187.0,35.929600000000015
829,2010-10-12,200.0,31.87,31.87,31.87,31.87,6374.0,35.67700000000001
830,2010-10-13,1200.0,31.87,31.87,31.87,31.87,38244.0,35.45440000000001
831,2010-10-14,50000.0,31.87,31.87,31.87,31.87,1593500.0,35.2418
832,2010-10-15,1300.0,31.87,31.87,31.87,31.87,41431.0,35.023199999999996
833,2010-10-28,1464500.0,31.87,31.87,31.87,31.87,46673615.0,34.8216
834,2010-11-08,10100.0,31.87,31.87,31.87,31.87,321887.0,34.62039999999999
835,2010-11-09,15000.0,31.87,31.87,31.87,31.87,478050.0,34.497799999999984
836,2010-11-22,40000.0,31.85,31.85,31.85,31.85,1274000.0,34.35479999999998
837,2010-12-01,60000.0,31.85,31.85,31.85,31.85,1911000.0,34.21179999999998
838,2010-12-02,119900.0,31.85,31.85,31.85,31.85,3818815.0,34.06879999999998
839,2010-12-06,280200.0,31.85,31.85,31.85,31.85,8924370.0,33.925799999999974
840,2010-12-17,125000.0,31.85,31.85,31.85,31.85,3981250.0,33.78279999999997
841,2010-12-20,1000.0,32.85,32.85,32.85,32.85,32850.0,33.65979999999997
842,2010-12-21,5000.0,33.75,33.75,33.75,33.75,168750.0,33.55579999999996
843,2010-12-22,5000.0,34.75,34.75,34.75,34.75,173750.0,33.47379999999996
844,2010-12-23,1000.0,35.5,35.5,35.5,35.5,35500.0,33.40679999999997
845,2010-12-28,8800.0,36.25,36.25,36.25,36.25,319000.0,33.35179999999997
846,2010-12-29,2500.0,37.1,37.1,37.1,37.1,92750.0,33.313799999999965
847,2011-02-02,125000.0,37.1,37.1,37.1,37.1,4637500.0,33.316799999999965
848,2011-02-14,32300.0,37.1,37.1,37.1,37.1,1198330.0,33.319999999999965
849,2011-02-22,10000.0,37.1,37.1,37.1,37.1,371000.0,33.34199999999996
850,2011-02-25,5600.0,37.15,37.15,37.15,37.15,208040.0,33.364999999999974
851,2011-04-12,125000.0,36.5,36.5,36.5,36.5,4562500.0,33.37499999999998
852,2011-04-28,62500.0,36.4,36.0,36.4,36.0,2251000.0,33.38299999999998
853,2011-05-19,7000.0,37.0,36.4,37.0,36.4,257200.0,33.402999999999984
854,2011-06-02,15000.0,37.0,36.4,37.0,36.4,546840.0,33.42299999999999
855,2011-08-01,175000.0,37.0,37.0,37.0,37.0,6475000.0,33.44299999999999
856,2011-08-02,175000.0,37.0,37.0,37.0,37.0,6475000.0,33.48299999999999
857,2011-08-03,217500.0,37.0,37.0,37.0,37.0,8047500.0,33.52499999999999
858,2011-08-04,255000.0,37.0,37.0,37.0,37.0,9435000.0,33.56699999999999
859,2011-08-05,250000.0,37.0,37.0,37.0,37.0,9250000.0,33.608999999999995
860,2011-08-08,219800.0,37.0,37.0,37.0,37.0,8132600.0,33.659
861,2011-08-09,200000.0,37.0,37.0,37.0,37.0,7400000.0,33.708999999999996
862,2011-08-10,115000.0,37.0,37.0,37.0,37.0,4255000.0,33.75899999999999
863,2011-11-03,600.0,33.49,33.49,33.49,33.49,20094.0,33.7538
864,2011-11-08,100.0,33.5,33.5,33.5,33.5,3350.0,33.7858
865,2011-11-25,34500.0,33.5,33.5,33.5,33.5,1155750.0,33.81980000000001
866,2011-12-06,1000.0,33.5,33.5,33.5,33.5,33500.0,33.85380000000001
867,2011-12-20,2200.0,32.9,32.9,32.9,32.9,72380.0,33.87380000000001
868,2012-01-19,11200.0,32.9,32.9,32.9,32.9,368480.0,33.89380000000001
869,2012-02-03,67979.0,32.0,32.0,32.0,32.0,2175328.0,33.895800000000015
870,2012-03-01,23600.0,32.0,32.0,32.0,32.0,755200.0,33.90400000000001
871,2012-03-02,22431.0,32.0,32.0,32.0,32.0,717792.0,33.906000000000006
872,2012-03-05,44730.0,32.0,32.0,32.0,32.0,1431360.0,33.90840000000001
873,2012-03-06,25000.0,32.0,32.0,32.0,32.0,800000.0,33.91100000000001
874,2012-03-07,25000.0,32.0,32.0,32.0,32.0,800000.0,33.95100000000001
875,2012-05-04,2191.0,32.0,32.0,32.0,32.0,70112.0,33.99100000000001
876,2012-05-17,8100.0,32.2,32.2,32.2,32.2,260820.0,34.03500000000001
877,2012-05-24,1096.0,32.2,32.2,32.2,32.2,35291.2,34.07900000000001
878,2012-05-30,9994.0,32.2,32.2,32.2,32.2,321806.8,34.08560000000001
879,2012-05-31,394.0,33.0,33.0,33.0,33.0,13002.0,34.108200000000004
880,2012-06-08,140.0,33.0,33.0,33.0,33.0,4620.0,34.13080000000001
881,2012-09-06,100.0,33.3,33.3,33.3,33.3,3330.0,34.15940000000001
882,2012-09-21,125200.0,33.0,33.0,33.0,33.0,4131600.0,34.182
883,2012-09-24,147261.0,33.05,33.0,33.0,33.0,4860613.0,34.204600000000006
884,2012-10-18,4776.0,33.0,33.0,33.0,33.0,157608.0,34.2272
885,2012-11-06,76930.0,33.35,33.34,33.34,33.35,2564847.2,34.256600000000006
886,2013-01-07,100.0,33.34,33.34,33.34,33.34,3334.0,34.2864
887,2013-01-30,100.0,33.51,33.51,33.51,33.51,3351.0,34.31960000000001
888,2013-03-11,1000.0,33.6,33.6,33.6,33.6,33600.0,34.3546
889,2013-05-16,100.0,33.75,33.75,33.75,33.75,3375.0,34.392599999999995
890,2013-06-06,27915.0,33.75,33.75,33.75,33.75,942131.25,34.4306
891,2013-06-26,2191.0,33.75,33.75,33.75,33.75,73946.25,34.44859999999999
892,2013-07-23,25100.0,33.75,33.15,33.15,33.75,832125.0,34.43659999999999
893,2013-07-24,1004.0,33.3,32.95,32.95,33.3,33116.8,34.4006
894,2013-08-08,200.0,33.0,33.0,33.0,33.0,6600.0,34.35059999999999
895,2013-09-13,100.0,34.0,34.0,34.0,34.0,3400.0,34.3056
896,2013-09-20,100.0,34.0,34.0,34.0,34.0,3400.0,34.243599999999994
897,2013-10-21,2163.0,34.0,34.0,34.0,34.0,73542.0,34.181599999999996
898,2013-11-01,15584.0,34.0,34.0,34.0,34.0,529856.0,34.1196
899,2013-11-04,40000.0,34.0,34.0,34.0,34.0,1360000.0,34.0576
900,2013-11-05,15095.0,34.0,34.0,34.0,34.0,513230.0,33.9946
901,2013-12-10,1000.0,33.8,33.8,33.8,33.8,33800.0,33.940599999999996
902,2013-12-11,85571.0,33.8,33.79,33.79,33.8,2892139.8,33.8884
903,2013-12-13,1200.0,33.75,33.75,33.75,33.75,40500.0,33.8234
904,2013-12-16,1131.0,33.73,33.73,33.73,33.73,38148.63,33.757999999999996
905,2013-12-17,25015.0,33.73,33.73,33.73,33.73,843755.95,33.6926
906,2013-12-18,35384.0,33.75,33.75,33.75,33.75,1194210.0,33.6276
907,2013-12-19,2000.0,33.75,33.75,33.75,33.75,67500.0,33.5626
908,2013-12-20,15227.0,33.75,33.75,33.75,33.75,513911.25,33.497600000000006
909,2013-12-23,100.0,33.75,33.75,33.75,33.75,3375.0,33.4326
910,2013-12-24,5100.0,33.75,33.74,33.75,33.74,172103.25,33.3676
911,2013-12-26,100.0,33.75,33.75,33.75,33.75,3375.0,33.302600000000005
912,2013-12-27,100.0,33.74,33.74,33.74,33.74,3374.0,33.2374
913,2013-12-30,7949.0,33.74,33.74,33.74,33.74,268199.26,33.2424
914,2013-12-31,100.0,33.74,33.74,33.74,33.74,3374.0,33.2472
915,2014-01-27,139218.0,33.74,33.74,33.74,33.74,4697215.32,33.252
916,2014-02-20,1400.0,34.0,34.0,34.0,34.0,47600.0,33.262
917,2014-06-13,2265.0,33.74,33.74,33.74,33.74,76421.1,33.278800000000004
918,2014-06-25,300.0,33.74,33.74,33.74,33.74,10122.0,33.2956
919,2014-09-23,104000.0,33.74,33.73,33.73,33.73,3508420.0,33.3302
920,2014-09-24,125000.0,33.8,33.75,33.8,33.75,4222500.0,33.366200000000006
921,2014-10-07,10000.0,33.85,33.85,33.85,33.85,338500.0,33.4032
922,2014-10-08,327000.0,37.0,34.0,37.0,34.0,11894000.0,33.5032
923,2014-10-09,4567.0,37.0,36.5,36.5,37.0,167489.0,33.593199999999996
924,2014-10-15,23793.0,37.0,36.5,36.5,36.51,869360.3,33.6832
925,2014-10-16,10000.0,36.5,36.5,36.5,36.5,365000.0,33.7732
926,2014-10-17,10000.0,36.5,36.5,36.5,36.5,365000.0,33.859199999999994
927,2014-10-21,29400.0,36.5,36.0,36.0,36.5,1059400.0,33.9352
928,2014-10-22,1000.0,37.0,37.0,37.0,37.0,37000.0,34.0312
929,2014-10-23,9990.0,37.0,37.0,37.0,37.0,369630.0,34.1112
930,2014-10-24,42800.0,38.0,37.0,37.01,37.0,1603501.0,34.1914
931,2014-10-29,3500.0,37.99,37.99,37.99,37.99,132965.0,34.285199999999996
932,2014-10-30,4200.0,37.99,37.99,37.99,37.99,159558.0,34.385
933,2014-11-05,1490.0,37.5,37.5,37.5,37.5,55875.0,34.474999999999994
934,2014-11-07,5000.0,37.5,37.5,37.5,37.5,187500.0,34.565
935,2014-11-12,100.0,37.9,37.9,37.9,37.9,3790.0,34.6562
936,2014-11-19,2900.0,37.9,37.9,37.9,37.9,109910.0,34.7474
937,2014-12-03,9000.0,37.9,37.9,37.9,37.9,341100.0,34.83520000000001
938,2014-12-18,3500.0,37.9,37.9,37.9,37.9,132650.0,34.921200000000006
939,2015-02-12,100.0,40.0,40.0,40.0,40.0,4000.0,35.046200000000006
940,2015-02-17,10000.0,40.5,40.5,40.5,40.5,405000.0,35.18120000000001
941,2015-03-24,3000.0,40.0,40.0,40.0,40.0,120000.0,35.30620000000001
942,2015-04-28,100900.0,37.52,37.5,37.5,37.5,3783752.0,35.39320000000001
943,2015-04-29,266.0,37.5,37.5,37.5,37.5,9975.0,35.48420000000001
944,2015-04-30,1166.0,37.5,37.5,37.5,37.5,43725.0,35.57420000000001
945,2015-05-05,100.0,39.3,39.3,39.3,39.3,3930.0,35.680200000000006
946,2015-05-06,1530.0,39.25,39.25,39.25,39.25,60052.5,35.7852
947,2015-05-08,100.0,39.15,39.15,39.15,39.15,3915.0,35.888200000000005
948,2015-05-25,100.0,37.55,37.55,37.55,37.55,3755.0,35.9592
949,2015-05-28,1580.0,37.5,37.5,37.5,37.5,59250.0,36.0292
950,2015-06-16,8770.0,36.0,36.0,36.0,36.0,315720.0,36.06920000000001
951,2015-06-19,100.0,36.0,36.0,36.0,36.0,3600.0,36.113200000000006
952,2015-07-06,34183.0,31.8,31.26,31.57,31.26,1068824.58,36.0688
953,2015-07-07,10200.0,34.0,34.0,34.0,34.0,346800.0,36.073800000000006
954,2015-07-15,1200.0,36.5,35.5,36.5,35.5,42800.0,36.129200000000004
955,2015-07-16,898.0,36.5,36.4,36.49,36.5,32760.5,36.184400000000004
956,2015-07-17,1000.0,36.5,36.5,36.5,36.5,36500.0,36.23940000000001
957,2015-07-20,8500.0,36.5,36.5,36.5,36.5,310250.0,36.2944
958,2015-07-21,100.0,37.0,37.0,37.0,37.0,3700.0,36.35940000000001
959,2015-08-17,500.0,36.45,36.45,36.45,36.45,18225.0,36.4134
960,2015-08-18,4000.0,36.45,36.45,36.45,36.45,145800.0,36.467400000000005
961,2015-08-24,100.0,35.0,35.0,35.0,35.0,3500.0,36.492399999999996
962,2015-09-01,11500.0,33.0,33.0,33.0,33.0,379500.0,36.4776
963,2015-09-03,5000.0,32.5,32.5,32.5,32.5,162500.0,36.452799999999996
964,2015-09-04,2460.0,32.49,32.49,32.49,32.49,79925.4,36.427800000000005
965,2015-09-07,2433.0,32.0,32.0,32.0,32.0,77856.0,36.393
966,2015-09-09,11770.0,31.75,30.3,31.75,30.3,356776.0,36.348
967,2015-10-06,5889.0,31.75,31.75,31.75,31.75,186975.75,36.3082
968,2015-10-20,200.0,33.25,33.25,33.25,33.25,6650.0,36.2984
969,2015-10-23,300.0,33.3,33.3,33.3,33.3,9990.0,36.28979999999999
970,2015-10-28,101080.0,33.99,33.98,33.99,33.99,3435606.6,36.2936
971,2015-11-11,3526.0,34.5,34.5,34.5,34.5,121647.0,36.306599999999996
972,2015-12-03,2100.0,34.5,34.5,34.5,34.5,72450.0,36.25659999999999
973,2015-12-09,3250.0,34.5,34.5,34.5,34.5,112125.0,36.21659999999999
974,2016-01-05,1000.0,34.9,34.9,34.9,34.9,34900.0,36.1846
975,2016-02-09,1400.0,34.9,34.9,34.9,34.9,48860.0,36.1526
976,2016-03-28,100.0,34.9,34.9,34.9,34.9,3490.0,36.1206
977,2016-04-07,500.0,34.9,34.9,34.9,34.9,17450.0,36.098600000000005
978,2016-05-06,72842.0,36.0,36.0,36.0,36.0,2622312.0,36.07860000000001
979,2016-05-10,2371.0,38.0,38.0,38.0,38.0,90098.0,36.098600000000005
980,2016-05-11,13120.0,38.0,38.0,38.0,38.0,498560.0,36.11840000000001
981,2016-05-30,14822.0,37.99,37.5,37.99,37.5,558190.23,36.11840000000001
982,2016-06-20,3500.0,37.0,37.0,37.0,37.0,129500.0,36.09860000000001
983,2016-07-01,200.0,36.5,36.5,36.5,36.5,7300.0,36.07860000000001
984,2016-07-14,300.0,35.01,35.01,35.01,35.01,10503.0,36.02880000000001
985,2016-07-28,29539.0,35.01,35.01,35.01,35.01,1034160.39,35.97100000000001
986,2016-08-10,13868.0,36.0,36.0,36.0,36.0,499248.0,35.93300000000001
987,2016-08-11,11900.0,36.0,36.0,36.0,36.0,428400.0,35.89500000000001
988,2016-08-19,30000.0,36.0,36.0,36.0,36.0,1080000.0,35.85700000000001
989,2016-08-23,592.0,36.0,36.0,36.0,36.0,21312.0,35.77700000000001
990,2016-11-18,6000.0,38.0,38.0,38.0,38.0,228000.0,35.727000000000004
991,2016-11-22,4100.0,38.0,38.0,38.0,38.0,155800.0,35.687000000000005
992,2016-12-07,480.0,38.0,38.0,38.0,38.0,18240.0,35.69700000000001
993,2016-12-22,4550.0,33.51,33.51,33.51,33.51,152470.5,35.617200000000004
994,2016-12-23,5025.0,33.51,33.51,33.51,33.51,168387.75,35.537400000000005
995,2017-01-10,1000.0,33.5,33.5,33.5,33.5,33500.0,35.421400000000006
996,2017-01-19,10000.0,33.5,33.5,33.5,33.5,335000.0,35.3064
997,2017-01-25,100.0,36.0,36.0,36.0,36.0,3600.0,35.243399999999994
998,2017-01-31,100.0,35.99,35.99,35.99,35.99,3599.0,35.212199999999996
999,2017-02-02,1899.0,35.99,35.99,35.99,35.99,68345.01,35.181999999999995
1000,2017-02-08,200.0,35.99,35.99,35.99,35.99,7198.0,35.181799999999996
1001,2017-02-14,1500.0,35.99,35.99,35.99,35.99,53985.0,35.181599999999996
1002,2017-02-22,100.0,35.98,35.98,35.98,35.98,3598.0,35.2698
1003,2017-02-24,167.0,35.98,35.98,35.98,35.98,6008.66,35.3094
1004,2017-02-27,10005.0,35.98,35.98,35.98,35.98,359979.9,35.299
1005,2017-03-08,784.0,31.2,31.2,31.2,31.2,24460.8,35.193200000000004
1006,2017-03-09,560.0,31.2,31.2,31.2,31.2,17472.0,35.0872
1007,2017-03-14,4455.0,31.3,31.3,31.3,31.3,139441.5,34.983200000000004
1008,2017-03-17,5000.0,31.3,31.3,31.3,31.3,156500.0,34.8692
1009,2017-03-21,32500.0,31.32,31.3,31.3,31.32,1017350.01,34.7662
1010,2017-04-26,100.0,32.0,32.0,32.0,32.0,3200.0,34.6772
1011,2017-05-08,41700.0,32.0,32.0,32.0,32.0,1334413.98,34.6172
1012,2017-06-09,350.0,33.5,33.5,33.5,33.5,11725.0,34.627199999999995
1013,2017-06-13,200.0,34.5,34.5,34.5,34.5,6900.0,34.6672
1014,2017-06-14,106.0,36.0,36.0,36.0,36.0,3816.0,34.7374
1015,2017-08-16,17585.0,36.0,36.0,36.0,36.0,633060.0,34.8174
1016,2017-08-17,970.0,36.0,36.0,36.0,36.0,34920.0,34.9024
1017,2017-08-22,200.0,36.0,36.0,36.0,36.0,7200.0,34.9874
1018,2017-08-24,10000.0,36.0,36.0,36.0,36.0,360000.0,35.0424
1019,2017-09-13,1400.0,36.0,36.0,36.0,36.0,50400.0,35.096399999999996
1020,2017-09-29,157.0,36.0,36.0,36.0,36.0,5652.0,35.1366
1021,2017-11-06,100.0,36.0,36.0,36.0,36.0,3600.0,35.166599999999995
1022,2017-11-13,8905.0,34.2,34.2,34.2,34.2,304551.0,35.1606
1023,2017-12-06,12583.0,34.2,34.2,34.2,34.2,430338.6,35.1546
1024,2017-12-19,200.0,34.0,34.0,34.0,34.0,6800.0,35.1366
