FECHA,VOLUMEN,MAXIMO,MINIMO,CIERRE,APERTURA,IMPORTE
2011-14-04,133469603,31.5,30.1,30.72,31.0,4133587073.0
2011-15-04,5675700,30.76,30.38,30.65,30.73,173167650.0
2011-18-04,3463900,30.6,29.95,30.51,30.6,104827942.0
2011-19-04,5260800,30.6,30.16,30.56,30.49,160414184.0
2011-20-04,1741800,30.7,30.0,30.57,30.56,53166145.0
2011-25-04,1088800,30.6,30.24,30.46,30.6,33125891.0
2011-26-04,750100,30.5,30.25,30.42,30.46,22805434.0
2011-27-04,1397900,30.55,30.48,30.5,30.5,42643221.0
2011-28-04,159200,30.69,30.55,30.59,30.69,4866440.0
2011-29-04,677500,30.65,30.3,30.6,30.6,20654895.0
2011-02-05,198000,30.6,30.21,30.3,30.6,6028847.0
2011-03-05,917300,30.45,30.2,30.35,30.39,27804222.0
2011-04-05,553700,30.5,30.0,30.3,30.05,16770203.0
2011-05-05,583100,30.3,29.8,30.12,30.3,17555432.0
2011-06-05,446700,30.12,29.8,29.99,30.12,13403747.0
2011-09-05,1146300,30.0,29.7,29.79,29.99,34155144.0
2011-10-05,170500,29.79,29.0,29.59,29.79,5038622.0
2011-11-05,3707600,29.8,29.0,29.64,29.0,109781577.0
2011-12-05,903500,29.5,29.2,29.4,29.5,26549928.0
2011-13-05,2019500,29.45,29.2,29.4,29.4,59382155.0
2011-16-05,450600,29.5,29.26,29.4,29.4,13247126.0
2011-17-05,39800,29.01,28.55,28.59,29.01,1140135.0
2011-18-05,286600,28.5,28.01,28.36,28.3,8143334.0
2011-19-05,718200,28.3,27.5,28.0,28.3,19886019.0
2011-20-05,96200,28.39,27.8,28.0,28.0,2693076.0
2011-23-05,516500,30.3,27.12,27.93,27.5,14269840.0
2011-24-05,266700,29.15,27.11,29.15,27.11,7680990.0
2011-25-05,55100,29.25,28.05,28.9,29.25,1593866.0
2011-26-05,216100,29.2,29.0,29.17,29.0,6296702.0
2011-27-05,98400,29.2,29.1,29.15,29.2,2870102.0
2011-30-05,17100,29.18,29.15,29.18,29.15,498675.0
2011-31-05,172000,29.16,28.7,28.98,29.16,4984455.0
2011-01-06,241100,28.99,28.5,28.75,28.98,6958332.0
2011-02-06,164800,28.7,28.35,28.35,28.5,4687587.0
2011-03-06,86000,28.24,28.2,28.2,28.22,2425308.0
2011-06-06,246400,28.05,27.72,27.98,28.05,6898109.0
2011-07-06,258800,27.99,27.42,27.5,27.99,7127559.0
2011-08-06,63700,27.99,27.47,27.68,27.47,1758836.0
2011-09-06,283900,27.51,26.95,26.97,27.5,7677732.0
2011-10-06,394900,26.95,25.75,25.86,26.95,10261872.0
2011-13-06,29600,25.9,25.44,25.52,25.9,757768.0
2011-14-06,4649100,25.9,25.25,25.34,25.7,117576092.0
2011-15-06,170100,26.14,25.4,25.42,25.4,4354643.0
2011-16-06,401800,25.7,25.15,25.26,25.42,10224772.0
2011-17-06,675900,25.85,25.25,25.59,25.25,17280646.0
2011-20-06,204100,26.1,25.59,26.01,25.59,5291444.0
2011-21-06,257000,27.69,26.21,27.34,26.25,6861875.0
2011-22-06,322200,28.2,27.57,27.89,27.57,8988075.0
2011-23-06,387800,27.61,26.9,27.0,27.61,10528928.0
2011-24-06,313900,27.21,26.91,27.0,27.2,8487719.0
2011-27-06,64300,27.25,27.09,27.19,27.1,1748115.0
2011-28-06,291600,27.2,26.94,27.15,27.2,7889872.0
2011-29-06,367600,27.17,26.51,26.7,27.15,9830270.0
2011-30-06,586300,27.35,26.55,27.0,26.87,15789896.0
2011-01-07,290800,27.05,26.85,26.89,27.0,7850693.0
2011-04-07,159900,27.0,26.7,26.75,26.97,4279557.0
2011-05-07,395300,26.84,26.5,26.5,26.75,10527918.0
2011-06-07,729100,26.7,26.49,26.65,26.5,19399148.0
2011-07-07,773400,26.89,26.75,26.82,26.85,20757316.0
2011-08-07,120100,26.9,26.75,26.79,26.85,3218290.0
2011-11-07,66700,26.7,26.31,26.58,26.7,1763589.0
2011-12-07,56600,26.5,26.24,26.25,26.5,1490561.0
2011-13-07,115200,26.25,26.12,26.2,26.25,3011647.0
2011-14-07,485200,26.5,26.19,26.4,26.2,12768809.0
2011-15-07,75000,26.49,26.25,26.35,26.4,1980846.0
2011-18-07,245600,26.36,25.96,25.97,26.36,6397664.0
2011-19-07,244700,26.21,25.7,26.02,25.95,6339550.0
2011-20-07,108200,26.11,26.0,26.0,26.0,2814592.0
2011-21-07,137800,26.2,25.8,25.9,26.2,3572609.0
2011-22-07,278700,26.77,25.94,26.68,25.95,7372584.0
2011-25-07,446400,27.09,26.68,27.01,26.68,11968015.0
2011-26-07,584800,28.35,27.0,28.07,27.0,16379377.0
2011-27-07,212200,28.03,27.3,27.46,28.03,5869110.0
2011-28-07,279000,28.1,27.6,27.75,27.75,7791874.0
2011-29-07,290000,27.75,27.42,27.54,27.72,7989553.0
2011-01-08,194900,27.98,25.34,27.93,27.54,5380513.0
2011-02-08,203600,27.94,27.45,27.5,27.94,5608607.0
2011-03-08,131400,27.6,25.84,26.75,27.5,3520336.0
2011-04-08,94500,26.75,25.9,25.99,26.75,2465557.0
2011-05-08,265400,26.0,25.2,25.5,26.0,6781090.0
2011-08-08,73900,25.0,23.39,23.39,25.0,1753344.0
2011-09-08,677900,23.84,23.15,23.59,23.39,16054751.0
2011-10-08,635500,24.07,23.0,23.6,23.6,15058827.0
2011-11-08,241800,24.5,24.15,24.28,24.5,5873272.0
2011-12-08,97200,24.75,24.46,24.65,24.46,2396823.0
2011-15-08,343300,25.15,24.75,25.13,24.75,8558528.0
2011-16-08,1112400,26.1,25.0,26.07,25.24,28669355.0
2011-17-08,1348300,27.02,26.2,27.0,26.2,36277170.0
2011-18-08,250100,26.48,26.13,26.2,26.48,6574134.0
2011-19-08,204500,26.45,26.1,26.44,26.1,5380635.0
2011-22-08,288500,26.69,26.49,26.5,26.51,7648664.0
2011-23-08,1206600,27.3,26.46,27.1,26.5,32808455.0
2011-24-08,208500,27.21,26.83,26.93,27.1,5623290.0
2011-25-08,103000,27.0,26.9,27.0,26.96,2780254.0
2011-26-08,158600,27.25,26.99,27.02,26.99,4288285.0
2011-29-08,129700,27.71,27.0,27.64,27.0,3559984.0
2011-30-08,69900,27.7,27.55,27.55,27.64,1933133.0
2011-31-08,208900,27.69,27.3,27.44,27.6,5734561.0
2011-01-09,97000,27.5,27.0,27.0,27.5,2655230.0
2011-02-09,167400,27.32,26.73,26.74,26.97,4514820.0
2011-05-09,200900,26.5,26.0,26.06,26.5,5232396.0
2011-06-09,118800,26.5,25.75,25.99,26.5,3095418.0
2011-07-09,265700,26.33,26.1,26.15,26.1,6952732.0
2011-08-09,147000,26.15,25.68,25.69,26.15,3818318.0
2011-09-09,39700,25.69,25.15,25.15,25.69,1013212.0
2011-12-09,34200,25.35,25.0,25.1,25.0,858345.0
2011-13-09,21700,25.55,25.1,25.55,25.1,548627.0
2011-14-09,54700,26.43,25.56,26.19,25.56,1424872.0
2011-15-09,166700,26.6,26.26,26.42,26.46,4397707.0
2011-19-09,253200,27.0,26.3,26.96,26.42,6758834.0
2011-20-09,75900,26.85,26.24,26.48,26.8,2033512.0
2011-21-09,210600,26.38,25.45,25.67,26.38,5445043.0
2011-22-09,218400,25.67,24.45,24.5,25.1,5399334.0
2011-23-09,48100,24.5,24.0,24.19,24.5,1161423.0
2011-26-09,140900,24.34,23.81,24.0,24.17,3393873.0
2011-27-09,91200,24.7,24.24,24.55,24.24,2234040.0
2011-28-09,79400,24.5,23.8,23.84,24.5,1900549.0
2011-29-09,117800,24.21,23.72,23.79,23.9,2836561.0
2011-30-09,46000,24.1,23.44,23.85,23.44,1095294.0
2011-03-10,63300,23.8,22.8,23.07,23.8,1472266.0
2011-04-10,91900,22.77,22.3,22.3,22.77,2070564.0
2011-05-10,138900,22.9,22.3,22.87,22.31,3129011.0
2011-06-10,642200,23.1,22.73,23.1,22.87,14600153.0
2011-07-10,88300,23.61,23.25,23.3,23.25,2066274.0
2011-10-10,96600,23.37,23.02,23.02,23.35,2248012.0
2011-11-10,45100,23.05,22.9,22.9,23.02,1036955.0
2011-12-10,46400,23.68,23.1,23.63,23.13,1081863.0
2011-13-10,25300,23.6,23.37,23.37,23.6,596732.0
2011-14-10,129400,24.1,23.5,24.0,23.59,3087641.0
2011-17-10,368800,24.0,23.71,23.71,24.0,8766744.0
2011-18-10,59000,23.82,23.66,23.68,23.71,1399306.0
2011-19-10,112100,23.75,23.07,23.09,23.7,2640275.0
2011-20-10,94300,23.09,22.77,22.85,23.09,2159380.0
2011-21-10,237800,23.11,22.85,23.11,22.85,5443978.0
2011-24-10,81900,23.33,23.07,23.1,23.08,1896115.0
2011-25-10,49800,23.45,22.77,23.24,23.1,1158476.0
2011-26-10,58700,23.3,22.77,23.14,23.26,1361697.0
2011-27-10,211300,24.0,23.49,23.5,23.5,4986450.0
2011-28-10,64200,23.74,23.36,23.36,23.5,1510100.0
2011-31-10,45800,23.3,23.11,23.15,23.3,1064824.0
2011-01-11,12872700,23.35,22.75,22.93,23.15,297991278.0
2011-03-11,165300,23.13,22.93,23.0,22.93,3803390.0
2011-04-11,32900,23.02,22.99,23.0,23.02,756765.0
2011-07-11,52000,23.0,22.77,22.93,23.0,1192203.0
2011-08-11,33500,23.0,22.8,22.9,22.8,769051.0
2011-09-11,220000,22.99,22.75,22.83,22.75,5030550.0
2011-10-11,143600,22.99,22.4,22.41,22.99,3243119.0
2011-11-11,85900,22.8,22.45,22.45,22.8,1939729.0
2011-14-11,1289300,22.4,21.88,22.31,22.23,28514810.0
2011-15-11,1029900,24.8,22.32,24.79,22.32,24639623.0
2011-16-11,425100,24.79,24.0,24.08,24.79,10338797.0
2011-17-11,152700,24.75,23.97,24.17,24.48,3697176.0
2011-18-11,117400,24.43,24.05,24.08,24.16,2854338.0
2011-22-11,423400,25.1,22.1,24.11,23.65,10023051.0
2011-23-11,607500,24.0,23.5,23.84,23.9,14407016.0
2011-24-11,125900,24.27,23.56,23.86,23.7,2997701.0
2011-25-11,63300,24.0,23.76,23.77,23.8,1508800.0
2011-28-11,68000,24.23,23.8,23.8,24.23,1633283.0
2011-29-11,156200,24.15,23.56,24.13,23.76,3739588.0
2011-30-11,1092900,26.57,23.95,25.6,24.13,27081096.0
2011-01-12,613300,25.65,24.74,24.92,25.65,15481709.0
2011-02-12,43800,25.15,24.85,24.85,25.05,1093251.0
2011-05-12,185000,24.85,24.6,24.79,24.85,4572577.0
2011-06-12,56100,24.99,24.6,24.79,24.99,1390522.0
2011-07-12,497500,24.85,23.8,23.8,24.85,12007791.0
2011-08-12,416500,23.9,22.81,23.41,23.8,9638824.0
2011-09-12,197800,23.63,23.38,23.49,23.63,4639464.0
2011-13-12,147400,23.51,22.91,23.17,23.48,3425215.0
2011-14-12,198000,23.22,22.34,23.15,23.17,4523120.0
2011-15-12,138700,24.25,22.95,23.98,23.0,3247359.0
2011-16-12,203200,23.99,23.55,23.92,23.89,4850071.0
2011-19-12,137700,23.9,23.09,23.69,23.9,3256570.0
2011-20-12,26900,23.88,23.27,23.3,23.88,632324.0
2011-21-12,153700,23.9,22.36,23.03,23.3,3576246.0
2011-22-12,449400,23.84,22.9,23.7,23.0,10422913.0
2011-23-12,132300,23.7,23.25,23.26,23.7,3122359.0
2011-26-12,40700,23.3,23.1,23.25,23.25,944732.0
2011-27-12,168400,23.35,22.8,23.3,23.25,3881440.0
2011-28-12,60600,23.5,23.0,23.38,23.1,1410999.0
2011-29-12,451300,23.5,23.18,23.5,23.35,10508180.0
2011-30-12,1112400,23.8,23.3,23.67,23.49,26148928.0
2012-02-01,15400,23.7,23.6,23.69,23.7,364810.0
2012-03-01,763900,23.68,23.25,23.26,23.6,17800883.0
2012-04-01,527100,23.6,23.35,23.39,23.6,12376855.0
2012-05-01,216600,23.5,23.25,23.5,23.25,5072423.0
2012-06-01,481500,23.7,23.4,23.66,23.59,11372294.0
2012-09-01,369800,24.65,23.66,24.49,23.66,8847263.0
2012-10-01,1282700,25.46,24.49,25.31,24.49,32086855.0
2012-11-01,338100,25.4,24.9,25.03,25.28,8480722.0
2012-12-01,473000,25.25,25.0,25.13,25.0,11872854.0
2012-13-01,91300,25.06,24.7,24.95,25.05,2275007.0
2012-16-01,65400,25.0,24.8,24.84,25.0,1624968.0
2012-17-01,125300,25.08,24.9,24.91,24.9,3129304.0
2012-18-01,111300,25.12,24.85,25.09,24.9,2790806.0
2012-19-01,215500,25.25,25.0,25.09,25.25,5415339.0
2012-20-01,154800,25.25,24.96,25.08,25.0,3885433.0
2012-23-01,274293,25.1,24.23,24.89,25.08,6780251.87
2012-24-01,138364,24.75,24.5,24.71,24.75,3410687.75
2012-25-01,177452,24.85,24.5,24.84,24.75,4372053.08
2012-26-01,419818,24.99,24.8,24.91,24.99,10449504.3
2012-27-01,92400,24.83,24.2,24.65,24.78,2274774.2
2012-30-01,41600,24.9,24.7,24.85,24.7,1030759.0
2012-31-01,489464,25.0,23.9,24.76,23.9,12078718.45
2012-01-02,198688,25.0,24.68,24.91,24.85,4933497.96
2012-02-02,265191,25.0,24.71,24.94,24.95,6589628.55
2012-03-02,211900,24.98,24.7,24.97,24.94,5266232.6
2012-07-02,164900,25.0,24.75,24.98,25.0,4107399.36
2012-08-02,294674,25.0,24.5,24.63,25.0,7265195.9
2012-09-02,192935,24.75,24.2,24.54,24.63,4722906.3
2012-10-02,250915,24.65,24.4,24.62,24.48,6159973.76
2012-13-02,323140,24.75,24.55,24.68,24.65,7970600.0
2012-14-02,584470,24.74,24.45,24.61,24.68,14412498.5
2012-15-02,222510,25.32,24.55,24.87,24.69,5526666.8
2012-16-02,247343,24.9,24.75,24.87,24.87,6137084.4
2012-17-02,65500,25.0,24.9,25.0,24.9,1634540.0
2012-20-02,47900,25.05,24.95,25.01,25.0,1196199.0
2012-21-02,463597,25.29,24.4,24.45,25.25,11419104.84
2012-22-02,200997,24.55,24.26,24.37,24.39,4903706.8
2012-23-02,286200,24.78,24.3,24.74,24.41,7013185.1
2012-24-02,32900,24.94,24.5,24.64,24.94,810684.0
2012-27-02,47600,24.58,24.0,24.19,24.58,1153492.0
2012-28-02,215922,24.08,23.0,23.99,24.08,5163832.04
2012-29-02,86437,24.05,23.7,23.84,24.05,2063447.54
2012-01-03,229931,24.3,23.32,23.88,23.78,5506833.91
2012-02-03,216166,23.95,23.5,23.72,23.95,5126897.03
2012-05-03,148190,24.01,23.6,23.83,23.72,3504774.77
2012-06-03,155860,23.78,23.26,23.27,23.78,3633593.2
2012-07-03,152885,23.7,23.55,23.62,23.55,3610264.5
2012-08-03,159669,24.0,23.6,23.94,23.6,3817043.54
2012-09-03,109666,23.89,23.55,23.7,23.86,2599649.75
2012-12-03,156055,24.0,23.28,23.82,23.65,3654982.25
2012-13-03,59687,23.93,23.75,23.89,23.87,1423632.95
2012-14-03,63975,23.89,23.4,23.64,23.89,1509840.0
2012-15-03,74706,24.5,23.5,23.7,23.87,1775307.37
2012-16-03,72599,23.7,23.57,23.7,23.67,1715693.4
2012-20-03,112839,24.0,23.6,23.65,23.7,2674701.4
2012-21-03,152943,23.65,23.52,23.58,23.65,3603984.8
2012-22-03,189822,23.6,23.1,23.31,23.6,4412262.89
2012-23-03,64300,23.5,23.18,23.19,23.39,1498027.0
2012-26-03,227127,23.25,22.9,23.11,23.2,5243283.68
2012-27-03,105271,23.2,22.96,23.02,23.2,2430665.45
2012-28-03,149779,23.1,22.9,22.97,23.05,3443965.85
2012-29-03,109220,23.28,22.95,22.98,22.97,2513992.18
2012-30-03,120630,23.22,22.8,23.17,22.89,2775239.29
2012-02-04,33169,23.0,22.85,23.0,22.95,761065.72
2012-03-04,1568303,23.05,22.9,23.04,23.0,35961961.82
2012-04-04,49947,23.0,22.85,22.98,22.9,1146070.9
2012-09-04,35200,22.97,22.84,22.84,22.97,804293.0
2012-10-04,107445,23.0,22.7,23.0,22.87,2456608.22
2012-11-04,23197,23.05,22.8,22.97,23.05,532626.85
2012-12-04,646424,22.99,22.78,22.91,22.97,14789568.93
2012-13-04,36600,22.95,22.75,22.87,22.85,837584.55
2012-16-04,48627,22.93,22.8,22.86,22.83,1111827.2
2012-17-04,121281,23.0,22.74,22.97,22.92,2778036.58
2012-18-04,79500,23.0,22.7,22.79,23.0,1811831.0
2012-19-04,237277,23.18,22.71,23.16,22.75,5449557.75
2012-20-04,80100,23.2,22.82,23.14,23.2,1849118.5
2012-23-04,322404,23.1,22.54,22.81,23.0,7343091.87
2012-24-04,50039,22.81,22.4,22.41,22.81,1129733.64
2012-25-04,166990,22.5,21.35,21.57,22.4,3715214.54
2012-26-04,858818,21.78,20.9,21.46,21.7,18318362.93
2012-27-04,267790,22.14,21.5,21.84,21.72,5813377.82
2012-30-04,93843,22.1,21.79,22.02,21.79,2052800.7
2012-02-05,293738,22.0,20.77,21.94,22.0,6318999.02
2012-03-05,80420,21.96,21.58,21.66,21.85,1747273.02
2012-04-05,359420,21.75,21.35,21.73,21.69,7734979.18
2012-07-05,103595,21.95,21.46,21.75,21.75,2245493.42
2012-08-05,108197,21.98,21.35,21.82,21.98,2337783.12
2012-09-05,143541,22.0,21.45,21.8,22.0,3106469.19
2012-10-05,115988,22.0,21.5,21.77,22.0,2522851.21
2012-11-05,60930,21.67,21.02,21.56,21.65,1312030.5
2012-14-05,29600,21.46,20.8,20.98,21.46,627314.0
2012-15-05,216489,21.1,20.53,20.87,21.0,4528661.74
2012-16-05,297756,21.45,20.37,21.11,20.75,6227690.34
2012-17-05,82022,21.11,20.93,21.1,20.93,1727987.58
2012-18-05,89595,21.0,20.71,20.98,21.0,1874615.2
2012-21-05,670734,20.98,20.78,20.86,20.9,14002259.92
2012-22-05,158672,20.9,20.51,20.86,20.9,3297810.68
2012-23-05,22313,20.86,20.64,20.75,20.68,462640.92
2012-24-05,180972,20.85,20.5,20.6,20.85,3747489.4
2012-25-05,262671,20.5,20.0,20.23,20.5,5287742.74
2012-28-05,255351,20.5,19.95,20.42,20.06,5134552.96
2012-29-05,376053,20.5,19.92,20.14,20.5,7543199.27
2012-30-05,99247,20.1,19.94,20.07,20.0,1984464.18
2012-31-05,507632,20.31,19.88,20.1,20.2,10180944.24
2012-01-06,417187,20.5,19.51,20.41,20.19,8392936.67
2012-04-06,102644,20.49,19.86,20.06,20.4,2075728.6
2012-05-06,612823,20.9,19.98,20.52,20.06,12390141.78
2012-06-06,146828,21.1,20.45,21.05,20.52,3046897.32
2012-07-06,103484,21.0,20.23,20.28,21.0,2147935.68
2012-08-06,227220,20.84,20.3,20.53,20.58,4702298.56
2012-11-06,259382,20.7,19.44,20.65,20.34,5278253.06
2012-12-06,203515,20.99,20.2,20.35,20.75,4241805.41
2012-13-06,260684,20.93,19.45,20.48,20.55,5409266.42
2012-14-06,190496,20.68,19.97,20.24,20.68,3833370.59
2012-15-06,220075,20.69,20.08,20.4,20.3,4483610.75
2012-18-06,113075,20.51,20.05,20.45,20.29,2299118.5
2012-19-06,217725,21.05,20.3,20.96,20.45,4497420.47
2012-20-06,140272,21.0,20.3,20.96,21.0,2894603.74
2012-21-06,180961,21.05,20.27,20.62,20.9,3722779.87
2012-22-06,201015,21.2,20.52,20.95,20.62,4190734.37
2012-25-06,79200,21.31,20.58,21.11,20.95,1659152.0
2012-26-06,168877,21.2,20.9,20.99,21.2,3540745.58
2012-27-06,188356,21.0,20.61,20.92,21.0,3918509.53
2012-28-06,106314,21.0,20.61,20.88,20.92,2220058.84
2012-29-06,241358,21.0,20.79,20.99,20.99,5060296.38
2012-02-07,135060,21.2,20.76,21.0,21.05,2839066.0
2012-03-07,180542,21.2,20.9,21.17,21.01,3810838.62
2012-04-07,516217,21.5,21.25,21.45,21.25,11019609.41
2012-05-07,166333,21.5,21.31,21.48,21.49,3557422.81
2012-06-07,250760,21.89,21.3,21.61,21.47,5365960.44
2012-09-07,218290,22.2,21.54,22.0,21.67,4726072.1
2012-10-07,251357,22.15,21.36,22.08,22.15,5554951.01
2012-11-07,195732,22.5,22.08,22.49,22.1,4355589.62
2012-12-07,239134,23.0,21.85,22.51,22.49,5318918.32
2012-13-07,180899,22.68,22.22,22.6,22.41,4049624.19
2012-16-07,638749,22.69,22.33,22.64,22.6,14437527.13
2012-17-07,411838,22.82,22.01,22.37,22.6,9283481.24
2012-18-07,340921,23.0,22.07,22.61,22.38,7662371.48
2012-19-07,263977,22.69,21.91,22.57,22.61,5859143.93
2012-20-07,101344,22.8,22.26,22.59,22.5,2277904.21
2012-23-07,187286,22.69,22.09,22.38,22.4,4181926.53
2012-24-07,140756,22.38,21.55,21.67,22.38,3075284.13
2012-25-07,275023,21.88,20.99,21.7,21.8,5877160.52
2012-26-07,293034,21.87,21.04,21.3,21.7,6271562.12
2012-27-07,228823,21.8,21.0,21.38,21.5,4876870.53
2012-30-07,153630,21.6,21.1,21.5,21.4,3291659.5
2012-31-07,400368,21.5,20.8,20.93,21.5,8392172.44
2012-01-08,105325,21.17,20.38,20.81,21.17,2172841.41
2012-02-08,98057,20.87,20.7,20.82,20.81,2038391.41
2012-03-08,495190,21.25,20.72,21.11,20.9,10394647.38
2012-06-08,270279,21.8,21.11,21.33,21.2,5744887.48
2012-07-08,426608,21.8,21.2,21.69,21.34,9138623.15
2012-08-08,280430,21.85,21.48,21.7,21.77,6056862.58
2012-09-08,221296,22.0,21.6,21.82,21.7,4805262.05
2012-10-08,149349,21.92,21.6,21.86,21.82,3259558.92
2012-13-08,353016,22.0,21.39,21.93,21.86,7675929.88
2012-14-08,83145,21.99,21.89,21.96,21.93,1822834.0
2012-15-08,44344,21.99,21.75,21.77,21.99,968369.12
2012-16-08,123291,21.77,21.22,21.63,21.77,2637465.45
2012-17-08,377589,21.66,21.1,21.38,21.57,8038706.48
2012-20-08,178412,21.45,21.25,21.35,21.44,3814772.03
2012-21-08,322902,21.5,20.79,21.4,21.35,6844181.85
2012-22-08,180419,21.49,20.7,21.45,21.43,3805212.23
2012-23-08,96741,21.5,21.0,21.44,21.45,2059759.67
2012-24-08,112906,21.44,21.0,21.14,21.44,2391778.08
2012-27-08,39978,21.44,20.91,20.99,21.14,845036.48
2012-28-08,204723,21.0,20.64,20.9,21.0,4265371.99
2012-29-08,81499,21.0,20.7,20.97,21.0,1694837.87
2012-30-08,382908,20.99,20.1,20.2,20.99,7778493.81
2012-31-08,618299,20.35,19.58,20.02,20.01,12230938.25
2012-03-09,275766,20.0,19.4,19.5,20.0,5399488.76
2012-04-09,310201,19.6,19.23,19.52,19.5,6014657.05
2012-05-09,181260,19.51,19.06,19.4,19.51,3511234.03
2012-06-09,350405,19.39,18.91,18.95,19.39,6680792.22
2012-07-09,552928,19.54,18.5,19.48,19.03,10505660.58
2012-10-09,549063,19.55,19.03,19.49,19.48,10572809.76
2012-11-09,555745,20.0,19.33,19.95,19.33,10923808.62
2012-12-09,376637,20.69,20.0,20.37,20.0,7663308.12
2012-13-09,655026,20.6,19.7,19.95,20.37,13161414.85
2012-14-09,289063,20.35,19.7,20.01,20.05,5754189.25
2012-17-09,182349,20.08,19.68,20.0,20.01,3620244.92
2012-18-09,162716,20.0,19.71,19.97,19.98,3235408.37
2012-19-09,339427,19.99,19.75,19.96,19.98,6738666.9
2012-20-09,279489,19.96,19.68,19.87,19.86,5531863.28
2012-21-09,399411,20.0,19.65,19.9,19.7,7907422.87
2012-24-09,257351,19.95,19.55,19.58,19.95,5054107.08
2012-25-09,499610,19.7,19.35,19.61,19.55,9738864.68
2012-26-09,291186,19.69,18.91,19.51,19.69,5631726.19
2012-27-09,441165,19.52,19.04,19.45,19.51,8521562.31
2012-28-09,992217,20.1,19.2,19.99,19.55,19425883.56
2012-01-10,183926,19.99,19.65,19.8,19.99,3634759.46
2012-02-10,913019,20.0,19.83,19.99,19.92,18171918.39
2012-03-10,119529,20.03,19.8,19.96,20.03,2381079.77
2012-04-10,199638,20.05,19.85,19.88,19.99,3986364.6
2012-05-10,233820,19.89,19.69,19.88,19.89,4638363.38
2012-08-10,168937,19.88,19.53,19.56,19.88,3323682.1
2012-09-10,368758,19.56,19.15,19.33,19.56,7125171.17
2012-10-10,455430,19.34,18.9,19.33,19.33,8723778.94
2012-11-10,270868,19.32,19.05,19.23,19.26,5191915.36
2012-12-10,190943,19.28,19.02,19.23,19.28,3654173.53
2012-15-10,252774,19.2,19.09,19.13,19.2,4836085.77
2012-16-10,783459,19.45,19.05,19.33,19.09,15036256.26
2012-17-10,1418203,20.39,19.39,20.1,19.39,28463326.36
2012-18-10,742023,20.5,20.1,20.45,20.1,15121618.12
2012-19-10,630641,20.6,20.01,20.25,20.45,12838277.37
2012-22-10,1129115,21.15,20.12,21.05,20.23,23263435.74
2012-23-10,1779698,22.05,20.89,21.86,21.05,38727772.47
2012-24-10,448691,21.75,21.15,21.46,21.7,9656302.61
2012-25-10,378045,21.3,20.75,20.82,21.3,7898298.83
2012-26-10,98496,20.85,20.52,20.77,20.72,2035840.35
2012-29-10,165257,21.5,20.2,20.3,20.8,3475274.51
2012-30-10,336096,20.81,20.51,20.64,20.51,6939444.5
2012-31-10,689048,21.05,20.05,20.93,20.6,14115150.06
2012-01-11,326939,20.9,20.31,20.45,20.9,6705827.27
2012-05-11,240521,20.7,20.0,20.34,20.0,4896099.87
2012-06-11,611814,20.37,19.81,20.15,20.37,12330462.19
2012-07-11,287287,20.27,19.9,20.08,20.25,5766070.41
2012-08-11,263106,20.1,19.65,19.79,20.1,5237774.99
2012-09-11,364695,20.0,19.06,19.89,19.66,7242713.07
2012-12-11,185585,19.95,19.51,19.92,19.79,3648226.63
2012-13-11,1081626,20.2,19.65,19.98,19.97,21713291.24
2012-14-11,353574,20.1,19.69,19.99,20.0,7069452.6
2012-15-11,414793,20.0,19.55,19.87,20.0,8252668.4
2012-16-11,208901,19.95,19.65,19.69,19.95,4120648.58
2012-20-11,246611,19.92,19.26,19.49,19.7,4818022.56
2012-21-11,662415,19.6,19.32,19.59,19.4,12910948.31
2012-22-11,581667,19.68,19.35,19.64,19.54,11391619.25
2012-23-11,468070,19.67,19.12,19.65,19.65,9165957.68
2012-26-11,387654,19.69,19.45,19.65,19.69,7597693.9
2012-27-11,238717,19.74,19.65,19.65,19.74,4693707.68
2012-28-11,334939,20.0,19.6,19.65,19.75,6584381.45
2012-29-11,233200,19.84,19.65,19.76,19.75,4600385.03
2012-30-11,334511,20.1,19.65,19.98,19.86,6670839.26
2012-03-12,130050,19.98,19.4,19.53,19.98,2575854.64
2012-04-12,226846,19.79,19.38,19.41,19.4,4421413.89
2012-05-12,245936,19.41,19.25,19.31,19.35,4750028.79
2012-06-12,355077,19.4,19.03,19.07,19.3,6829170.85
2012-07-12,186301,19.5,19.07,19.3,19.09,3613865.14
2012-10-12,136032,19.5,19.2,19.37,19.4,2626122.96
2012-11-12,211813,19.6,19.2,19.3,19.25,4122460.62
2012-13-12,123932,19.5,19.3,19.4,19.3,2407255.97
2012-14-12,61133,19.5,19.25,19.4,19.42,1184734.39
2012-17-12,101680,19.64,19.32,19.43,19.42,1981031.34
2012-18-12,110302,19.49,19.25,19.45,19.4,2142952.25
2012-19-12,119536,19.47,19.35,19.36,19.43,2322928.53
2012-20-12,172287,19.44,19.26,19.33,19.41,3340009.18
2012-21-12,99315,19.31,19.2,19.31,19.3,1912107.65
2012-24-12,560017,19.31,19.25,19.27,19.31,10797114.76
2012-26-12,70801,19.4,19.26,19.3,19.29,1368059.17
2012-27-12,63986,19.45,19.2,19.32,19.3,1239136.08
2012-28-12,58870,19.49,19.3,19.4,19.49,1141172.0
2012-31-12,64680,19.4,19.21,19.3,19.4,1245689.06
2013-02-01,94831,19.49,19.35,19.4,19.39,1842436.4
2013-03-01,171477,19.4,19.12,19.27,19.4,3296472.05
2013-04-01,245252,19.3,19.1,19.29,19.2,4702250.72
2013-07-01,245518,19.3,19.05,19.06,19.3,4691384.08
2013-08-01,265414,19.16,19.0,19.06,19.11,5052570.88
2013-09-01,334298,19.32,19.06,19.3,19.06,6437742.43
2013-10-01,150120,19.3,19.1,19.28,19.3,2885545.4
2013-11-01,433070,19.49,19.11,19.19,19.3,8347923.71
2013-14-01,679697,19.23,18.88,18.94,19.23,12930948.64
2013-15-01,527548,18.98,18.3,18.5,18.97,9905794.53
2013-16-01,292006,18.49,18.39,18.44,18.49,5381120.08
2013-17-01,494140,18.53,18.34,18.49,18.48,9103285.21
2013-18-01,163259,18.65,18.32,18.48,18.33,3006982.32
2013-21-01,145079,18.51,18.3,18.4,18.46,2663764.77
2013-22-01,357852,18.35,18.0,18.14,18.35,6480781.83
2013-23-01,217974,18.5,18.04,18.46,18.21,3989738.41
2013-24-01,294786,18.6,18.42,18.5,18.45,5453061.18
2013-25-01,294698,18.49,18.15,18.43,18.48,5414690.36
2013-28-01,151757,18.46,18.21,18.29,18.45,2792749.87
2013-29-01,175498,18.44,18.16,18.2,18.3,3195460.68
2013-30-01,285662,18.21,18.11,18.2,18.18,5191685.5
2013-31-01,495189,18.39,18.1,18.35,18.21,9047514.32
2013-01-02,147581,18.35,18.1,18.19,18.35,2684411.4
2013-05-02,257685,18.34,18.2,18.3,18.2,4714168.92
2013-06-02,215869,18.29,18.1,18.2,18.26,3926796.9
2013-07-02,487053,18.25,18.0,18.07,18.02,8831608.07
2013-08-02,1538752,18.33,16.51,17.36,18.12,27272027.79
2013-11-02,503452,17.44,16.75,16.77,17.44,8485875.14
2013-12-02,270237367,18.29,16.4,18.24,16.89,4467109676.81999
2013-13-02,2309410,18.35,17.75,17.82,18.31,41289071.75
2013-14-02,5935259,17.97,17.72,17.76,17.82,105710435.14
2013-15-02,767586,17.97,17.75,17.93,17.75,13717730.08
2013-18-02,120151,18.28,17.8,17.85,17.94,2147497.7
2013-19-02,200211,17.99,17.8,17.84,17.8,3579940.81
2013-20-02,376686,18.15,17.75,18.09,17.84,6764437.86
2013-21-02,91632,18.06,17.94,18.0,18.03,1650522.56
2013-22-02,542690,18.5,18.05,18.15,18.1,9905045.23
2013-25-02,593530,18.7,17.93,18.0,18.05,10833471.58
2013-26-02,641123,18.0,17.32,17.77,18.0,11272975.99
2013-27-02,176830,17.98,17.53,17.64,17.67,3137722.66
2013-28-02,534904,17.89,17.55,17.62,17.55,9478557.32
2013-01-03,179479,17.85,17.52,17.67,17.72,3178546.28
2013-04-03,273439,17.88,17.1,17.67,17.88,4807314.45
2013-05-03,752880,18.0,17.71,17.9,17.71,13436193.44
2013-06-03,146598,18.0,17.81,17.94,18.0,2627623.0
2013-07-03,972634,18.19,17.8,18.01,17.98,17502336.88
2013-08-03,451809,18.1,17.8,17.94,18.1,8122566.9
2013-11-03,391048,18.19,17.9,18.02,17.99,7036975.47
2013-12-03,693366,18.39,18.05,18.29,18.12,12652776.68
2013-13-03,358420,18.33,17.69,17.94,18.26,6448219.06
2013-14-03,288125,18.0,17.51,17.94,17.94,5132436.53
2013-15-03,178444,18.14,17.3,17.41,18.03,3128983.0
2013-19-03,242306,17.76,17.01,17.46,17.41,4224247.02
2013-20-03,186188,17.57,17.27,17.54,17.46,3251074.75
2013-21-03,625888,17.69,17.52,17.63,17.55,11009514.05
2013-22-03,337847,17.66,17.52,17.61,17.66,5941827.19
2013-25-03,122234,17.72,17.52,17.64,17.72,2156092.67
2013-26-03,482685,18.34,17.74,18.19,17.74,8779007.22
2013-27-03,1011791,18.29,17.97,18.29,18.28,18473132.06
2013-01-04,49000,18.29,17.83,17.85,18.29,889019.0
2013-02-04,465464,18.2,17.95,18.1,17.95,8444814.76
2013-03-04,766392,18.3,17.75,17.75,18.2,13840453.29
2013-04-04,487934,18.25,17.55,17.59,17.85,8703372.91
2013-05-04,543530,17.89,17.01,17.26,17.61,9513778.48
2013-08-04,3291235,17.5,16.99,17.25,17.35,56157158.36
2013-09-04,525218,17.24,16.9,16.93,17.24,8959114.31
2013-10-04,693019,17.0,16.67,16.71,16.96,11690408.54
2013-11-04,835314,16.96,16.6,16.91,16.67,14033052.58
2013-12-04,191850,17.0,16.82,16.97,16.9,3250348.41
2013-15-04,316805,17.2,16.75,16.82,16.99,5334806.42
2013-16-04,176781,16.88,16.6,16.75,16.78,2966960.0
2013-17-04,278930,16.86,16.7,16.79,16.76,4680749.58
2013-18-04,251629,16.9,16.7,16.79,16.84,4226192.77
2013-19-04,432204,16.87,16.57,16.75,16.85,7219943.06
2013-22-04,1967185,16.97,16.67,16.75,16.84,32910831.04
2013-23-04,843308,16.85,16.7,16.75,16.77,14122064.41
2013-24-04,662927,16.77,16.65,16.75,16.66,11076779.68
2013-25-04,942005,17.02,16.62,16.96,16.7,15866696.71
2013-26-04,281110,17.09,16.92,17.0,17.0,4779765.88
2013-29-04,186930,17.1,16.94,17.01,17.0,3180135.67
2013-30-04,321507,17.5,16.71,17.28,16.99,5502934.65
2013-02-05,335958,17.7,16.88,17.12,17.7,5744709.62
2013-03-05,132512,17.49,17.05,17.18,17.29,2280175.67
2013-06-05,284716,17.28,17.0,17.0,17.18,4843036.75
2013-07-05,599315,17.13,16.71,17.0,17.06,10192341.02
2013-08-05,465251,17.05,16.97,17.0,17.02,7910643.05
2013-09-05,228943,16.99,16.71,16.76,16.9,3837010.68
2013-10-05,1158878,16.81,16.5,16.62,16.74,19193695.17
2013-13-05,745924,16.6,16.43,16.52,16.54,12314639.17
2013-14-05,83975,16.7,16.44,16.7,16.5,1384925.1
2013-15-05,517491,16.69,16.2,16.31,16.69,8473167.18
2013-16-05,459090,16.4,16.05,16.1,16.26,7463220.28
2013-17-05,565529,16.2,16.03,16.12,16.12,9107671.58
2013-20-05,771069,16.35,16.0,16.1,16.15,12416545.64
2013-21-05,824661,16.46,16.05,16.23,16.1,13285605.72
2013-22-05,424272,16.27,16.01,16.1,16.25,6823797.82
2013-23-05,240788,16.5,16.0,16.36,16.05,3913758.84
2013-24-05,313848,16.5,16.1,16.25,16.36,5079711.61
2013-27-05,144958,16.25,16.1,16.11,16.1,2350238.18
2013-28-05,612426,16.19,15.9,16.15,16.01,9842696.11
2013-29-05,325218,16.12,15.95,16.11,16.05,5226974.39
2013-30-05,670780,16.12,16.0,16.09,16.11,10766259.92
2013-31-05,1862005,17.07,15.9,16.35,16.05,30287207.77
2013-03-06,850114,16.9,16.16,16.6,16.42,14181764.65
2013-04-06,316898,16.79,16.51,16.66,16.6,5269123.5
2013-05-06,311790,16.8,16.68,16.78,16.76,5225667.84
2013-06-06,1493788,16.8,16.54,16.77,16.7,24955405.19
2013-07-06,561500,16.8,16.35,16.51,16.72,9304173.97
2013-10-06,171308,16.6,16.36,16.56,16.56,2834307.31
2013-11-06,312433,16.53,15.75,16.32,16.49,5115642.13
2013-12-06,470025,16.5,15.0,16.25,16.3,7485597.19
2013-13-06,86724,16.58,16.2,16.41,16.34,1419156.95
2013-14-06,251880,16.48,16.13,16.39,16.33,4104028.64
2013-17-06,137734,16.79,16.43,16.47,16.44,2287446.84
2013-18-06,924523,17.0,16.19,16.51,16.5,15278105.66
2013-19-06,198697,16.6,16.07,16.22,16.5,3270153.09
2013-20-06,575326,16.21,15.3,16.0,16.05,9166066.34
2013-21-06,524479,16.3,15.78,16.2,16.01,8410116.06
2013-24-06,345312,16.1,15.6,15.91,16.1,5478035.28
2013-25-06,289409,16.19,15.85,16.03,15.85,4636627.57
2013-26-06,223546,16.75,16.13,16.7,16.13,3700052.45
2013-27-06,572752,16.82,16.56,16.75,16.6,9589452.05
2013-28-06,237430,16.79,16.44,16.5,16.65,3932056.63
2013-01-07,259618,16.65,16.21,16.5,16.5,4281868.33
2013-02-07,213376,16.8,16.49,16.65,16.5,3555179.22
2013-03-07,49000,16.69,16.5,16.53,16.55,810691.77
2013-04-07,83785,16.54,16.5,16.51,16.5,1383677.21
2013-05-07,244962,16.58,16.2,16.58,16.51,4034782.99
2013-08-07,169976,16.58,16.4,16.52,16.58,2806992.47
2013-09-07,357633,16.59,16.11,16.5,16.11,5887832.13
2013-10-07,38252,16.58,16.5,16.56,16.58,631890.11
2013-11-07,251684,16.59,16.3,16.58,16.59,4154025.53
2013-12-07,329396,16.6,16.3,16.55,16.57,5435890.44
2013-15-07,271559,16.59,16.12,16.58,16.48,4420719.1
2013-16-07,423703,16.6,16.34,16.35,16.6,6947965.41
2013-17-07,661738,16.6,16.41,16.5,16.42,10922577.28
2013-18-07,328033,16.6,16.27,16.5,16.5,5413138.48
2013-19-07,644429,16.58,16.32,16.32,16.52,10637439.88
2013-22-07,465396,16.59,15.78,16.4,16.39,7615899.83
2013-23-07,498850,16.54,16.45,16.49,16.54,8232286.24
2013-24-07,431703,16.55,16.32,16.45,16.53,7124077.91
2013-25-07,659091,16.89,16.48,16.84,16.48,10911593.95
2013-26-07,336239,16.89,16.6,16.85,16.7,5648208.7
2013-29-07,291760,16.89,16.49,16.8,16.89,4885645.22
2013-30-07,396230,16.9,16.62,16.89,16.81,6667711.0
2013-31-07,579084,16.94,16.5,16.66,16.9,9761504.72
2013-01-08,516850,17.0,16.76,16.95,16.76,8774961.44
2013-02-08,648121,17.1,16.86,17.02,16.86,11018402.4
2013-05-08,226477,17.1,16.88,17.07,17.0,3862558.82
2013-06-08,460683,17.1,17.0,17.09,17.06,7870070.17
2013-07-08,384192,17.15,17.0,17.13,17.15,6577854.02
2013-08-08,846540,17.4,17.01,17.3,17.15,14532176.24
2013-09-08,684410,17.75,17.09,17.71,17.09,12047974.14
2013-12-08,485934,17.95,17.38,17.57,17.67,8654229.3
2013-13-08,358404,18.0,17.49,17.99,17.49,6374241.92
2013-14-08,634963,18.51,17.95,18.26,18.0,11545995.16
2013-15-08,675984,18.35,17.95,18.29,18.28,12298660.83
2013-16-08,483414,18.35,18.0,18.13,18.35,8770154.04
2013-19-08,177882,18.2,17.29,17.75,18.2,3154467.81
2013-20-08,249246,17.99,17.42,17.92,17.8,4444522.02
2013-21-08,628939,18.33,17.94,18.27,17.94,11386461.38
2013-22-08,236708,18.34,18.0,18.15,18.34,4303892.41
2013-23-08,228786,18.25,18.04,18.16,18.25,4149774.64
2013-26-08,405480,18.1,17.8,17.9,18.1,7291540.37
2013-27-08,232277,18.15,17.05,17.99,17.9,4164956.98
2013-28-08,116436,18.05,17.75,17.83,17.99,2077197.09
2013-29-08,684373,18.0,17.68,17.97,17.94,12258822.14
2013-30-08,736997,18.5,17.77,18.11,17.93,13319875.31
2013-02-09,165571,18.17,17.7,17.9,18.09,2975174.21
2013-03-09,88931,18.05,17.58,17.74,17.99,1590615.43
2013-04-09,363812,18.2,17.69,17.76,17.77,6547729.5
2013-05-09,120987,18.2,17.8,17.97,17.8,2181672.49
2013-06-09,227126,18.1,17.94,17.97,18.04,4098106.52
2013-09-09,358570,18.5,18.15,18.37,18.15,6583437.35
2013-10-09,412454,19.0,18.48,18.72,18.49,7723100.99
2013-11-09,1919552,18.77,18.43,18.57,18.72,35873283.06
2013-12-09,121789,18.6,17.91,18.0,18.57,2222931.02
2013-13-09,248672,18.49,18.01,18.29,18.08,4556113.57
2013-17-09,191567,18.35,17.84,18.03,18.3,3482193.7
2013-18-09,292576,18.5,17.47,18.32,18.5,5280277.64
2013-19-09,220556,18.48,18.33,18.42,18.35,4066035.27
2013-20-09,142362,18.42,17.65,17.7,18.42,2550206.86
2013-23-09,896866,18.35,17.69,18.08,17.69,16279247.11
2013-24-09,635678,18.5,17.8,18.43,18.19,11682674.95
2013-25-09,238243,18.51,18.14,18.46,18.41,4389798.31
2013-26-09,224957,18.65,17.99,18.12,18.55,4136565.82
2013-27-09,10615223,18.7,18.22,18.68,18.37,196373813.56
2013-30-09,177856,18.68,18.5,18.66,18.68,3302618.11
2013-01-10,362564,19.0,18.6,18.92,18.6,6836989.41
2013-02-10,733677,18.95,18.64,18.89,18.78,13770296.93
2013-03-10,87624,18.95,18.69,18.74,18.95,1640842.36
2013-04-10,183180,19.0,18.56,18.76,18.75,3441728.15
2013-07-10,388228,19.0,18.44,18.98,18.7,7308212.71
2013-08-10,1064584,19.0,18.4,18.44,19.0,19782658.81
2013-09-10,924839,18.58,18.01,18.17,18.58,16953624.5
2013-10-10,1116062,18.49,18.23,18.36,18.25,20516444.07
2013-11-10,567696,18.65,18.42,18.61,18.47,10532577.61
2013-14-10,154255,18.69,18.54,18.58,18.69,2872514.81
2013-15-10,344482,18.59,18.0,18.12,18.56,6310256.48
2013-16-10,187268,18.4,17.91,18.13,18.22,3398063.22
2013-17-10,83883,18.29,17.94,18.18,18.05,1516298.5
2013-18-10,116914,18.2,18.0,18.12,18.2,2114918.1
2013-21-10,357294,18.45,17.96,18.04,18.03,6461242.21
2013-22-10,287978,18.53,18.0,18.38,18.02,5279586.03
2013-23-10,263983,18.5,18.01,18.44,18.35,4843708.12
2013-24-10,407439,18.43,17.96,18.04,18.43,7351629.24
2013-25-10,211361,18.4,17.93,18.26,18.04,3841161.82
2013-28-10,170338,18.44,18.25,18.43,18.25,3130045.07
2013-29-10,113739,18.5,18.42,18.43,18.44,2100275.92
2013-30-10,67600,18.5,18.03,18.23,18.5,1232598.0
2013-31-10,328090,18.25,18.0,18.0,18.15,5910374.54
2013-01-11,669792,18.14,17.91,18.0,17.91,12056930.15
2013-04-11,91292,18.19,18.04,18.14,18.04,1654263.6
2013-05-11,771566,18.14,17.88,18.01,18.1,13944907.92
2013-06-11,202607,18.14,17.9,17.95,18.1,3663229.41
2013-07-11,396381,18.2,17.25,17.65,17.95,7127747.35
2013-08-11,367583,18.03,17.66,17.7,17.68,6533209.3
2013-11-11,550888,17.98,17.3,17.4,17.7,9770181.39
2013-12-11,178131,17.65,17.42,17.48,17.44,3112607.0
2013-13-11,113992,17.75,17.4,17.41,17.5,1991934.66
2013-14-11,398239,18.14,17.46,18.13,17.5,7114352.35
2013-15-11,564416,18.25,17.81,17.91,18.13,10250229.52
2013-19-11,79667,18.04,17.85,18.0,17.85,1434143.0
2013-20-11,93072,18.06,18.0,18.04,18.05,1677152.42
2013-21-11,268855,18.1,17.66,17.83,18.1,4820949.74
2013-22-11,435539,18.29,17.81,17.99,17.83,7849532.01
2013-25-11,496311,18.08,17.91,18.0,18.08,8942142.2
2013-26-11,3690363,18.09,17.8,17.92,18.0,66170160.34
2013-27-11,1755835,18.19,17.45,17.77,17.82,30897042.93
2013-28-11,183054,18.05,17.72,17.99,17.86,3290032.48
2013-29-11,1284413,18.31,18.05,18.2,18.07,23347832.82
2013-02-12,201642,18.2,17.92,18.04,18.2,3647265.19
2013-03-12,673267,18.09,17.77,18.0,18.05,12107666.17
2013-04-12,286217,18.1,17.89,17.99,17.9,5146043.09
2013-05-12,1986344,18.15,17.98,18.0,18.01,35813812.26
2013-06-12,4976074,18.25,17.95,18.15,18.0,89459492.59
2013-09-12,363634,18.35,18.0,18.13,18.24,6576882.75
2013-10-12,396917,18.48,18.15,18.33,18.16,7249869.93
2013-11-12,403537,18.32,17.74,17.99,18.32,7269575.03
2013-13-12,958128,18.1,17.91,18.04,18.05,17257989.16
2013-16-12,407989,18.2,17.91,18.01,18.12,7358046.87
2013-17-12,739359,18.05,17.99,17.99,18.05,13316563.56
2013-18-12,329591,18.12,17.22,17.53,17.9,5918748.77
2013-19-12,510383,18.2,17.61,18.15,17.61,9234976.74
2013-20-12,663582,18.2,17.81,18.12,18.05,11931032.93
2013-23-12,5675453,18.09,17.98,18.03,18.09,102168665.56
2013-24-12,8908385,18.11,17.96,18.04,18.11,161148363.96
2013-26-12,946886,18.09,18.0,18.01,18.09,17054308.97
2013-27-12,818586,18.09,17.77,18.05,18.01,14739211.79
2013-30-12,1586276,18.09,17.89,17.94,18.0,28506248.34
2013-31-12,2180241,18.06,17.86,17.96,17.98,39164915.81
2014-02-01,127638,18.07,17.79,18.05,18.07,2291247.66
2014-03-01,103450,18.18,17.95,18.09,17.95,1874946.97
2014-06-01,287984,18.8,18.22,18.47,18.22,5333603.26
2014-07-01,1149449,19.5,18.43,19.46,18.43,21749081.28
2014-08-01,500943,19.67,18.52,18.99,19.46,9648507.84
2014-09-01,1214200,19.49,18.67,19.16,19.08,23196214.4
2014-10-01,641847,19.88,19.36,19.52,19.38,12584205.02
2014-13-01,373231,19.59,19.0,19.37,19.59,7166580.77
2014-14-01,817456,20.6,19.27,19.99,19.3,16248364.13
2014-15-01,457825,20.13,19.75,20.02,19.99,9147896.8
2014-16-01,380991,20.01,19.54,20.01,20.0,7563057.4
2014-17-01,393008,20.2,19.66,19.91,20.2,7812307.97
2014-20-01,22881,19.96,19.79,19.8,19.96,454230.77
2014-21-01,482496,19.8,18.96,19.46,19.8,9321518.84
2014-22-01,317038,19.82,19.34,19.49,19.82,6179224.92
2014-23-01,590485,19.47,18.82,19.4,19.39,11327973.7
2014-24-01,333181,19.32,18.99,19.22,19.32,6393494.25
2014-27-01,240699,19.25,18.9,19.18,19.16,4602721.35
2014-28-01,575862,19.27,18.94,19.0,19.08,10994643.84
2014-29-01,457232,19.34,18.99,19.19,18.99,8772435.71
2014-30-01,477320,19.32,19.0,19.29,19.0,9164118.07
2014-31-01,1203926,19.5,19.15,19.47,19.25,23340143.43
2014-04-02,708507,19.5,19.0,19.3,19.5,13566797.57
2014-05-02,301077,19.45,19.2,19.41,19.2,5835104.11
2014-06-02,558909,19.64,19.0,19.59,19.5,10925142.67
2014-07-02,1317302,19.69,19.31,19.5,19.49,25683728.33
2014-10-02,647417,19.53,18.98,19.2,19.51,12427695.83
2014-11-02,1729216,19.27,19.0,19.13,19.1,32951169.87
2014-12-02,487829,19.5,19.05,19.28,19.05,9405038.57
2014-13-02,90244,19.5,19.11,19.29,19.5,1736886.7
2014-14-02,467783,19.5,19.23,19.4,19.29,9060337.11
2014-17-02,555941,19.4,19.1,19.22,19.4,10696085.01
2014-18-02,234119,19.4,19.06,19.4,19.22,4520638.83
2014-19-02,621546,19.7,19.1,19.24,19.5,12055045.7
2014-20-02,452866,19.51,19.1,19.48,19.45,8811191.09
2014-21-02,366672,19.7,19.42,19.5,19.7,7151389.4
2014-24-02,125385,19.69,19.54,19.68,19.6,2465285.05
2014-25-02,16757549,19.69,18.82,18.96,19.56,320917670.270002
2014-26-02,1409550,19.44,18.94,19.12,19.06,26812855.81
2014-27-02,432061,19.35,19.01,19.33,19.22,8296434.8
2014-28-02,579365,19.79,19.0,19.52,19.44,11203496.81
2014-03-03,459158,19.6,19.0,19.34,19.32,8881591.74
2014-04-03,366027,19.49,19.0,19.19,19.32,7087050.7
2014-05-03,831184,19.5,19.2,19.4,19.2,16132923.26
2014-06-03,916021,19.78,19.5,19.74,19.6,18043633.01
2014-07-03,657403,19.9,19.48,19.77,19.78,12953078.63
2014-10-03,978904,20.13,19.77,19.94,19.77,19579306.34
2014-11-03,1811257,20.5,19.99,20.04,20.0,36447461.33
2014-12-03,1398862,20.04,19.77,19.9,20.0,27875711.97
2014-13-03,1575419,20.0,19.61,19.96,19.9,31345367.51
2014-14-03,1084199,20.0,19.78,20.0,19.99,21499855.81
2014-18-03,1296910,20.33,19.9,19.99,20.01,25932716.59
2014-19-03,1179242,20.14,19.95,19.98,20.0,23570229.68
2014-20-03,1136391,20.07,19.83,19.97,19.98,22670425.51
2014-21-03,4110442,20.5,20.0,20.43,20.0,83661102.19
2014-24-03,466271,20.8,20.02,20.2,20.43,9491687.69
2014-25-03,501552,20.29,19.9,20.22,20.2,10125288.01
2014-26-03,152686,20.35,20.02,20.06,20.21,3083891.97
2014-27-03,445994,20.6,20.06,20.35,20.11,9107571.54
2014-28-03,1833906,21.0,20.1,20.37,20.43,37676042.79
2014-31-03,671620,21.0,20.35,20.96,20.35,13972946.3
2014-01-04,333598,20.97,20.19,20.93,20.82,6842860.32
2014-02-04,248097,20.92,20.66,20.75,20.92,5152744.4
2014-03-04,350769,20.85,20.56,20.74,20.85,7271913.54
2014-04-04,470997,20.9,20.74,20.79,20.84,9818422.57
2014-07-04,790853,20.99,20.27,20.37,20.88,16368818.83
2014-08-04,1046585,21.47,20.45,21.17,20.45,21703145.76
2014-09-04,582888,21.45,20.86,21.37,21.17,12393201.495
2014-10-04,288652,21.6,21.1,21.24,21.27,6176995.43
2014-11-04,283798,21.32,20.92,21.13,21.19,5998248.2
2014-14-04,501913,21.13,20.71,20.95,21.1,10484714.08
2014-15-04,351105,21.3,20.78,20.92,21.04,7353554.86
2014-16-04,319532,21.25,20.75,21.15,20.92,6708533.61
2014-21-04,448193,21.8,21.15,21.69,21.26,9577638.23
2014-22-04,1498511,22.0,21.48,21.94,21.58,32875360.68
2014-23-04,386170,22.0,21.5,21.96,22.0,8459652.14
2014-24-04,435267,22.0,21.69,21.98,21.94,9554255.83
2014-25-04,687771,22.01,21.74,21.95,22.01,15081861.66
2014-28-04,1061668,22.05,21.88,21.95,22.05,23312253.61
2014-29-04,902764,22.1,21.87,22.01,22.0,19861553.27
2014-30-04,5041422,22.2,21.06,21.17,21.5,107185528.88
2014-02-05,1278522,21.59,20.81,21.0,21.17,27020843.53
2014-05-05,708032,21.18,20.77,20.99,21.1,14809778.51
2014-06-05,251313,21.39,20.87,21.23,20.99,5303683.27
2014-07-05,18187478,22.33,21.34,22.0,21.38,399614079.69
2014-08-05,1090308,22.13,21.18,21.41,22.0,23356243.96
2014-09-05,329320,21.48,21.15,21.26,21.43,7001977.2
2014-12-05,166216,21.27,21.09,21.22,21.27,3526897.31
2014-13-05,453175,21.56,21.01,21.5,21.14,9715859.72
2014-14-05,832343,21.49,21.15,21.35,21.47,17766083.28
2014-15-05,789472,21.89,21.41,21.79,21.51,17116599.24
2014-16-05,1290622,22.39,21.86,22.19,21.95,28593462.59
2014-19-05,470666,22.25,21.69,22.18,22.25,10423801.16
2014-20-05,543124,22.18,21.76,22.11,22.18,11982687.44
2014-21-05,247104,22.23,21.95,22.15,22.2,5463234.71
2014-22-05,603316,22.29,21.71,22.06,22.18,13300959.69
2014-23-05,184559,22.25,21.86,22.08,22.2,4072425.11
2014-26-05,55472,22.49,22.04,22.25,22.04,1229232.4
2014-27-05,428563,22.27,21.63,22.0,22.26,9412144.61
2014-28-05,95037,22.19,21.73,21.78,22.1,2073773.12
2014-29-05,1632186,21.88,21.4,21.71,21.54,35323963.43
2014-30-05,2491348,24.7,21.65,22.81,21.77,56264481.59
2014-02-06,585510,22.5,22.01,22.45,22.48,13064270.76
2014-03-06,161251,22.58,22.25,22.44,22.58,3611752.77
2014-04-06,420109,22.36,21.9,22.18,22.35,9332804.66
2014-05-06,903681,22.57,22.18,22.41,22.18,20229621.28
2014-06-06,341087,22.55,22.31,22.44,22.5,7666575.46
2014-09-06,163323,22.9,22.4,22.78,22.74,3714873.81
2014-10-06,273106,22.85,22.23,22.41,22.79,6130175.65
2014-11-06,328340,22.9,22.41,22.78,22.51,7430152.86
2014-12-06,161941,22.9,22.6,22.84,22.9,3694500.42
2014-13-06,271409,22.9,22.35,22.48,22.9,6150890.05
2014-16-06,216489,22.6,22.01,22.12,22.48,4858703.91
2014-17-06,419944,22.2,21.98,22.05,22.13,9250383.2
2014-18-06,186607,22.35,21.9,22.22,22.35,4124782.67
2014-19-06,176231,22.23,21.81,21.99,22.22,3876840.19
2014-20-06,1236082,22.26,21.62,21.92,22.26,27076017.6
2014-23-06,77090,22.0,21.63,21.77,21.63,1688068.12
2014-24-06,110909,21.95,21.71,21.76,21.88,2418591.26
2014-25-06,613234,21.95,21.68,21.9,21.94,13413996.94
2014-26-06,436603,22.1,21.86,22.01,22.0,9605407.44
2014-27-06,485304,22.45,22.0,22.4,22.02,10778014.17
2014-30-06,492351,22.44,22.01,22.27,22.24,10969495.44
2014-01-07,526965,22.48,22.0,22.04,22.46,11641062.68
2014-02-07,421841,22.4,21.95,22.0,22.4,9284089.03
2014-03-07,392844,22.34,22.0,22.0,22.01,8668989.72
2014-04-07,42289,22.24,22.0,22.08,22.01,932311.96
2014-07-07,304279,22.41,22.18,22.34,22.41,6789976.17
2014-08-07,244940,22.5,22.09,22.24,22.5,5447373.9
2014-09-07,712870,22.3,21.99,22.01,22.3,15692611.48
2014-10-07,473779,22.22,22.0,22.04,22.0,10432730.42
2014-11-07,477736,22.3,22.0,22.18,22.3,10565721.42
2014-14-07,225214,22.3,22.0,22.07,22.25,4978567.49
2014-15-07,1371280,22.28,21.99,22.13,22.01,30182680.77
2014-16-07,1615051,22.12,21.98,22.02,22.12,35533478.98
2014-17-07,1112416,22.27,21.96,22.08,22.14,24516957.71
2014-18-07,419996,22.11,22.0,22.0,22.05,9243713.33
2014-21-07,227406,22.15,22.0,22.12,22.13,5021333.14
2014-22-07,240209,22.15,22.0,22.05,22.15,5301240.62
2014-23-07,336067,22.14,22.0,22.01,22.14,7399448.0
2014-24-07,342128,22.28,22.0,22.21,22.0,7564133.89
2014-25-07,235810,22.18,22.0,22.0,22.01,5190285.6
2014-28-07,158814,22.2,22.0,22.14,22.2,3500291.23
2014-29-07,462123,22.13,21.98,22.11,22.01,10174693.18
2014-30-07,447093,22.13,22.0,22.01,22.13,9844266.74
2014-31-07,1707868,22.1,21.7,22.0,22.1,37536201.82
2014-01-08,777976,22.15,21.97,22.11,21.97,17140537.53
2014-04-08,562038,23.0,22.01,22.87,22.2,12598129.72
2014-05-08,265512,22.85,22.05,22.21,22.85,5919957.82
2014-06-08,725578,22.58,21.7,22.01,22.58,15969644.67
2014-07-08,6724270,22.15,21.61,22.0,22.1,147918280.55
2014-08-08,4448567,22.1,22.0,22.01,22.1,97871551.04
2014-11-08,902759,22.25,21.91,22.08,22.25,19868179.94
2014-12-08,356935,22.25,22.01,22.24,22.2,7931314.49
2014-13-08,268660,22.5,22.02,22.41,22.02,5995956.21
2014-14-08,99377,22.46,22.11,22.17,22.35,2213878.72
2014-15-08,576898,22.35,22.0,22.01,22.02,12716276.98
2014-18-08,80700,22.12,22.0,22.01,22.01,1776078.7
2014-19-08,709044,22.24,22.0,22.04,22.0,15618328.34
2014-20-08,128095,22.24,21.8,22.06,22.0,2827875.2
2014-21-08,126254,22.25,21.81,22.24,22.05,2791577.37
2014-22-08,68352,22.25,22.04,22.21,22.25,1514590.55
2014-25-08,134969,22.4,22.04,22.28,22.11,3001452.76
2014-26-08,361618,22.38,21.75,21.87,22.02,7965917.12
2014-27-08,408891,22.07,21.75,21.75,21.87,8948053.4
2014-28-08,489493,22.04,21.3,21.35,22.04,10504453.92
2014-29-08,834723,21.61,20.7,21.13,21.61,17649375.61
2014-01-09,517007,21.5,20.7,20.95,21.5,10818893.97
2014-02-09,254826,21.3,20.77,20.86,21.3,5341764.13
2014-03-09,272738,21.18,20.81,20.9,21.0,5723858.74
2014-04-09,278843,21.06,20.5,20.59,21.06,5809864.56
2014-05-09,263169,20.85,20.27,20.42,20.77,5430749.66
2014-08-09,83675,20.64,20.35,20.45,20.5,1713424.74
2014-09-09,308899,20.84,20.0,20.07,20.84,6264392.38
2014-10-09,147396,20.28,19.7,19.73,20.28,2943844.42
2014-11-09,862757,20.28,19.65,20.16,20.28,17308404.43
2014-12-09,292445,20.75,19.85,20.48,20.15,5928813.75
2014-15-09,452578,20.98,20.09,20.83,20.65,9256539.02
2014-17-09,715648,21.22,20.46,21.13,20.73,15075836.86
2014-18-09,222388,21.13,20.16,20.37,20.16,4578447.04
2014-19-09,286134,20.99,20.5,20.78,20.55,5933005.67
2014-22-09,233990,20.88,20.33,20.43,20.88,4801889.34
2014-23-09,512777,20.85,20.44,20.73,20.44,10563081.19
2014-24-09,339596,20.73,20.31,20.52,20.71,6970834.13
2014-25-09,488639,20.66,20.22,20.4,20.53,9992459.18
2014-26-09,229648,20.5,20.11,20.46,20.46,4679564.49
2014-29-09,507535,20.49,20.12,20.15,20.36,10247095.95
2014-30-09,502547,20.45,19.76,20.23,20.13,10114463.71
2014-01-10,607845,20.35,19.64,20.25,20.35,12196789.09
2014-02-10,802156,20.23,19.76,20.06,20.23,16037063.72
2014-03-10,129946,20.29,19.96,20.21,20.05,2618775.12
2014-06-10,255590,20.54,19.85,20.0,20.3,5161261.54
2014-07-10,3874733,20.19,19.9,19.96,20.19,77341180.47
2014-08-10,291688,20.5,19.88,20.28,20.1,5861020.87
2014-09-10,642813,20.5,19.94,20.04,20.25,13028428.65
2014-10-10,1641822,21.0,19.9,20.41,20.19,33519161.39
2014-13-10,775604,20.56,20.32,20.43,20.51,15857155.88
2014-14-10,346918,20.59,20.03,20.49,20.59,7079482.75
2014-15-10,296992,20.6,19.91,20.09,20.6,5965837.96
2014-16-10,1675758,20.12,19.75,19.75,20.0,33184086.02
2014-17-10,394169,20.5,19.75,20.47,19.75,7975196.17
2014-20-10,456723,20.69,20.44,20.68,20.47,9390808.8
2014-21-10,508669,20.66,20.11,20.39,20.11,10368301.36
2014-22-10,282935,21.0,20.06,20.9,20.39,5807459.86
2014-23-10,250589,21.58,20.71,21.16,21.0,5264124.57
2014-24-10,728841,21.5,20.56,21.41,20.56,15388741.95
2014-27-10,172604,21.41,21.0,21.07,21.41,3648728.78
2014-28-10,373435,21.1,20.86,20.99,21.06,7847285.8
2014-29-10,813767,21.24,20.8,21.04,21.1,17075212.0
2014-30-10,424419,21.21,20.91,21.08,21.01,8928635.53
2014-31-10,1499203,21.5,20.51,20.94,21.18,31592674.81
2014-03-11,225891,21.31,20.91,21.21,20.94,4778484.07
2014-04-11,188641,21.47,21.0,21.34,21.32,3980158.42
2014-05-11,544219,21.54,21.06,21.1,21.47,11536623.86
2014-06-11,294861,21.2,21.0,21.02,21.11,6202255.28
2014-07-11,659680,21.16,20.81,21.02,21.0,13854559.51
2014-10-11,236089,21.26,21.0,21.02,21.0,4983690.12
2014-11-11,60836,21.1,20.87,20.93,21.0,1277660.18
2014-12-11,192964,21.1,20.56,20.63,20.93,4033227.73
2014-13-11,302189,21.2,19.81,21.09,21.2,6236138.43
2014-14-11,157658,21.15,20.52,20.67,21.15,3265549.35
2014-18-11,105472,20.93,20.5,20.69,20.93,2174333.53
2014-19-11,485556,21.15,20.34,21.12,20.5,10033869.28
2014-20-11,245303,21.55,20.51,21.27,20.51,5230344.75
2014-21-11,311482,21.51,21.01,21.48,21.33,6678636.46
2014-24-11,182603,21.57,21.0,21.17,21.55,3906308.22
2014-25-11,1367326,21.65,21.05,21.48,21.17,29355698.19
2014-26-11,387358,21.5,21.0,21.05,21.49,8274796.69
2014-27-11,61491,21.4,21.0,21.01,21.0,1310159.43
2014-28-11,307036,21.54,21.0,21.48,21.0,6518110.15
2014-01-12,270945,21.54,20.52,20.56,21.53,5679519.4
2014-02-12,237973,20.9,20.1,20.28,20.56,4891818.14
2014-03-12,259777,20.69,20.0,20.6,20.0,5314941.89
2014-04-12,409295,20.79,20.03,20.53,20.75,8391002.26
2014-05-12,180614,21.18,20.56,21.11,20.56,3794093.68
2014-08-12,595211,20.8,20.06,20.2,20.06,12223572.34
2014-09-12,285708,20.48,19.51,19.66,20.1,5678855.75
2014-10-12,426296,20.25,19.5,19.98,20.04,8452266.63
2014-11-12,86817,19.98,19.5,19.69,19.98,1715463.76
2014-15-12,1189204,19.72,17.9,19.13,19.69,22631616.79
2014-16-12,534376,20.04,19.0,19.8,19.01,10347747.64
2014-17-12,370210,20.0,19.3,19.77,19.3,7296490.89
2014-18-12,452657,20.15,19.0,19.74,19.87,9027623.99
2014-19-12,687308,19.97,19.37,19.7,19.89,13493598.39
2014-22-12,712693,20.0,19.41,19.58,20.0,13967686.63
2014-23-12,400029,19.99,19.3,19.5,19.85,7853938.21
2014-24-12,48339,19.74,19.64,19.64,19.74,949427.96
2014-26-12,25217,19.7,19.51,19.63,19.51,494831.34
2014-29-12,343277,19.9,19.23,19.52,19.63,6705499.63
2014-30-12,515789,20.56,19.31,20.39,19.8,10238740.69
2014-31-12,128029,20.62,20.0,20.44,20.34,2596649.39
2015-02-01,448264,20.6,19.2,19.39,20.6,8775874.81
2015-05-01,454473,20.59,19.17,20.03,19.7,8857449.01
2015-06-01,290081,20.2,19.27,19.57,20.2,5675931.34
2015-07-01,219929,19.95,19.37,19.43,19.67,4305778.66
2015-08-01,287172,21.4,19.43,20.84,19.43,5805816.07
2015-09-01,122541,20.9,20.31,20.4,20.9,2505461.95
2015-12-01,206016,21.35,20.32,20.87,20.5,4294152.2
2015-13-01,783590,21.6,21.0,21.39,21.07,16715890.49
2015-14-01,723500,21.5,21.01,21.15,21.5,15259470.59
2015-15-01,670430,21.3,20.32,20.79,21.3,13937659.56
2015-16-01,1543840,21.1,20.51,20.74,21.1,32000688.58
2015-19-01,1332830,21.37,20.76,21.28,20.76,28090228.14
2015-20-01,323974,21.34,21.04,21.13,21.32,6870640.62
2015-21-01,436141,21.79,21.01,21.52,21.23,9299767.26
2015-22-01,1047536,21.8,21.1,21.53,21.52,22414990.52
2015-23-01,612228,21.65,21.3,21.38,21.55,13100451.75
2015-26-01,189377,21.9,21.31,21.8,21.47,4083598.06
2015-27-01,287156,22.0,21.74,21.98,21.89,6282777.26
2015-28-01,173338,22.03,21.21,21.45,22.0,3757287.21
2015-29-01,950671,22.0,21.13,21.94,21.88,20527704.77
2015-30-01,885491,22.41,21.81,22.35,21.99,19634878.49
2015-03-02,979115,22.56,22.2,22.46,22.44,22019255.67
2015-04-02,242095,22.5,22.22,22.49,22.22,5424780.71
2015-05-02,390789,22.73,22.39,22.63,22.4,8814857.17
2015-06-02,468485,22.68,22.51,22.63,22.57,10604623.87
2015-09-02,230288,22.75,22.44,22.69,22.7,5202821.83
2015-10-02,597233,22.99,22.5,22.75,22.9,13626314.96
2015-11-02,542959,22.5,22.22,22.35,22.29,12149902.8
2015-12-02,335600,22.95,22.36,22.92,22.37,7638144.69
2015-13-02,419326,23.46,22.39,22.97,22.94,9570004.2
2015-16-02,190354,23.33,23.0,23.2,23.0,4432734.85
2015-17-02,562050,23.65,23.16,23.51,23.22,13138639.62
2015-18-02,927654,26.0,23.71,24.35,23.71,22812071.58
2015-19-02,454982,24.5,23.79,24.2,24.36,10985330.08
2015-20-02,618555,24.35,23.94,24.15,24.04,14956734.35
2015-23-02,317009,24.64,23.97,24.42,24.17,7705576.67
2015-24-02,988164,24.5,24.05,24.4,24.32,24096602.25
2015-25-02,1141631,24.65,24.01,24.45,24.5,27962306.85
2015-26-02,246332,24.65,24.4,24.6,24.47,6051548.03
2015-27-02,2428288,25.98,24.21,25.19,24.6,60487459.01
2015-02-03,202511,25.49,24.97,25.41,25.19,5118501.72
2015-03-03,809358,25.42,23.5,25.21,25.42,20155404.65
2015-04-03,417905,25.21,23.01,24.47,25.21,10369888.87
2015-05-03,471906,24.9,24.14,24.8,24.9,11561539.04
2015-06-03,789467,24.99,24.25,24.38,24.8,19591459.89
2015-09-03,142156,25.0,24.48,24.64,24.48,3517955.02
2015-10-03,820443,25.19,24.64,24.77,24.71,20454519.48
2015-11-03,1660396,25.2,24.16,24.7,25.0,41636929.4
2015-12-03,1212565,25.2,24.6,25.06,24.95,30337058.63
2015-13-03,782645,25.39,25.07,25.28,25.07,19779998.73
2015-17-03,1055055,27.0,25.21,26.39,25.32,27869341.35
2015-18-03,763570,26.39,26.1,26.34,26.32,20079189.88
2015-19-03,418152,26.99,26.24,26.75,26.24,11207758.32
2015-20-03,1439436,26.99,25.2,26.91,26.75,38553988.22
2015-23-03,263414,26.97,26.84,26.93,26.97,7094100.97
2015-24-03,895932,27.65,26.78,27.05,26.94,24215949.65
2015-25-03,607226,27.5,26.76,26.98,27.05,16386585.59
2015-26-03,666071,26.98,25.65,25.91,26.98,17352102.06
2015-27-03,594815,27.35,25.9,26.37,25.9,15738463.79
2015-30-03,176079,26.75,26.5,26.6,26.75,4699478.3
2015-31-03,354231,26.86,26.2,26.29,26.6,9363524.99
2015-01-04,195101,27.31,26.23,27.05,26.29,5236499.32
2015-06-04,659153,28.8,27.05,27.97,27.05,18531859.45
2015-07-04,663955,28.28,27.77,27.91,28.07,18636810.66
2015-08-04,857123,28.5,27.77,28.41,28.11,24076460.34
2015-09-04,399389,28.53,27.72,28.49,28.41,11290095.03
2015-10-04,332682,28.6,28.29,28.56,28.39,9488387.18
2015-13-04,694559,29.8,28.41,28.91,28.76,19898654.18
2015-14-04,531889,29.48,27.71,27.93,29.48,15001700.36
2015-15-04,256653,28.35,27.63,27.78,28.0,7207685.27
2015-16-04,915317,28.13,27.3,27.43,28.09,25291797.19
2015-17-04,200880,27.69,27.35,27.53,27.5,5540770.96
2015-20-04,134699,27.78,27.35,27.69,27.48,3716280.44
2015-21-04,412898,27.87,26.7,27.08,27.66,11225248.16
2015-22-04,633731,28.16,26.9,27.75,27.08,17302124.35
2015-23-04,496511,28.5,27.52,28.48,28.0,13994593.42
2015-24-04,238364,28.68,28.35,28.59,28.5,6799440.49
2015-27-04,126667,28.91,28.4,28.77,28.57,3647738.83
2015-28-04,1163799,29.33,28.45,29.3,28.6,33653171.66
2015-29-04,1405515,29.25,27.01,27.63,29.25,39279868.0
2015-30-04,825342,28.09,26.78,27.19,28.09,22444316.12
2015-04-05,617461,27.99,26.7,26.86,27.19,16969328.47
2015-05-05,459252,27.68,26.71,26.81,26.8,12408087.48
2015-06-05,523392,27.36,26.61,26.75,27.36,14040577.89
2015-07-05,502323,26.88,26.01,26.3,26.7,13203530.62
2015-08-05,597019,26.82,26.1,26.3,26.35,15773028.53
2015-11-05,257807,26.5,26.19,26.24,26.5,6777592.57
2015-12-05,1009432,26.38,24.03,25.84,26.2,26056324.96
2015-13-05,1231227,26.29,25.45,25.62,25.7,31677362.24
2015-14-05,836314,26.15,25.48,25.56,25.74,21526079.13
2015-15-05,598430,25.94,25.56,25.73,25.57,15397257.33
2015-18-05,1526555,27.2,25.85,26.88,26.15,40867971.87
2015-19-05,789232,27.55,26.7,26.76,26.86,21469199.34
2015-20-05,338991,27.25,26.6,26.79,26.73,9130472.99
2015-21-05,263471,27.1,26.75,26.99,26.89,7101195.79
2015-22-05,271113,27.1,26.5,26.93,27.1,7246098.51
2015-25-05,60994,26.93,26.3,26.31,26.93,1627050.54
2015-26-05,563606,27.04,26.42,26.53,26.42,15086058.3
2015-27-05,573201,27.0,25.89,26.11,27.0,15034508.7
2015-28-05,418955,26.64,25.8,26.13,26.12,10951765.2
2015-29-05,1047922,26.19,25.4,25.94,26.09,27007373.88
2015-01-06,209831,26.18,25.71,26.05,25.95,5441187.8
2015-02-06,348087,26.15,25.62,25.85,26.15,9049028.64
2015-03-06,238865,26.04,25.75,25.99,26.04,6208046.94
2015-04-06,537155,26.5,25.63,26.1,26.1,13987369.07
2015-05-06,443582,26.45,25.5,25.74,26.45,11414761.61
2015-08-06,530276,25.93,25.32,25.76,25.74,13635828.9
2015-09-06,574676,25.77,25.26,25.36,25.77,14678220.12
2015-10-06,647640,25.6,25.2,25.37,25.32,16460450.24
2015-11-06,589185,25.69,25.12,25.62,25.37,15056834.52
2015-12-06,420347,25.82,25.01,25.06,25.63,10593736.49
2015-15-06,395476,25.06,24.51,24.75,25.06,9768520.89
2015-16-06,542918,24.92,24.65,24.79,24.75,13437995.29
2015-17-06,398493,25.19,24.76,25.16,24.89,9926929.89
2015-18-06,361817,25.7,25.09,25.61,25.3,9221908.19
2015-19-06,872951,25.48,24.55,24.89,25.31,21789667.31
2015-22-06,497247,25.25,24.64,24.99,25.01,12432089.45
2015-23-06,1132045,25.09,24.76,24.84,24.99,28257803.32
2015-24-06,1616336,25.11,24.6,24.98,24.6,40296729.68
2015-25-06,1366133,25.19,24.65,25.03,24.65,34160637.53
2015-26-06,291443,25.28,25.1,25.22,25.1,7350760.54
2015-29-06,266655,25.49,24.71,25.27,24.71,6679548.16
2015-30-06,4847396,25.3,24.79,24.94,25.3,120939806.27
2015-01-07,435528,25.51,24.78,25.22,25.0,10999838.7
2015-02-07,195747,25.74,24.9,25.36,25.2,4954207.27
2015-03-07,142241,25.64,25.22,25.4,25.22,3625592.24
2015-06-07,574368,25.4,25.01,25.24,25.4,14450586.01
2015-07-07,510533,25.74,25.05,25.72,25.26,12994299.41
2015-08-07,493033,25.71,25.4,25.56,25.64,12601262.74
2015-09-07,727913,26.5,25.56,26.42,25.56,19030532.04
2015-10-07,819630,26.87,26.14,26.53,26.5,21845388.21
2015-13-07,575172,26.88,25.83,26.02,26.88,15170453.84
2015-14-07,1365543,26.95,26.32,26.92,26.32,36645116.01
2015-15-07,356302,26.98,26.37,26.5,26.97,9527934.12
2015-16-07,406317,27.09,26.59,27.03,26.59,10947289.1
2015-17-07,291763,27.14,26.48,26.95,26.48,7848918.94
2015-20-07,654505,27.34,26.69,27.15,26.93,17688345.55
2015-21-07,164877,27.33,26.72,26.98,27.33,4447498.44
2015-22-07,742717,27.0,25.2,26.05,26.95,19724230.8
2015-23-07,555435,26.5,25.51,25.8,26.49,14544604.5
2015-24-07,697971,26.24,25.11,25.24,25.9,17849886.36
2015-27-07,955479,25.57,25.1,25.24,25.24,24187053.06
2015-28-07,767641,25.48,25.2,25.29,25.26,19426089.28
2015-29-07,1429233,25.79,25.2,25.33,25.39,36395082.45
2015-30-07,141386,25.64,25.26,25.4,25.26,3594069.53
2015-31-07,1965856,25.93,25.14,25.31,25.4,50231514.44
2015-03-08,785021,26.2,25.31,25.99,25.31,20322226.95
2015-04-08,802197,26.45,25.91,26.24,25.91,20906621.71
2015-05-08,680024,26.7,26.25,26.6,26.49,18030069.59
2015-06-08,536230,26.7,25.57,26.03,26.7,13989358.84
2015-07-08,843135,26.64,26.12,26.49,26.12,22315911.92
2015-10-08,669652,26.7,26.14,26.67,26.47,17803472.69
2015-11-08,364422,26.5,26.07,26.21,26.5,9572698.12
2015-12-08,790427,26.34,25.6,26.0,26.19,20556212.51
2015-13-08,142513,26.66,26.0,26.3,26.0,3756267.87
2015-14-08,162773,26.4,25.99,26.03,26.32,4248422.45
2015-17-08,231378,26.51,25.99,26.0,26.51,6025915.21
2015-18-08,522787,26.19,25.66,25.93,26.1,13598068.47
2015-19-08,922256,26.12,25.45,25.86,25.94,23982287.0
2015-20-08,1124744,26.4,25.87,26.11,25.87,29292253.21
2015-21-08,1197146,26.09,25.82,25.92,26.09,31073830.37
2015-24-08,6967461,25.4,24.71,25.01,25.4,174457711.64
2015-25-08,19739871,25.65,24.9,25.01,25.4,497944561.63
2015-26-08,3342414,25.76,24.99,25.35,25.76,83677104.95
2015-27-08,603690,25.74,25.11,25.38,25.11,15312085.6
2015-28-08,1319297,25.52,25.17,25.41,25.5,33512190.63
2015-31-08,4913358,25.4,24.95,25.05,25.36,123444054.92
2015-01-09,492338,25.39,24.55,25.0,24.59,12288648.5
2015-02-09,102415,25.59,24.92,25.39,25.1,2585189.18
2015-03-09,142672,25.6,25.01,25.32,25.01,3624369.24
2015-04-09,1525847,25.45,25.01,25.23,25.32,38326885.94
2015-07-09,142547,25.64,25.31,25.63,25.31,3643987.55
2015-08-09,274951,25.64,25.07,25.27,25.64,6981198.83
2015-09-09,696813,25.52,25.32,25.42,25.4,17733247.29
2015-10-09,305184,26.24,25.43,26.07,25.43,7912583.54
2015-11-09,241062,26.4,25.8,26.34,25.8,6332006.46
2015-14-09,152776,26.46,25.9,26.35,26.46,4020122.97
2015-15-09,121914,26.45,26.01,26.27,26.39,3210168.16
2015-17-09,451429,27.0,25.64,26.42,25.65,11991583.68
2015-18-09,353579,26.99,26.01,26.56,26.3,9351056.99
2015-21-09,350354,27.0,26.5,26.65,27.0,9296243.61
2015-22-09,182162,26.6,26.03,26.14,26.6,4785374.74
2015-23-09,437577,26.14,25.61,25.91,26.14,11415676.19
2015-24-09,1228504,25.98,25.35,25.98,25.7,31236964.44
2015-25-09,321937,26.48,25.46,26.07,26.34,8430866.45
2015-28-09,343923,26.29,25.74,25.87,26.21,8992158.06
2015-29-09,83354,26.25,25.76,25.94,25.76,2175860.41
2015-30-09,349245,26.94,26.02,26.48,26.07,9218010.26
2015-01-10,224961,26.89,26.43,26.55,26.43,6012111.11
2015-02-10,453837,27.48,26.5,27.26,26.53,12205462.78
2015-05-10,597333,29.0,27.4,27.8,27.4,16696216.84
2015-06-10,255788,28.0,26.88,27.47,28.0,7067427.66
2015-07-10,315489,28.4,27.52,27.62,27.68,8765473.87
2015-08-10,420363,28.2,27.0,28.04,27.55,11735577.19
2015-09-10,428154,28.15,27.45,27.71,28.15,11914839.45
2015-12-10,526580,28.05,27.15,27.87,27.15,14661751.77
2015-13-10,691336,28.01,27.64,27.94,27.68,19345975.61
2015-14-10,137465,28.0,27.69,27.95,28.0,3843633.2
2015-15-10,609606,28.5,27.73,28.07,28.01,17129364.58
2015-16-10,295469,28.49,28.0,28.19,28.1,8315280.16
2015-19-10,396527,28.5,28.0,28.46,28.13,11167377.7
2015-20-10,330895,28.48,27.9,28.47,27.9,9411977.0
2015-21-10,649028,29.19,28.25,28.92,28.45,18658280.63
2015-22-10,675696,29.49,28.51,29.04,28.88,19719472.86
2015-23-10,435283,29.29,28.62,29.25,28.99,12664173.38
2015-26-10,77418,29.3,28.42,28.9,29.3,2242911.33
2015-27-10,89151,28.9,28.3,28.56,28.9,2553246.43
2015-28-10,564696,29.03,27.67,28.81,28.75,16201154.12
2015-29-10,489832,29.37,28.58,29.31,29.0,14318696.0
2015-30-10,704539,29.6,28.8,29.0,29.33,20470086.01
2015-03-11,323995,29.49,29.0,29.11,29.0,9450630.49
2015-04-11,140247,29.3,28.8,29.0,28.8,4077982.32
2015-05-11,106334,29.17,28.77,28.8,29.0,3081306.79
2015-06-11,633032,29.0,28.22,28.85,28.82,18282835.64
2015-09-11,237925,29.13,28.29,28.39,28.9,6803929.0
2015-10-11,978782,28.86,28.25,28.8,28.4,27851321.36
2015-11-11,53762,29.07,28.6,28.73,28.95,1548054.63
2015-12-11,250406,29.44,28.75,29.21,28.78,7313889.84
2015-13-11,178171,29.28,28.51,28.64,29.28,5136782.15
2015-17-11,91926,28.79,28.43,28.47,28.64,2628390.38
2015-18-11,288139,28.79,28.37,28.74,28.47,8239987.78
2015-19-11,6415766,40.01,36.3,38.29,40.0,240957993.11
2015-20-11,1124430,38.75,37.36,37.76,37.91,42804290.87
2015-23-11,1056402,38.32,37.0,38.07,37.5,40144133.63
2015-24-11,946239,39.9,37.51,39.47,37.51,36859810.54
2015-25-11,666564,39.5,37.86,39.46,39.5,25833773.45
2015-26-11,105000,38.92,38.51,38.61,38.71,4065038.18
2015-27-11,348684,38.8,38.02,38.47,38.36,13387793.45
2015-30-11,1212660,39.07,38.11,38.26,38.6,46532827.21
2015-01-12,837194,38.82,38.06,38.28,38.25,32045337.94
2015-02-12,101554,38.6,38.01,38.11,38.35,3882084.96
2015-03-12,621202,38.23,38.0,38.2,38.0,23722641.05
2015-04-12,68806,38.54,38.1,38.44,38.18,2644469.11
2015-07-12,159842,38.29,38.05,38.1,38.2,6091044.33
2015-08-12,131211,38.3,37.74,38.05,38.1,5002512.56
2015-09-12,145204,38.5,38.03,38.45,38.03,5571239.73
2015-10-12,151526,38.77,38.01,38.21,38.43,5796951.98
2015-11-12,108663,38.51,38.08,38.46,38.38,4177083.85
2015-14-12,173235,38.6,38.11,38.5,38.34,6646990.79
2015-15-12,183835,39.5,38.58,39.22,38.7,7171228.1
2015-16-12,355127,40.69,39.0,40.22,39.5,14247520.29
2015-17-12,378314,40.49,39.06,39.2,40.49,15071619.73
2015-18-12,872019,39.6,38.16,38.22,39.23,33358731.45
2015-21-12,138357,39.35,38.23,38.29,38.89,5325938.47
2015-22-12,78591,39.0,38.29,38.58,39.0,3044153.41
2015-23-12,21180,38.9,38.56,38.86,38.6,819567.47
2015-24-12,12147,38.89,38.6,38.61,38.86,470818.71
2015-28-12,21550,38.9,38.59,38.88,38.59,836767.06
2015-29-12,69900,39.1,38.7,38.93,39.1,2720628.95
2015-30-12,63136,39.2,38.97,39.09,39.0,2466263.51
2015-31-12,99954,39.86,38.82,39.29,39.5,3931202.51
2016-04-01,691912,39.96,38.82,39.11,39.29,27068085.89
2016-05-01,202541,39.5,38.52,39.11,39.19,7954066.2
2016-06-01,160882,39.49,38.8,39.34,39.11,6288671.56
2016-07-01,577660,39.39,38.56,39.11,39.32,22569471.37
2016-08-01,55239,39.24,38.75,39.11,39.24,2158591.04
2016-11-01,49764,39.6,38.5,38.95,39.09,1944495.05
2016-12-01,233672,39.38,38.1,38.66,39.2,9152008.73
2016-13-01,129425,39.08,38.1,38.22,39.08,4970394.61
2016-14-01,144443,39.09,38.1,38.62,38.29,5578199.36
2016-15-01,104967,38.6,37.85,38.2,37.97,3998647.36
2016-18-01,661223,38.94,38.08,38.83,38.23,25522301.57
2016-19-01,225949,38.99,37.76,38.57,38.17,8671634.56
2016-20-01,209568,38.57,37.65,38.3,38.57,7959144.34
2016-21-01,216094,39.0,37.66,38.29,38.68,8322744.2
2016-22-01,43978,39.0,38.3,38.48,38.88,1691827.89
2016-25-01,140123,38.88,38.19,38.33,38.88,5390350.25
2016-26-01,48677,38.94,38.2,38.63,38.94,1881048.89
2016-27-01,177549,39.0,38.5,38.71,38.57,6875236.13
2016-28-01,127615,38.99,38.35,38.92,38.4,4912402.52
2016-29-01,378859,39.99,38.45,39.57,38.45,14838694.96
2016-02-02,221638,39.55,38.5,38.7,39.55,8570056.42
2016-03-02,791619,39.85,38.7,39.72,38.7,30990155.35
2016-04-02,1305083,41.05,39.7,40.31,39.7,52310429.96
2016-05-02,97654,40.58,39.1,40.2,40.57,3916835.49
2016-08-02,37534,40.98,39.61,39.85,40.0,1509497.83
2016-09-02,193859,39.8,38.9,39.01,38.9,7568641.03
2016-10-02,56224,39.63,38.65,39.06,39.59,2211344.57
2016-11-02,37862,39.48,38.51,39.0,38.51,1476246.2
2016-12-02,112374,40.15,39.47,40.07,39.47,4495369.45
2016-15-02,178496,40.8,39.83,40.02,40.0,7149720.46
2016-16-02,204553,40.13,39.3,40.1,40.1,8162006.74
2016-17-02,82012,40.65,39.51,40.02,40.12,3294263.08
2016-18-02,35410,40.5,39.64,40.0,40.5,1415119.91
2016-19-02,133107,40.23,39.42,39.54,39.98,5263883.16
2016-22-02,73979,40.35,39.28,40.08,39.6,2952301.67
2016-23-02,68550,40.43,39.44,40.34,40.08,2759446.94
2016-24-02,100390,40.33,39.6,40.22,40.14,4031669.17
2016-25-02,92969,40.45,39.59,39.84,40.25,3724384.39
2016-26-02,68857,39.7,38.71,38.85,39.5,2692152.46
2016-29-02,851563,39.1,38.0,38.37,39.1,32654846.28
2016-01-03,149008,39.79,38.31,38.8,38.6,5804861.47
2016-02-03,188576,39.95,39.16,39.86,39.59,7468970.2
2016-03-03,380894,40.45,39.1,39.58,40.14,15211132.69
2016-04-03,613717,40.75,39.76,39.96,39.95,24708189.94
2016-07-03,339850,40.39,39.41,39.8,39.41,13583367.72
2016-08-03,6525484,40.0,38.4,39.14,39.35,251082283.32
2016-09-03,313944,39.88,39.06,39.13,39.79,12363461.77
2016-10-03,947995,39.88,39.03,39.5,39.78,37355303.95
2016-11-03,477992,40.4,39.85,40.24,39.99,19173290.25
2016-14-03,669181,42.7,40.22,41.08,40.24,27466666.24
2016-15-03,361941,41.39,40.35,40.87,41.39,14719593.55
2016-16-03,513621,41.18,40.57,40.99,40.95,21015427.39
2016-17-03,662483,41.2,40.6,40.75,41.2,27137443.91
2016-18-03,4911155,41.89,40.5,41.23,40.5,202645605.0
2016-22-03,192760,41.67,41.23,41.59,41.66,8017622.22
2016-23-03,88118,41.74,41.23,41.6,41.62,3664185.1
2016-28-03,188437,42.49,41.29,41.51,41.64,7856505.07
2016-29-03,404459,41.69,41.07,41.54,41.5,16773511.82
2016-30-03,175247,42.29,41.24,41.42,41.59,7303052.77
2016-31-03,418397,41.99,41.23,41.56,41.44,17348625.19
2016-01-04,193993,41.5,40.9,41.29,41.5,7996277.9
2016-04-04,77846,41.39,40.7,40.82,41.05,3182205.77
2016-05-04,119824,41.24,40.65,41.11,41.01,4918265.61
2016-06-04,172342,41.46,40.72,41.06,41.02,7062787.12
2016-07-04,124701,41.45,40.8,41.29,40.8,5139118.72
2016-08-04,36054,41.4,40.8,41.38,41.25,1488566.66
2016-11-04,83692,41.35,41.0,41.35,41.29,3452708.25
2016-12-04,223558,41.41,40.95,41.17,41.33,9204198.9
2016-13-04,172727,41.17,40.85,40.89,41.17,7078341.95
2016-14-04,1517333,41.0,40.23,40.49,40.87,61476843.66
2016-15-04,70506,40.49,40.25,40.28,40.49,2840207.98
2016-18-04,63033,40.99,39.8,40.22,40.99,2530575.31
2016-19-04,164890,41.19,39.8,40.87,40.79,6734604.86
2016-20-04,166781,41.24,40.0,40.62,41.24,6770568.35
2016-21-04,122073,40.85,40.0,40.23,40.05,4951581.33
2016-22-04,51250,40.72,39.8,40.1,40.12,2060113.81
2016-25-04,109968,40.24,39.7,40.12,40.01,4407131.11
2016-26-04,111274,40.2,39.77,39.97,40.2,4445889.5
2016-27-04,477045,40.15,39.65,39.86,39.97,19045860.16
2016-28-04,436250,39.89,39.51,39.63,39.8,17323500.74
2016-29-04,268900,39.78,39.2,39.24,39.6,10593829.5
2016-02-05,314442,40.0,39.21,39.79,39.5,12504703.08
2016-03-05,149444,40.0,39.01,39.05,40.0,5862961.31
2016-04-05,320113,39.2,38.86,38.96,39.05,12462522.09
2016-05-05,684220,39.23,38.73,38.93,38.85,26536751.91
2016-06-05,74569,39.47,38.8,39.44,39.47,2928372.71
2016-09-05,290540,39.95,39.26,39.84,39.26,11553749.81
2016-10-05,228333,40.0,39.4,39.48,39.94,9041153.46
2016-11-05,921892,39.69,39.01,39.25,39.47,36148066.48
2016-12-05,66391,39.97,39.44,39.88,39.72,2641144.67
2016-13-05,235887,40.0,38.95,39.4,40.0,9265587.92
2016-16-05,17634,39.5,38.79,39.37,39.33,695051.48
2016-17-05,351244,39.49,38.15,38.77,39.03,13689910.8
2016-18-05,95912,39.35,38.52,38.76,39.35,3719217.19
2016-19-05,90269,39.1,37.89,38.36,39.1,3462976.84
2016-20-05,372931,38.99,38.07,38.1,38.34,14247300.08
2016-23-05,251480,38.92,38.05,38.35,38.3,9606337.65
2016-24-05,104944,38.9,38.39,38.84,38.85,4059422.97
2016-25-05,112964,38.9,38.5,38.66,38.82,4373905.72
2016-26-05,135573,38.88,38.18,38.25,38.87,5206721.55
2016-27-05,119603,38.8,38.21,38.5,38.8,4598305.32
2016-30-05,157395,38.6,38.5,38.59,38.6,6064082.99
2016-31-05,2009717,38.57,38.04,38.09,38.4,76695284.28
2016-01-06,72302,38.47,38.05,38.13,38.05,2757287.0
2016-02-06,315250,38.33,38.09,38.21,38.09,12059015.78
2016-03-06,936349,38.49,38.13,38.4,38.2,35809550.43
2016-06-06,128200,38.49,38.1,38.43,38.23,4902287.62
2016-07-06,127326,38.72,38.15,38.26,38.15,4886150.4
2016-08-06,123280,38.69,38.18,38.42,38.18,4734710.46
2016-09-06,90606,38.52,38.2,38.38,38.4,3464057.97
2016-10-06,183155,38.79,38.2,38.57,38.79,7024729.0
2016-13-06,150579,38.36,37.81,38.05,38.19,5741777.23
2016-14-06,147253,38.18,37.82,38.02,38.18,5591144.09
2016-15-06,64359,38.1,37.87,38.03,37.99,2443238.39
2016-16-06,172825,38.6,37.62,38.24,37.93,6581807.14
2016-17-06,247776,38.46,37.6,37.75,38.46,9373799.57
2016-20-06,135301,38.29,37.65,38.27,38.2,5142441.61
2016-21-06,211177,38.65,37.69,38.59,38.25,8101713.42
2016-22-06,186839,38.5,37.9,38.0,37.9,7109905.13
2016-23-06,77419,38.54,37.89,38.17,38.5,2960569.18
2016-24-06,440391,37.55,36.3,36.9,37.55,16239406.8
2016-27-06,610660,37.49,35.0,35.98,36.2,21926722.88
2016-28-06,332925,36.84,36.0,36.33,36.6,12162865.56
2016-29-06,343042,38.45,36.74,37.34,36.79,12845657.53
2016-30-06,189878,37.86,37.06,37.76,37.85,7138907.32
2016-01-07,371855,37.97,37.37,37.74,37.76,14071243.41
2016-04-07,20979,37.8,37.14,37.71,37.15,788643.25
2016-05-07,214471,37.78,36.84,37.4,37.78,7974397.86
2016-06-07,137575,37.14,36.5,36.89,37.1,5063961.97
2016-07-07,280894,37.38,36.45,36.64,36.6,10385382.97
2016-08-07,100045,37.0,36.28,36.64,37.0,3652641.8
2016-11-07,396585,37.35,36.32,37.2,37.08,14713343.66
2016-12-07,956966,37.35,36.48,36.52,37.34,35390940.22
2016-13-07,451023,36.95,36.47,36.57,36.52,16480145.25
2016-14-07,371956,37.19,36.41,36.68,36.65,13729481.13
2016-15-07,117683,37.0,36.48,36.59,36.99,4326928.3
2016-18-07,247441,36.61,35.67,36.18,36.52,8945361.94
2016-19-07,151436,36.5,36.05,36.27,36.15,5486369.06
2016-20-07,382628,36.91,36.0,36.73,36.23,13986971.63
2016-21-07,735799,37.62,36.65,36.76,37.0,27257965.82
2016-22-07,88632,37.0,36.43,36.8,36.43,3268107.29
2016-25-07,217411,36.92,36.5,36.64,36.92,7944501.21
2016-26-07,608136,37.37,36.51,36.99,36.55,22505437.51
2016-27-07,229959,37.37,36.66,36.96,36.85,8485582.49
2016-28-07,161296,36.96,36.52,36.75,36.68,5919302.73
2016-29-07,477058,37.14,36.5,36.73,36.65,17603569.34
2016-01-08,336294,37.05,36.02,36.68,36.39,12316895.17
2016-02-08,742361,37.05,36.5,36.6,36.5,27200973.29
2016-03-08,366251,36.78,36.05,36.3,36.52,13336668.75
2016-04-08,422483,36.54,36.01,36.04,36.4,15334127.28
2016-05-08,1606553,36.8,35.82,36.61,36.05,57975584.08
2016-08-08,723737,36.99,36.11,36.82,36.11,26586341.72
2016-09-08,496904,37.04,36.71,36.85,36.85,18342778.42
2016-10-08,171676,37.1,36.66,36.72,37.04,6329147.46
2016-11-08,270513,37.09,36.69,36.88,36.69,9997043.59
2016-12-08,248079,37.1,36.7,36.79,36.8,9142481.63
2016-15-08,360955,37.12,36.47,36.97,36.57,13279734.01
2016-16-08,227218,37.0,36.02,36.32,36.98,8314915.6
2016-17-08,279355,36.99,36.34,36.91,36.34,10243413.05
2016-18-08,362775,37.5,36.71,37.31,37.0,13450427.3
2016-19-08,269400,37.6,36.92,36.99,37.1,10062122.99
2016-22-08,331367,37.39,36.51,36.95,37.01,12246010.32
2016-23-08,478245,37.4,36.5,37.13,37.4,17694689.52
2016-24-08,280162,37.39,36.7,37.0,37.0,10359786.77
2016-25-08,146684,37.4,36.53,37.2,37.39,5443671.57
2016-26-08,442441,37.74,37.0,37.27,37.4,16514934.94
2016-29-08,184641,37.75,37.23,37.46,37.23,6934978.58
2016-30-08,603091,37.9,37.41,37.66,37.74,22664580.8
2016-31-08,1342618,38.36,37.1,37.79,37.68,50676879.64
2016-01-09,356534,38.03,36.62,36.86,37.3,13311896.4
2016-02-09,66523,37.85,36.85,37.64,36.85,2497258.47
2016-05-09,60519,37.85,37.09,37.57,37.7,2280615.05
2016-06-09,334808,37.83,37.02,37.57,37.83,12509298.66
2016-07-09,233404,37.8,37.12,37.33,37.42,8740783.96
2016-08-09,299768,37.5,37.19,37.36,37.5,11177457.68
2016-09-09,252669,37.22,36.56,36.7,37.2,9305073.39
2016-12-09,311035,36.85,36.02,36.23,36.5,11288320.84
2016-13-09,331911,36.6,36.05,36.17,36.14,12010534.9
2016-14-09,279703,36.53,36.02,36.05,36.45,10094248.27
2016-15-09,951972,36.31,35.3,35.47,36.03,34045880.13
2016-19-09,221007,35.82,35.25,35.64,35.5,7865750.63
2016-20-09,388779,35.99,35.05,35.76,35.51,13830934.87
2016-21-09,367313,36.17,35.5,36.16,35.98,13195361.74
2016-22-09,484241,36.96,35.86,36.83,36.47,17763104.03
2016-23-09,403142,36.66,35.54,35.92,36.6,14592974.88
2016-26-09,501381,35.74,35.12,35.35,35.5,17822088.12
2016-27-09,621832,36.27,35.32,35.66,35.7,22383155.95
2016-28-09,717805,36.23,35.18,35.62,36.01,25810387.46
2016-29-09,388215,36.0,35.19,35.58,35.97,13892995.55
2016-30-09,688466,35.99,35.1,35.53,35.18,24630694.06
2016-03-10,353002,35.84,35.12,35.72,35.12,12569816.97
2016-04-10,614955,36.54,35.45,36.28,35.45,22089915.28
2016-05-10,546241,37.1,36.4,37.03,36.56,20082099.84
2016-06-10,609013,37.5,37.0,37.13,37.1,22643947.21
2016-07-10,481559,37.53,36.87,37.02,37.12,17990086.53
2016-10-10,413923,38.07,37.27,37.66,37.27,15617478.05
2016-11-10,492828,38.15,37.22,37.61,37.62,18581022.98
2016-12-10,530748,38.14,37.28,37.95,37.59,20149803.49
2016-13-10,600962,37.99,37.3,37.41,37.99,22483617.42
2016-14-10,827464,38.0,37.48,37.93,37.92,31310702.45
2016-17-10,345483,37.99,37.02,37.13,37.99,12919650.37
2016-18-10,476888,37.83,37.35,37.55,37.5,17970597.4
2016-19-10,851533,37.9,37.5,37.82,37.75,32161011.9
2016-20-10,420054,37.9,37.5,37.8,37.89,15871636.26
2016-21-10,683118,38.74,37.31,38.1,37.31,26060811.06
2016-24-10,405601,39.0,38.1,38.54,38.1,15672493.47
2016-25-10,603312,39.0,38.1,38.24,39.0,23333884.87
2016-26-10,574728,38.9,37.33,37.73,38.27,21773444.21
2016-27-10,466521,38.0,37.55,37.66,37.73,17684916.19
2016-28-10,1349444,38.3,37.0,37.5,37.0,50823677.78
2016-31-10,1618401,37.84,37.1,37.32,37.15,60404461.96
2016-01-11,1475874,37.6,36.01,36.87,37.6,54460737.56
2016-03-11,650791,37.5,36.0,36.84,37.5,23948476.05
2016-04-11,1206040,39.24,37.02,38.15,37.2,46063580.12
2016-07-11,1605815,39.5,38.04,38.54,38.7,62152155.17
2016-08-11,319136,39.3,38.4,38.81,38.7,12393520.57
2016-09-11,1266977,39.0,35.7,37.46,36.09,48083942.19
2016-10-11,1065462,38.0,36.21,37.3,37.46,39311451.87
2016-11-11,1005911,37.99,36.16,37.47,36.16,37496923.12
2016-14-11,499227,38.65,37.12,37.8,37.99,18923810.99
2016-15-11,624562,38.17,37.22,37.8,38.05,23594797.43
2016-16-11,323250,38.25,37.25,37.56,37.25,12147197.58
2016-17-11,207529,37.98,36.9,37.39,37.8,7786639.14
2016-18-11,375941,37.89,36.28,37.56,36.28,14130684.05
2016-22-11,1290746,37.76,33.37,33.86,37.75,44744921.3
2016-23-11,917202,35.3,33.45,35.11,33.51,31238958.37
2016-24-11,400520,35.9,35.11,35.66,35.11,14241843.74
2016-25-11,324838,35.95,34.78,35.59,35.8,11567858.8
2016-28-11,570829,36.0,35.5,35.94,35.53,20381352.39
2016-29-11,738114,36.65,35.89,36.36,35.89,26788323.34
2016-30-11,675681,36.6,34.98,35.97,36.48,24389656.5
2016-01-12,642348,36.26,34.92,35.88,35.94,23050831.09
2016-02-12,205633,36.66,35.9,35.97,36.2,7450473.26
2016-05-12,281419,36.61,35.4,36.01,35.92,10142593.19
2016-06-12,392834,36.4,35.49,36.15,36.0,14162711.05
2016-07-12,685647,36.4,35.85,35.99,36.1,24723284.0
2016-08-12,830180,36.82,35.25,36.47,35.25,30086121.52
2016-09-12,264095,36.3,35.7,36.15,36.1,9535009.16
2016-13-12,852260,36.81,35.01,35.69,36.15,30729799.29
2016-14-12,544420,36.5,35.59,36.03,36.4,19575851.58
2016-15-12,966515,37.48,35.9,37.26,35.9,35827912.03
2016-16-12,1335194,37.93,37.11,37.65,37.2,50229749.98
2016-19-12,604787,41.0,37.64,39.0,37.65,23732126.19
2016-20-12,792278,39.96,38.06,38.58,39.55,30931455.93
2016-21-12,982652,40.0,38.35,38.76,39.38,38817124.21
2016-22-12,482106,39.3,38.21,39.13,38.21,18767096.7
2016-23-12,164688,39.38,38.91,39.28,39.21,6455211.29
2016-26-12,2827,39.28,38.9,39.21,39.27,110905.14
2016-27-12,98151,39.28,38.15,39.15,38.92,3781607.45
2016-28-12,93741,39.3,38.38,39.25,39.06,3667061.85
2016-29-12,94481,39.3,38.34,39.23,39.3,3681764.71
2016-30-12,227067,39.25,38.39,39.1,38.7,8861190.41
2017-02-01,70750,39.27,38.97,39.27,38.97,2759073.18
2017-03-01,165177,39.27,38.51,39.19,39.27,6441720.62
2017-04-01,595003,39.5,38.4,39.08,39.19,23219913.36
2017-05-01,907141,39.5,39.0,39.36,39.2,35617984.25
2017-06-01,370490,39.4,38.7,38.82,39.4,14458309.26
2017-09-01,252137,39.26,37.81,38.22,39.26,9755037.9
2017-10-01,622770,39.6,38.05,38.9,38.05,24221199.85
2017-11-01,339471,39.4,38.33,39.16,38.95,13261150.24
2017-12-01,759024,39.58,38.6,38.97,39.0,29715295.57
2017-13-01,632213,39.47,38.52,38.81,38.52,24765997.68
2017-16-01,227115,38.93,38.5,38.93,38.55,8745295.73
2017-17-01,328722,39.39,38.51,38.52,38.95,12821603.92
2017-18-01,341172,38.99,38.1,38.47,38.73,13158874.23
2017-19-01,281052,38.67,37.96,38.3,37.96,10788666.8
2017-20-01,489678,38.99,38.07,38.53,38.25,18897174.1
2017-23-01,504082,39.0,38.02,38.77,38.02,19527830.24
2017-24-01,406577,39.2,38.71,39.01,38.88,15874621.64
2017-25-01,585650,39.5,38.5,39.29,39.08,22838509.69
2017-26-01,323885,39.5,38.25,38.65,38.25,12551940.44
2017-27-01,239641,39.1,38.68,38.78,38.75,9323572.21
2017-30-01,182817,38.78,38.0,38.69,38.0,7059514.84
2017-31-01,252821,39.0,38.11,38.98,38.11,9790067.17
2017-01-02,291760,39.45,38.66,39.3,39.01,11403719.27
2017-02-02,394502,39.46,39.0,39.29,39.46,15485603.76
2017-03-02,139162,39.45,39.0,39.18,39.0,5460687.72
2017-07-02,531003,39.45,38.12,38.74,39.45,20531997.46
2017-08-02,155177,39.2,38.39,39.08,38.39,6045801.54
2017-09-02,244031,39.18,38.53,38.86,39.08,9505651.87
2017-10-02,748971,39.5,38.57,39.43,38.57,29418156.41
2017-13-02,3514957,47.9,42.85,45.95,42.85,161217252.95
2017-14-02,877971,46.6,43.0,46.58,45.95,40604552.91
2017-15-02,431294,47.98,46.0,46.92,47.98,20188745.59
2017-16-02,390213,47.17,46.35,46.68,47.0,18231396.86
2017-17-02,782737,46.6,45.25,46.0,46.51,36037255.92
2017-20-02,126064,46.8,46.0,46.55,46.0,5846841.3
2017-21-02,176214,47.26,46.31,46.93,47.0,8260566.79
2017-22-02,895939,47.99,44.15,44.92,47.57,40856683.33
2017-23-02,232925,45.4,44.11,45.28,44.87,10496541.43
2017-24-02,207641,46.36,44.61,45.91,45.28,9441673.04
2017-27-02,471754,46.6,45.3,45.75,45.91,21604170.73
2017-28-02,1334288,46.0,44.48,44.69,46.0,59824496.35
2017-01-03,1083054,45.49,44.75,45.01,44.99,48732908.3
2017-02-03,1651404,46.0,45.05,45.49,45.4,75088072.71
2017-03-03,557764,46.0,45.0,45.11,45.87,25377399.38
2017-06-03,3552177,45.45,44.5,44.76,45.45,159790920.81
2017-07-03,667006,45.3,44.4,44.99,45.0,29777194.59
2017-08-03,634144,45.24,44.0,44.91,45.24,28375959.17
2017-09-03,142027,45.65,44.04,44.9,44.95,6388467.58
2017-10-03,74692,45.49,44.27,44.52,44.66,3348278.69
2017-13-03,841461,44.3,40.1,40.26,44.3,34846610.24
2017-14-03,2788478,40.5,38.25,39.98,40.4,110520559.92
2017-15-03,3546654,40.5,39.46,39.5,40.0,140272243.04
2017-16-03,1521359,40.1,39.45,39.88,40.1,60553408.54
2017-17-03,760238,40.26,39.48,39.79,40.0,30373165.11
2017-21-03,1201102,40.2,39.26,40.0,39.26,48039215.59
2017-22-03,592551,40.0,38.83,39.07,39.69,23274592.2
2017-23-03,461242,39.79,38.71,38.96,39.5,18090421.25
2017-24-03,326984,39.33,37.92,38.28,39.33,12597897.88
2017-27-03,569627,38.5,36.11,37.89,38.13,21587420.44
2017-28-03,476195,38.0,37.5,37.94,38.0,18034963.85
2017-29-03,502893,38.9,37.4,38.64,37.92,19271630.05
2017-30-03,659214,38.64,38.04,38.38,38.64,25286346.07
2017-31-03,503461,38.8,38.03,38.63,38.38,19404173.45
2017-03-04,358365,38.85,38.24,38.69,38.63,13863984.79
2017-04-04,325829,39.5,38.81,39.43,38.81,12760453.88
2017-05-04,865468,39.43,37.6,38.06,39.43,33168600.15
2017-06-04,355626,38.64,38.0,38.49,38.47,13620536.3
2017-07-04,347173,38.61,38.05,38.14,38.49,13296347.38
2017-10-04,236196,38.45,37.74,38.17,38.14,8986015.58
2017-11-04,709293,37.95,37.0,37.25,37.95,26444767.25
2017-12-04,215642,37.8,36.78,37.04,37.58,7996715.28
2017-17-04,310167,37.2,36.9,36.93,37.1,11466901.59
2017-18-04,293825,37.99,36.64,37.96,36.64,11000062.56
2017-19-04,281063,38.1,37.1,37.64,37.3,10633454.36
2017-20-04,348999,38.5,37.03,38.47,37.89,13271690.58
2017-21-04,321152,38.45,37.61,37.89,38.45,12277041.04
2017-24-04,362582,38.35,37.61,37.86,37.73,13782369.01
2017-25-04,272256,38.08,37.06,37.2,37.71,10213814.13
2017-26-04,485703,37.41,35.97,36.9,37.31,17770556.53
2017-27-04,485101,37.2,36.6,36.8,36.8,17927458.06
2017-28-04,310023,38.0,36.48,37.22,36.8,11578509.02
2017-02-05,290286,38.25,37.0,38.21,37.18,11027783.58
2017-03-05,420299,38.5,37.35,38.44,38.17,16070922.59
2017-04-05,604116,38.5,37.01,37.38,38.36,22744867.92
2017-05-05,136338,37.99,37.06,37.8,37.24,5159293.02
2017-08-05,156954,38.28,37.32,38.06,37.9,5933212.45
2017-09-05,342965,38.5,37.42,38.48,37.68,13130499.37
2017-10-05,336005,38.8,38.12,38.63,38.5,12995507.33
2017-11-05,244166,38.65,37.83,38.25,38.65,9338323.38
2017-12-05,271430,38.45,38.03,38.06,38.34,10386770.32
2017-15-05,242356,38.65,38.11,38.47,38.24,9339570.28
2017-16-05,303156,39.0,38.47,38.92,38.47,11733355.28
2017-17-05,306886,38.77,37.41,38.26,37.79,11766150.04
2017-18-05,300909,38.65,37.29,38.03,37.98,11464322.25
2017-19-05,381213,38.49,37.7,37.98,38.0,14506691.34
2017-22-05,314922,38.85,37.53,38.24,37.99,12005325.63
2017-23-05,381997,38.26,37.71,38.25,38.0,14541569.52
2017-24-05,394345,39.39,37.82,38.6,38.26,15222065.37
2017-25-05,1601678,39.25,38.18,38.73,39.2,61936744.45
2017-26-05,375672,39.07,38.7,38.92,38.84,14596574.8
2017-29-05,272657,39.44,39.0,39.0,39.0,10686730.85
2017-30-05,797255,39.34,38.28,39.0,38.28,31055218.32
2017-31-05,631032,38.99,37.4,38.15,38.51,24296147.47
2017-01-06,749202,38.54,37.35,37.78,38.29,28475865.64
2017-02-06,531659,38.44,37.78,37.98,37.78,20238120.72
2017-05-06,502890,38.64,37.63,37.97,38.45,19202664.34
2017-06-06,339162,38.2,37.55,37.6,37.83,12794574.07
2017-07-06,364188,37.99,37.36,37.62,37.99,13705586.51
2017-08-06,481164,38.42,37.6,37.84,37.6,18337540.1
2017-09-06,380178,38.19,37.26,37.71,37.84,14343902.56
2017-12-06,443562,38.11,37.26,37.61,37.71,16681921.09
2017-13-06,330104,37.99,37.33,37.59,37.61,12426577.22
2017-14-06,527056,37.79,37.31,37.45,37.79,19793849.77
2017-15-06,255539,37.7,37.25,37.49,37.25,9589538.74
2017-16-06,4705832,38.0,37.11,37.8,37.2,176491837.91
2017-19-06,2106320,37.8,37.1,37.3,37.8,78345009.45
2017-20-06,287432,37.9,37.06,37.39,37.3,10795292.48
2017-21-06,425460,37.89,37.06,37.36,37.74,16002738.25
2017-22-06,327678,37.89,37.3,37.8,37.3,12359132.97
2017-23-06,262370,38.24,37.65,38.0,37.7,9959778.96
2017-26-06,274462,38.13,37.51,37.92,38.0,10404710.9
2017-27-06,292033,37.98,37.33,37.79,37.53,11015231.32
2017-28-06,270097,38.09,37.31,37.63,37.59,10158607.5
2017-29-06,594398,37.8,37.27,37.43,37.65,22265361.25
2017-30-06,2586657,37.75,37.21,37.48,37.42,96788524.53
2017-03-07,274147,38.01,37.24,37.75,37.48,10351236.09
2017-04-07,188936,38.1,37.54,37.9,37.78,7177713.86
2017-05-07,284477,38.1,37.51,37.9,37.51,10790716.97
2017-06-07,448697,37.99,37.28,37.31,37.84,16790892.04
2017-07-07,364729,37.99,37.32,37.54,37.37,13734742.29
2017-10-07,521482,38.0,37.45,37.81,37.91,19744804.42
2017-11-07,872971,37.99,37.53,37.65,37.99,32931771.35
2017-12-07,763462,38.12,37.58,37.66,37.95,28784854.55
2017-13-07,940514,38.13,37.66,37.77,38.09,35556426.78
2017-14-07,690210,38.24,37.42,37.86,37.77,26109016.67
2017-17-07,187887,38.15,37.79,38.04,38.15,7151809.58
2017-18-07,138104,38.01,37.62,37.84,37.62,5229350.31
2017-19-07,214804,38.3,37.71,37.85,38.15,8135224.52
2017-20-07,60389,37.95,37.41,37.56,37.95,2280730.81
2017-21-07,499611,37.89,36.82,36.93,37.84,18605840.27
2017-24-07,180493,37.3,36.25,37.2,36.82,6640368.88
2017-25-07,312402,37.3,36.52,36.63,37.2,11548467.4
2017-26-07,373286,37.3,36.58,36.93,36.94,13781247.79
2017-27-07,388241,37.2,36.53,37.06,36.9,14316575.65
2017-28-07,390696,37.29,36.0,36.42,36.57,14369990.0
2017-31-07,391624,37.3,36.29,37.13,36.94,14445305.56
2017-01-08,394079,37.11,36.57,36.94,37.11,14494983.1
2017-02-08,314766,36.98,36.26,36.68,36.8,11540439.29
2017-03-08,227046,37.0,36.66,36.99,36.66,8389584.82
2017-04-08,224143,37.0,36.8,36.95,37.0,8290874.91
2017-07-08,200945,37.0,36.76,36.95,37.0,7432903.92
2017-08-08,502019,37.0,36.25,36.65,36.94,18450954.99
2017-09-08,276412,36.8,36.26,36.61,36.69,10097780.81
2017-10-08,285934,36.69,36.0,36.25,36.59,10418489.97
2017-11-08,357565,36.9,36.01,36.87,36.13,13049277.11
2017-14-08,249704,37.0,36.5,36.99,36.68,9230333.48
2017-15-08,189959,37.0,36.6,36.91,37.0,7014558.22
2017-16-08,183017,37.0,36.65,36.97,37.0,6748583.79
2017-17-08,415207,37.0,36.67,37.0,36.67,15347986.3
2017-18-08,289523,37.0,36.69,36.93,36.81,10707955.53
2017-21-08,101723,37.0,36.67,36.92,36.82,3759335.81
2017-22-08,252224,37.0,36.0,36.72,36.92,9254174.92
2017-23-08,110173,36.6,36.31,36.48,36.34,4018443.14
2017-24-08,141392,36.86,36.35,36.57,36.35,5159189.48
2017-25-08,63848,36.84,36.31,36.49,36.43,2326933.25
2017-28-08,49223,36.82,36.41,36.64,36.82,1803046.12
2017-29-08,116363,36.82,36.33,36.37,36.34,4262343.91
2017-30-08,90222,36.51,36.06,36.11,36.35,3265138.53
2017-31-08,99888,36.48,36.1,36.13,36.21,3610070.92
2017-01-09,104991,36.74,35.9,36.0,36.12,3802546.83
2017-04-09,10711,36.43,35.9,36.01,35.9,386351.21
2017-05-09,63985,36.4,36.0,36.39,36.03,2321746.32
2017-06-09,140013,36.4,36.04,36.37,36.04,5089523.18
2017-07-09,88794,36.4,36.15,36.39,36.15,3229908.26
2017-08-09,326157,36.16,34.33,35.24,36.07,11502341.82
2017-11-09,70090,35.75,34.84,35.05,35.75,2462384.2
2017-12-09,94057,35.52,34.84,35.36,35.3,3318443.84
2017-13-09,89609,35.3,34.85,34.99,35.17,3137134.38
2017-14-09,128678,35.29,34.36,34.78,34.8,4474816.85
2017-15-09,298246,34.96,34.11,34.29,34.56,10246789.81
2017-18-09,48508,34.89,34.13,34.42,34.13,1673503.41
2017-19-09,73950,34.67,33.05,33.89,34.38,2514179.54
2017-20-09,267712,33.9,33.02,33.75,33.9,8978162.48
2017-21-09,59621,34.4,33.24,33.64,33.74,2016970.28
2017-22-09,89603,33.99,33.23,33.44,33.41,2997520.24
2017-25-09,63799,33.94,33.24,33.47,33.24,2140744.23
2017-26-09,56826,33.64,33.17,33.39,33.35,1897823.14
2017-27-09,150814,33.4,33.09,33.14,33.31,5010686.68
2017-28-09,192161,33.58,33.01,33.31,33.08,6377093.43
2017-29-09,285335,33.65,32.9,33.61,33.29,9549198.77
2017-02-10,85877,33.95,33.26,33.42,33.59,2881626.2
2017-03-10,116748,33.64,33.11,33.57,33.25,3882212.32
2017-04-10,170053,33.4,32.92,33.02,33.31,5636583.27
2017-05-10,132060,33.0,32.51,32.85,33.0,4334513.67
2017-06-10,56640,32.97,32.54,32.91,32.54,1857045.69
2017-09-10,25131,33.14,32.7,33.0,32.8,826689.72
2017-10-10,133164,33.3,32.76,32.87,33.19,4401816.46
2017-11-10,267926,32.99,32.03,32.91,32.94,8723620.18
2017-12-10,240755,32.96,32.12,32.43,32.96,7815360.6
2017-13-10,51899,32.6,32.5,32.5,32.52,1687335.21
2017-16-10,202032,33.25,31.35,31.79,32.93,6517397.83
2017-17-10,187357,32.82,30.74,32.52,31.36,5948047.24
2017-18-10,63471,32.65,31.68,31.73,32.5,2025769.57
2017-19-10,24450,32.1,31.01,31.49,32.1,769839.74
2017-20-10,130714,31.7,29.85,30.19,31.46,4013743.43
2017-23-10,189950,31.1,29.87,30.43,31.1,5762468.37
2017-24-10,138622,30.87,30.21,30.61,30.5,4216516.94
2017-25-10,134956,30.55,29.61,30.37,30.13,4066596.38
2017-26-10,183530,30.2,29.65,29.81,30.04,5497835.41
2017-27-10,219505,30.69,29.65,30.34,29.81,6666025.86
2017-30-10,116221,30.8,30.1,30.74,30.34,3556630.22
2017-31-10,183673,30.98,30.21,30.4,30.74,5614823.63
2017-01-11,189518,30.99,30.36,30.43,30.75,5786786.85
2017-03-11,277983,30.34,29.5,30.0,30.34,8339399.22
2017-06-11,1054420,31.1,30.19,30.89,30.48,32351866.84
2017-07-11,202801,30.91,30.52,30.69,30.91,6235515.73
2017-08-11,68894,30.85,30.4,30.5,30.75,2114490.88
2017-09-11,87679,30.98,30.44,30.74,30.75,2691715.02
2017-10-11,180433,30.94,30.36,30.46,30.8,5515868.48
2017-13-11,93243,30.76,30.22,30.49,30.22,2843863.64
2017-14-11,175324,30.74,30.25,30.48,30.25,5345826.86
2017-15-11,258171,30.55,30.26,30.5,30.26,7862932.29
2017-16-11,281160,30.6,30.16,30.49,30.35,8574637.35
2017-17-11,177342,30.57,30.4,30.46,30.4,5414391.46
2017-21-11,167157,31.89,30.7,31.76,30.77,5196582.9
2017-22-11,312394,31.98,31.57,31.95,31.77,9919808.95
2017-23-11,311634,32.49,32.0,32.31,32.0,10013458.92
2017-24-11,195272,32.32,31.61,31.99,32.31,6292463.42
2017-27-11,139214,32.15,31.94,32.04,32.06,4461590.27
2017-28-11,114503,32.28,31.79,32.18,32.28,3683889.6
2017-29-11,218557,32.97,32.05,32.23,32.2,7056747.95
2017-30-11,357785,32.27,30.19,31.78,31.92,11344170.05
2017-01-12,290854,31.97,31.04,31.69,31.04,9138151.34
2017-04-12,234061,31.95,31.11,31.36,31.11,7316220.55
2017-05-12,188692,31.59,31.1,31.2,31.16,5904444.68
2017-06-12,152330,31.39,30.1,30.76,31.12,4721858.97
2017-07-12,139539,31.39,30.44,30.61,30.51,4299051.44
2017-08-12,168124,30.85,30.0,30.32,30.3,5129208.18
2017-11-12,201531,30.84,30.02,30.1,30.25,6103282.09
2017-13-12,296473,30.19,29.75,30.04,30.05,8908558.05
2017-14-12,112965,30.62,30.04,30.21,30.5,3426788.78
2017-15-12,615109,30.66,29.75,30.57,30.28,18693197.45
2017-18-12,514284,31.39,30.49,31.0,30.73,15943378.95
2017-19-12,224825,31.2,30.68,30.77,31.0,6960673.79
2017-20-12,215245,31.37,30.5,30.6,31.37,6639265.33
2017-21-12,101482,30.6,30.27,30.29,30.6,3090080.32
2017-22-12,208893,30.3,30.16,30.21,30.25,6318105.97
2017-26-12,126312,30.0,29.82,29.88,30.0,3776569.55
2017-27-12,330661,30.0,29.59,29.77,29.86,9851137.4
2017-28-12,225042,30.49,29.3,29.33,30.49,6656462.07
2017-29-12,732755,29.69,28.31,28.59,29.69,21040857.72
2018-02-01,265867,29.25,28.6,29.13,28.96,7684547.74
2018-03-01,103468,29.48,28.95,29.24,29.1,3023657.52
2018-04-01,133651,29.75,29.1,29.7,29.1,3955691.69
2018-05-01,239931,29.7,29.59,29.67,29.7,7120480.9
2018-08-01,166860,29.85,29.6,29.69,29.85,4953400.99
2018-09-01,180375,29.91,28.96,29.49,29.7,5307386.82
2018-10-01,400092,29.98,29.11,29.37,29.61,11923527.39
2018-11-01,122841,29.64,29.11,29.17,29.38,3610775.44
2018-12-01,255480,29.54,28.75,29.08,28.86,7430658.61
2018-15-01,58099,29.1,28.9,28.99,28.93,1686028.65
2018-16-01,790184,29.75,29.01,29.54,29.3,23268640.52
2018-17-01,459439,29.97,29.09,29.48,29.6,13577805.75
2018-18-01,213289,29.98,29.02,29.3,29.98,6249105.4
2018-19-01,213256,29.42,29.01,29.06,29.06,6221437.08
2018-22-01,149315,29.4,29.01,29.08,29.4,4349386.52
2018-23-01,75522,29.41,29.04,29.28,29.08,2205446.65
2018-24-01,209913,29.76,28.88,29.63,29.35,6173585.0
2018-25-01,388111,29.96,29.39,29.76,29.59,11540320.11
2018-26-01,123689,29.84,29.4,29.66,29.84,3674803.12
2018-29-01,209234,29.83,29.57,29.7,29.66,6205766.17
2018-30-01,172170,29.7,29.04,29.54,29.65,5071857.05
2018-31-01,141853,29.76,29.2,29.53,29.27,4186677.19
2018-01-02,130939,29.82,29.01,29.05,29.7,3849243.43
2018-02-02,99819,29.32,28.8,28.85,29.02,2885722.67
2018-06-02,213184,29.18,28.01,28.45,28.54,6062315.99
2018-07-02,397460,28.71,27.4,27.51,28.4,11148976.06
2018-08-02,531616,27.8,26.48,26.84,27.8,14420071.59
2018-09-02,404509,27.65,26.3,27.2,27.65,10845290.47
2018-12-02,203487,27.58,26.25,27.32,27.21,5555800.85
2018-13-02,120972,27.98,27.28,27.7,27.3,3335307.03
2018-14-02,359873,27.95,27.2,27.43,27.72,9916873.47
2018-15-02,162644,28.0,27.25,27.98,27.55,4517661.31
2018-16-02,275006,28.0,27.76,27.93,28.0,7699050.09
2018-19-02,34922,27.79,27.47,27.53,27.5,961404.1
2018-20-02,75464,27.76,27.0,27.22,27.6,2054541.78
2018-21-02,152406,28.38,27.47,28.21,27.55,4267302.11
2018-22-02,110998,28.89,28.0,28.49,28.7,3160235.06
2018-23-02,109956,28.98,28.1,28.82,28.75,3137787.69
2018-26-02,81770,28.86,28.35,28.48,28.86,2332290.41
2018-27-02,463177,28.95,27.58,28.47,28.94,13122256.57
2018-28-02,271936,29.69,28.51,29.2,28.9,7852596.61
2018-01-03,672548,29.52,27.82,28.27,29.5,19154904.91
2018-02-03,334251,28.38,27.6,28.21,28.01,9409297.03
2018-05-03,1024222,28.27,27.6,28.11,27.6,28760117.4
2018-06-03,1387177,28.48,27.66,28.0,27.66,39034955.96
2018-07-03,435756,28.07,27.51,27.8,28.0,12109374.44
2018-08-03,146207,28.27,27.77,28.0,28.24,4091223.13
2018-09-03,328053,29.4,27.98,29.21,27.98,9518257.48
2018-12-03,335652,29.48,28.77,28.99,29.3,9760973.68
2018-13-03,1126484,29.0,28.04,28.09,29.0,31776350.11
2018-14-03,374923,28.77,27.83,28.0,28.25,10502379.85
2018-15-03,358947,28.18,27.9,27.96,27.92,10048674.58
2018-16-03,3462491,28.4,27.55,27.94,27.9,96722713.99
2018-20-03,207983,28.74,28.15,28.7,28.36,5932760.55
2018-21-03,415787,29.0,28.7,28.95,28.75,12036509.13
2018-22-03,161659,29.05,28.62,28.94,28.99,4684006.64
2018-23-03,126588,29.0,28.34,28.62,29.0,3653308.37
2018-26-03,97531,28.99,28.25,28.51,28.56,2797710.88
2018-27-03,84317,29.0,28.65,28.88,28.79,2442917.29
2018-28-03,137596,29.0,28.6,29.0,28.99,3986397.55
2018-02-04,280355,29.0,28.92,28.99,29.0,8128423.12
2018-03-04,292578,29.0,28.95,29.0,29.0,8484262.24
2018-04-04,579032,29.4,28.95,29.19,29.0,16931952.22
2018-05-04,613746,29.0,28.84,29.0,29.0,17797753.16
2018-06-04,916216,30.34,28.5,29.54,28.5,26684028.32
