DATE,VOLUME,HIGH,LOW,CLOSE,OPEN,IMPORT
1993-12-17,112278.4952082,0.9985,0.9985,0.9985,,
1993-12-20,165981.29946628198,0.9985,0.9985,0.9985,,
1994-01-14,67367.09712492,1.0511,1.0511,1.0511,,
1994-01-17,89822.79616656,1.0642,1.0642,1.0642,,
1994-02-07,44911.39808328,1.1194,1.1194,1.1194,,
1994-06-03,68047.5728534545,1.2943,1.2344,1.2943,,
1994-06-14,13609.5145706909,1.4278,1.4278,1.4278,,
1994-07-07,13609.5145706909,1.5752,1.5752,1.5752,,
1994-07-28,13609.5145706909,1.7364,1.7364,1.7364,,
1995-01-10,27219.0291413818,1.7997,1.7997,1.7997,,
1995-02-17,370795.307332845,1.9845,1.9845,1.9845,,
1995-04-06,714937.7413304491,2.0818,2.0818,2.0818,,
1995-04-28,13609.5145706909,2.2909,2.2909,2.2909,,
1995-05-02,136095.145706909,2.3834,2.3834,2.3834,,
1995-05-08,6804.7572853455,2.6266,2.6266,2.6266,,
1995-05-26,6237.6941782333,2.8972,2.8972,2.8972,,
1995-06-13,6237.6941782333,3.1837,3.1837,3.1837,,
1995-06-26,6237.6941782333,3.3429,3.3429,3.3429,,
1995-06-27,12475.3883564667,3.5127,3.5127,3.5127,,
1995-07-03,6237.6941782333,3.8735,3.8735,3.8735,,
1995-07-04,6237.6941782333,4.0645,4.0645,4.0645,,
1995-07-05,56139.2476041,4.1388,4.1388,4.1388,,
1995-07-26,95436.72092697,4.5633,4.5633,4.5633,,
1995-07-27,5613.92476041,4.7166,4.7166,4.7166,,
1995-08-02,5613.92476041,5.1882,5.1882,5.1882,,
1995-08-18,5613.92476041,5.4492,5.4492,5.4492,,44900.0
1995-08-25,5613.92476041,5.704,5.704,5.704,,47000.0
1995-10-17,1122.784952082,5.6919,5.6919,5.6919,,9380.0
1995-10-18,129120.26948943,5.7647,5.4006,5.4006,,1068700.0
1995-10-19,16841.77428123,5.34,5.2793,5.2793,,131500.0
1995-10-23,16841.77428123,5.1579,5.1579,5.1579,,127500.0
1995-10-24,28069.62380205,5.0972,5.0972,5.0972,,210000.0
1995-10-25,1122.784952082,4.8424,4.8424,4.8424,,7980.0
1995-10-27,2245.569904164,5.0851,4.5996,5.0851,,15960.0
1995-11-06,12350.634472902,5.34,4.8788,5.34,,89200.0
1995-11-08,11227.84952082,5.0851,5.0851,5.0851,,83800.0
1995-11-13,6736.709712491999,4.8424,4.8424,4.8424,,47880.0
1996-03-01,767811.998341467,4.8424,4.8424,4.8424,,5457091.08
1997-07-11,1122.784952082,4.8055,4.8055,4.8055,,7820.0
1997-10-01,11227.84952082,4.1787,4.1787,4.1787,,68000.0
1997-10-02,4491.139808328,4.1787,4.1787,4.1787,,27200.0
1997-10-03,1122.784952082,4.3876,4.3876,4.3876,,7140.0
1998-02-20,1122.784952082,4.3876,4.3876,4.3876,,7140.0
1998-02-26,21332.914089558002,4.3876,4.3876,4.3876,,135660.0
1998-12-04,1122.784952082,4.0312,4.0312,4.0312,4.0312,6560.0
1998-12-07,104419.000543626,4.0312,4.0189,4.0312,4.0189,609140.0
1998-12-31,1122.784952082,3.81,3.81,3.81,3.81,6200.0
1999-02-19,2245.569904164,3.81,3.81,3.81,3.81,12400.0
1999-02-22,22455.69904164,3.6871,3.6871,3.6871,3.6871,120000.0
1999-02-24,31437.978658296,3.5642,3.5642,3.5642,3.5642,162400.0
1999-03-25,11227.84952082,3.5642,3.5642,3.5642,3.5642,58000.0
1999-03-26,11227.84952082,3.4413,3.4413,3.4413,3.4413,56000.0
1999-03-31,3368.3548562459996,3.4413,3.4413,3.4413,3.4413,16800.0
1999-04-06,2245.569904164,3.3184,3.3184,3.3184,3.3184,10800.0
1999-04-16,93191.15102280599,3.3184,3.3184,3.3184,3.3184,448200.0
1999-04-30,11227.84952082,3.3184,3.3184,3.3184,3.3184,46500.0
1999-06-02,22455.69904164,6.9936,6.9936,6.9936,6.9936,196000.0
1999-06-04,4472052.46414261,3.3184,3.3184,3.3184,3.3184,18520950.0
1999-06-14,93191.15102280599,3.3184,3.3184,3.3184,3.3184,385950.0
1999-08-25,1122.784952082,4.2818,4.2818,4.2818,4.2818,6000.0
1999-08-26,1122.784952082,4.6386,4.6386,4.6386,4.6386,6500.0
1999-08-27,1122.784952082,4.9954,4.9954,4.9954,4.9954,7000.0
1999-08-30,134734.19424984,4.9954,4.9954,4.9954,4.9954,840000.0
1999-11-09,11227.84952082,6.1087,6.1087,6.1087,6.1087,85600.0
1999-11-18,11227.84952082,6.1087,6.1087,6.1087,6.1087,85600.0
1999-11-22,22455.69904164,6.1087,6.1087,6.1087,6.1087,171200.0
1999-11-30,700617.810099168,7.1791,7.1791,7.1791,7.1791,6277440.0
1999-12-02,7859.494664574,7.1791,7.1791,7.1791,7.1791,70420.0
1999-12-03,11227.84952082,7.1791,7.1791,7.1791,7.1791,100600.0
1999-12-06,1122.784952082,7.1363,7.1363,7.1363,7.1363,10000.0
1999-12-07,1122.784952082,7.1363,7.1363,7.1363,7.1363,10000.0
1999-12-08,1122.784952082,7.1363,7.1363,7.1363,7.1363,10000.0
1999-12-09,2245.569904164,7.1363,7.122000000000001,7.122000000000001,7.1363,19980.0
1999-12-10,2245.569904164,7.122000000000001,7.122000000000001,7.122000000000001,7.122000000000001,19960.0
1999-12-13,2245.569904164,7.122000000000001,7.122000000000001,7.122000000000001,7.122000000000001,19960.0
1999-12-14,1122.784952082,7.122000000000001,7.122000000000001,7.122000000000001,7.122000000000001,9980.0
1999-12-15,1122.784952082,7.122000000000001,7.122000000000001,7.122000000000001,7.122000000000001,9980.0
1999-12-16,1122.784952082,7.122000000000001,7.122000000000001,7.122000000000001,7.122000000000001,9980.0
1999-12-17,1122.784952082,7.122000000000001,7.122000000000001,7.122000000000001,7.122000000000001,9980.0
1999-12-21,112278.4952082,7.1363,7.1363,7.1363,7.1363,1000000.0
1999-12-22,1122.784952082,7.1363,7.1363,7.1363,7.1363,10000.0
1999-12-23,203224.07632684198,7.1363,7.1363,7.1363,7.1363,1810000.0
2000-01-27,1122.784952082,7.1791,7.1791,7.1791,7.1791,10060.0
2000-01-28,1122.784952082,7.1791,7.1791,7.1791,7.1791,10060.0
2000-02-17,74103.806837412,7.1791,7.1791,7.1791,7.1791,663960.0
2000-02-22,5613.92476041,7.1791,7.1791,7.1791,7.1791,50300.0
2000-02-24,12350.634472902,7.1791,7.1791,7.1791,7.1791,110660.0
2000-03-02,17964.559233312,7.1791,7.1791,7.1791,7.1791,160960.0
2000-03-03,1122.784952082,7.1791,7.1791,7.1791,7.1791,10060.0
2000-03-07,22455.69904164,7.1791,7.1791,7.1791,7.1791,201200.0
2000-03-10,1122.784952082,7.8499,7.8499,7.8499,7.8499,11000.0
2000-03-15,1122.784952082,6.7081,6.7081,6.7081,6.7081,9400.0
2000-03-20,6736.709712491999,6.7081,6.7081,6.7081,6.7081,56400.0
2000-03-22,39297.47332287,6.7081,6.7081,6.7081,6.7081,329000.0
2000-03-28,1122.784952082,7.1791,7.1791,7.1791,7.1791,10060.0
2000-04-13,1122.784952082,7.1791,7.1791,7.1791,7.1791,10060.0
2000-04-14,1122.784952082,7.1791,7.1791,7.1791,7.1791,10060.0
2000-04-26,1122.784952082,7.1791,7.1791,7.1791,7.1791,10060.0
2000-05-02,56139.2476041,7.1363,7.1363,7.1363,7.1363,500000.0
2000-05-22,1122.784952082,6.0658,6.0658,6.0658,6.0658,8500.0
2000-06-07,1122.784952082,7.5074,7.5074,7.5074,7.5074,10520.0
2000-06-08,44911.39808328,7.5074,7.1791,7.1791,7.5074,407260.0
2000-06-13,112278.4952082,7.5074,7.5074,7.5074,7.5074,1052000.0
2000-06-15,2245.569904164,8.9204,8.5635,8.9204,8.5635,24500.0
2000-06-16,1122.784952082,10.2477,10.2477,10.2477,10.2477,14360.0
2000-06-20,2245.569904164,11.4181,11.0612,11.4181,11.0612,31500.0
2000-06-21,1122.784952082,12.1317,12.1317,12.1317,12.1317,17000.0
2000-07-07,2245.569904164,12.1317,12.1317,12.1317,12.1317,34000.0
2000-07-11,7859.494664574,12.1317,12.1317,12.1317,12.1317,119000.0
2000-07-12,179645.59233312,12.2744,12.1317,12.2744,12.1317,2722000.0
2000-07-18,3368.3548562459996,14.1156,14.0585,14.1156,14.0585,59260.0
2000-07-19,7859.494664574,16.1994,15.343,15.6998,16.1994,156800.0
2000-07-20,1122.784952082,14.2726,14.2726,14.2726,14.2726,20000.0
2000-07-21,1122.784952082,14.2726,14.2726,14.2726,14.2726,20000.0
2000-07-25,33683.54856246,14.2726,14.2726,14.2726,14.2726,600000.0
2000-07-26,13473.419424983998,14.9862,14.2726,14.2726,14.2726,241000.0
2000-08-01,1122.784952082,14.2726,14.2726,14.2726,14.2726,20000.0
2000-08-04,25824.053897886002,14.2726,14.0585,14.0727,14.2726,454000.0
2000-08-07,101050.64568738,13.9158,13.5589,13.5589,13.5589,1712500.0
2000-08-08,1122.784952082,13.7017,13.7017,13.7017,13.7017,19200.0
2000-08-09,25824.053897886002,13.9158,13.7017,13.7017,13.773,444020.0
2000-08-10,7859.494664574,13.7017,13.7017,13.7017,13.7017,134400.0
2000-08-11,12350.634472902,13.7017,13.7017,13.7017,13.7017,211200.0
2000-08-14,1122.784952082,13.7017,13.7017,13.7017,13.7017,19200.0
2000-08-15,2245.569904164,13.9158,13.9158,13.9158,13.9158,39000.0
2000-08-16,2245.569904164,14.0585,14.0585,14.0585,14.0585,39400.0
2000-08-17,2245.569904164,14.0585,13.9871,14.0585,13.9871,39300.0
2000-08-18,2245.569904164,14.0585,14.0585,14.0585,14.0585,39400.0
2000-08-21,3368.3548562459996,14.0585,13.9158,14.0585,13.9158,58700.0
2000-08-22,6736.709712491999,13.9158,13.5589,13.5589,13.9158,114500.0
2000-08-28,56139.2476041,13.9158,13.9158,13.9158,13.9158,975000.0
2000-08-30,15718.989329148,13.9158,13.8444,13.9158,13.8444,272800.0
2000-08-31,5613.92476041,13.773,13.773,13.773,13.773,96500.0
2000-09-01,13473.419424983998,13.5589,13.5589,13.5589,13.5589,228000.0
2000-09-06,14596.204377066,13.5589,13.5589,13.5589,13.5589,247000.0
2000-09-07,7859.494664574,13.5589,13.5589,13.5589,13.5589,133000.0
2000-09-08,4491.139808328,13.5589,13.5589,13.5589,13.5589,76000.0
2000-09-12,44911.39808328,13.5732,13.5589,13.5589,13.5732,760320.0
2000-09-13,1122.784952082,13.5589,13.5589,13.5589,13.5589,19000.0
2000-09-14,2245.569904164,13.773,13.5589,13.5589,13.773,38300.0
2000-09-15,83086.086454068,13.7017,13.7017,13.7017,13.7017,1420800.0
2000-09-18,15718.989329148,13.5589,13.5589,13.5589,13.5589,266000.0
2000-09-19,19087.344185394,13.5732,13.5732,13.5732,13.5732,323340.0
2000-09-20,98805.075783216,13.7017,13.5589,13.5589,13.7017,1688600.0
2000-09-22,1122.784952082,13.5589,13.5589,13.5589,13.5589,19000.0
2000-09-25,51648.107795772004,13.7017,13.7017,13.7017,13.7017,883200.0
2000-09-28,39297.47332287,13.7017,13.7017,13.7017,13.7017,672000.0
2000-09-29,12350.634472902,13.7017,13.7017,13.7017,13.7017,211200.0
2000-10-02,8982.279616656,13.7017,13.7017,13.7017,13.7017,153600.0
2000-10-04,44911.39808328,13.5589,13.2735,13.2735,13.5589,749500.0
2000-10-05,11227.84952082,13.2021,13.2021,13.2021,13.2021,185000.0
2000-10-06,11227.84952082,13.5589,13.4162,13.5589,13.4162,188400.0
2000-10-09,379501.31380371604,13.7017,13.5589,13.5589,13.7017,6427600.0
2000-10-10,1122.784952082,13.5589,13.5589,13.5589,13.5589,19000.0
2000-10-11,11227.84952082,13.5589,13.5589,13.5589,13.5589,190000.0
2000-10-12,19087.344185394,13.5589,13.5589,13.5589,13.5589,323000.0
2000-10-13,2245.569904164,13.5589,13.5589,13.5589,13.5589,38000.0
2000-10-16,11227.84952082,13.8444,13.7017,13.8444,13.7017,193000.0
2000-10-19,2245.569904164,13.7302,13.7302,13.7302,13.7302,38480.0
2000-10-20,33683.54856246,13.9158,13.9015,13.9158,13.9158,584980.0
2000-10-23,87577.226262396,13.9158,13.9158,13.9158,13.9158,1521000.0
2000-10-25,5613.92476041,14.2726,14.2726,14.2726,14.2726,100000.0
2000-10-27,11227.84952082,14.1013,14.1013,14.1013,14.1013,197600.0
2000-10-30,23578.483993722002,14.2726,14.1013,14.2726,14.2726,419760.0
2000-10-31,56139.2476041,14.2726,14.2583,14.2726,14.2583,999920.0
2000-11-03,78594.94664574,14.2726,14.2726,14.2726,14.2726,1400000.0
2000-11-06,6736.709712491999,14.2726,14.2726,14.2726,14.2726,120000.0
2000-11-07,22455.69904164,14.3439,14.3439,14.3439,14.3439,402000.0
2000-11-08,17964.559233312,14.4153,14.4153,14.4153,14.4153,323200.0
2000-11-09,49402.537891608,14.4153,14.3439,14.3439,14.4153,886400.0
2000-11-10,33683.54856246,14.4153,14.3439,14.4153,14.3439,605000.0
2000-11-13,15718.989329148,14.4153,14.4153,14.4153,14.4153,282800.0
2000-11-14,16841.77428123,14.558,14.558,14.558,14.558,306000.0
2000-11-15,20210.129137476,14.558,14.4867,14.558,14.4867,367100.0
2000-11-16,22455.69904164,14.558,14.558,14.558,14.558,408000.0
2000-11-17,22455.69904164,14.558,14.558,14.558,14.558,408000.0
2000-11-22,129120.26948943,14.7007,14.558,14.7007,14.558,2357000.0
2000-11-23,2245.569904164,14.7007,14.7007,14.7007,14.7007,41200.0
2000-11-28,22455.69904164,14.6294,14.6294,14.6294,14.6294,410000.0
2000-11-30,63998.742268674,14.6294,14.6294,14.6294,14.6294,1168500.0
2000-12-04,69612.667029084,14.6294,14.6294,14.6294,14.6294,1271000.0
2000-12-05,23578.483993722002,14.6294,14.558,14.558,14.6294,429500.0
2000-12-06,22455.69904164,14.4867,14.4153,14.4153,14.4867,405000.0
2000-12-07,136979.764154004,14.6294,14.6294,14.6294,14.6294,2501000.0
2000-12-08,56139.2476041,14.6294,14.6294,14.6294,14.6294,1025000.0
2000-12-11,31437.978658296,14.6294,14.6294,14.6294,14.6294,574000.0
2000-12-14,153821.538435234,14.6294,14.6294,14.6294,14.6294,2808500.0
2000-12-15,67367.09712492,14.6294,14.6294,14.6294,14.6294,1230000.0
2000-12-18,4491.139808328,14.6294,14.2726,14.2726,14.6294,81500.0
2000-12-19,5613.92476041,14.2726,14.2726,14.2726,14.2726,100000.0
2000-12-20,1122.784952082,14.558,14.558,14.558,14.558,20400.0
2000-12-21,115646.850064446,14.6294,14.558,14.6294,14.558,2105300.0
2000-12-28,2245.569904164,14.6294,14.6294,14.6294,14.6294,41000.0
2001-01-02,1122.784952082,14.6294,14.6294,14.6294,14.6294,20500.0
2001-01-03,1122.784952082,14.6294,14.6294,14.6294,14.6294,20500.0
2001-01-05,2245.569904164,14.558,14.558,14.558,14.558,40800.0
2001-01-08,127997.484537348,14.6294,14.558,14.6294,14.558,2332000.0
2001-01-09,5613.92476041,14.6294,14.6294,14.6294,14.6294,102500.0
2001-01-10,57262.032556182,14.6294,14.6294,14.6294,14.6294,1045500.0
2001-01-11,5613.92476041,14.6294,14.6294,14.6294,14.6294,102500.0
2001-01-12,28069.62380205,14.6294,14.6294,14.6294,14.6294,512500.0
2001-01-16,3368.3548562459996,14.6294,14.558,14.6294,14.558,61300.0
2001-01-17,1122.784952082,14.6294,14.6294,14.6294,14.6294,20500.0
2001-01-18,1122.784952082,14.6294,14.6294,14.6294,14.6294,20500.0
2001-01-19,168417.74281229998,14.6294,14.558,14.6294,14.558,3074000.0
2001-01-22,4491.139808328,14.6294,14.4867,14.6294,14.4867,81400.0
2001-01-23,51311.272310147404,14.6294,14.6294,14.6294,14.6294,936850.0
2001-01-24,147421.664208367,14.6294,14.6294,14.6294,14.6294,2691650.0
2001-01-25,561.392476041,14.558,14.558,14.558,14.558,10200.0
2001-01-26,217.313216532,14.5672,14.5672,14.5672,14.5672,4080.0
2001-01-29,108.656608266,14.5672,14.5672,14.5672,14.5672,2040.0
2001-01-30,325.969824798,14.5672,14.2816,14.2816,14.5672,6040.0
2001-01-31,192322.19663082,14.5672,14.2816,14.2816,14.5672,3546041.0
2001-02-01,180369.96972156,14.2816,14.2816,14.2816,14.2816,3320000.0
2001-02-06,21731.3216532,14.1388,14.1388,14.1388,14.1388,396000.0
2001-02-07,108.656608266,14.2816,14.2816,14.2816,14.2816,2000.0
2001-02-08,108.656608266,14.2816,14.2816,14.2816,14.2816,2000.0
2001-02-09,1195.222690926,14.2816,14.0674,14.0674,14.2816,21700.0
2001-02-12,108.656608266,14.2816,14.2816,14.2816,14.2816,2000.0
2001-02-13,3259.69824798,14.0674,14.0674,14.0674,14.0674,59100.0
2001-02-14,49656.069977562,14.1388,14.0674,14.1388,14.0674,904760.0
2001-02-15,108.656608266,14.2102,14.2102,14.2102,14.2102,1990.0
2001-02-16,108.656608266,14.1388,14.1388,14.1388,14.1388,1980.0
2001-02-21,108.656608266,14.2816,14.2816,14.2816,14.2816,2000.0
2001-02-23,54328.304133000005,14.1388,14.1388,14.1388,14.1388,990000.0
2001-02-26,54328.304133000005,14.1388,14.1388,14.1388,14.1388,990000.0
2001-02-27,58457.255247108,14.1388,14.0674,14.1388,14.1388,1065140.0
2001-02-28,54328.304133000005,14.1388,14.1388,14.1388,14.1388,990000.0
2001-03-02,54328.304133000005,14.1388,14.1388,14.1388,14.1388,990000.0
2001-03-05,32596.982479799997,14.1388,14.1388,14.1388,14.1388,594000.0
2001-03-06,27272.808674766,14.1388,14.1388,14.1388,14.1388,496980.0
2001-03-08,10865.6608266,14.1388,14.1388,14.1388,14.1388,198000.0
2001-03-13,18471.62340522,13.9246,13.9246,13.9246,13.9246,331500.0
2001-03-14,32596.982479799997,13.9246,13.7817,13.7817,13.9246,583250.0
2001-03-15,153205.81765506,14.1388,13.9246,14.1388,13.9246,2784000.0
2001-03-16,49330.100152764004,14.1388,14.1388,14.1388,14.1388,898920.0
2001-03-19,14777.298724176,14.1388,14.1388,14.1388,14.1388,269280.0
2001-03-22,10865.6608266,13.9246,13.9246,13.9246,13.9246,195000.0
2001-03-23,16298.491239899999,13.7817,13.6389,13.7318,13.7817,288500.0
2001-03-26,10865.6608266,12.9963,12.9963,12.9963,12.9963,182000.0
2001-03-27,5432.8304133,12.3536,12.3536,12.3536,12.3536,86500.0
2001-03-28,191235.63054816,11.7823,11.4253,11.4253,11.7823,2818500.0
2001-04-04,108.656608266,14.2816,14.2816,14.2816,14.2816,2000.0
2001-04-06,108.656608266,14.2816,14.2816,14.2816,14.2816,2000.0
2001-04-19,108.656608266,14.2816,14.2816,14.2816,14.2816,2000.0
2001-04-20,8149.24561995,14.1388,14.1388,14.1388,14.1388,148500.0
2001-04-23,13038.79299192,14.1388,14.1388,14.1388,14.1388,237600.0
2001-04-25,14125.35907458,14.1388,14.1388,14.1388,14.1388,257400.0
2001-04-26,110829.74043132,14.1388,14.1388,14.1388,14.1388,2019600.0
2001-04-27,10865.6608266,13.9246,13.9246,13.9246,13.9246,195000.0
2001-04-30,6954.022929024,13.9246,13.9246,13.9246,13.9246,124800.0
2001-05-03,2173.13216532,13.9246,13.9246,13.9246,13.9246,39000.0
2001-05-08,108.656608266,14.0674,14.0674,14.0674,14.0674,1970.0
2001-05-09,5432.8304133,14.2816,14.0674,14.2816,14.0674,98530.0
2001-05-14,57588.00238098,14.1388,14.0674,14.1388,14.0674,1048600.0
2001-05-15,22274.60469453,14.1388,14.0674,14.0674,14.1388,405860.0
2001-05-16,5432.8304133,14.0674,14.0674,14.0674,14.0674,98500.0
2001-05-17,95291.84544928199,14.0674,13.9246,13.9246,14.0674,1712150.0
2001-05-21,14016.702466313998,14.0674,13.9246,13.9246,14.0674,253550.0
2001-05-22,7605.96257862,14.1031,14.1031,14.1031,14.1031,138250.0
2001-05-23,22600.574519327998,14.1031,14.1031,14.1031,14.1031,410800.0
2001-05-24,10539.691001801999,14.2816,14.2816,14.2816,14.2816,194000.0
2001-05-25,5106.860588502,14.353,14.353,14.353,14.353,94470.0
2001-05-28,5215.517196768,15.7098,15.7098,15.7098,15.7098,105600.0
2001-05-29,1086.56608266,15.7098,15.7098,15.7098,15.7098,22000.0
2001-05-30,5650.1436298319995,15.7098,14.353,15.7098,14.353,104710.0
2001-05-31,49656.069977562,15.7098,14.2816,15.7026,14.353,915889.0
2001-06-01,15211.92515724,15.7098,14.1388,14.1388,15.7098,286000.0
2001-06-04,21731.3216532,14.1388,14.0674,14.1388,14.0674,395000.0
2001-06-05,1086.56608266,15.7098,15.7098,15.7098,15.7098,22000.0
2001-06-06,206990.83874673,16.4238,15.7098,16.4238,15.7098,4304500.0
2001-06-07,194169.35897134198,16.6381,16.4238,16.6381,16.4238,4145952.0
2001-06-08,3259.69824798,17.1379,17.1379,17.1379,17.1379,72000.0
2001-06-11,19775.502704412,17.495,17.1379,17.495,17.1379,439400.0
2001-06-12,16298.491239899999,17.495,17.495,17.495,17.495,367500.0
2001-06-13,3802.98128931,17.1379,16.9951,17.1379,16.9951,83600.0
2001-06-15,2173.13216532,16.430999999999997,16.430999999999997,16.430999999999997,16.430999999999997,46020.0
2001-06-19,2390.445381852,17.0665,16.9951,17.0665,16.9951,52370.0
2001-06-20,11191.630651398,16.9951,16.9951,16.9951,16.9951,245140.0
2001-06-21,108.656608266,16.9951,16.9951,16.9951,16.9951,2380.0
2001-06-22,1738.505732256,16.9951,16.4952,16.9951,16.4952,37030.0
2001-06-25,2281.788773586,16.9951,16.9951,16.9951,16.9951,49980.0
2001-06-27,10974.317434866,16.7809,16.4238,16.4238,16.7737,232840.0
2001-06-29,108.656608266,16.5667,16.5667,16.5667,16.5667,2320.0
2001-07-03,8692.52866128,16.281,16.281,16.281,16.281,182400.0
2001-07-05,13364.762816718001,15.7098,15.7098,15.7098,15.7098,270600.0
2001-07-06,108.656608266,16.281,16.281,16.281,16.281,2280.0
2001-07-11,5432.8304133,16.1382,16.1382,16.1382,16.1382,113000.0
2001-07-13,2173.13216532,16.0668,16.0668,16.0668,16.0668,45000.0
2001-07-16,9670.438135674,16.4238,16.0668,16.4238,16.0668,203250.0
2001-07-19,13038.79299192,16.0668,16.0668,16.0668,16.0668,270000.0
2001-07-23,9779.09474394,15.7098,15.7098,15.7098,15.7098,198000.0
2001-07-25,29228.627623554,15.3527,14.9957,14.9957,15.3527,570400.0
2001-07-27,219920.97513038397,16.0668,15.7098,16.0668,15.7098,4552800.0
2001-07-30,108.656608266,16.4238,16.4238,16.4238,16.4238,2300.0
2001-08-01,56501.43629832,15.7098,15.7098,15.7098,15.7098,1144000.0
2001-08-02,5650.1436298319995,16.0668,15.7098,16.0668,15.7098,114500.0
2001-08-03,26946.838849967997,16.0668,16.0668,16.0668,16.0668,558000.0
2001-08-08,32596.982479799997,16.0668,16.0668,16.0668,16.0668,675000.0
2001-08-14,14125.35907458,16.4238,16.2453,16.4238,16.2453,297750.0
2001-08-17,7062.67953729,15.7098,15.7098,15.7098,15.7098,143000.0
2001-08-21,5432.8304133,14.9957,14.9957,14.9957,14.9957,105000.0
2001-08-24,1309964.0692548999,16.0668,15.7098,16.0668,15.7098,27123500.0
2001-09-06,5432.8304133,15.7098,15.7098,15.7098,15.7098,110000.0
2001-09-11,10865.6608266,15.7098,15.7098,15.7098,15.7098,220000.0
2001-09-17,38464.439326164,15.8883,14.9957,15.8883,14.9957,783900.0
2001-09-18,2173.13216532,15.8883,15.8883,15.8883,15.8883,44500.0
2001-09-19,6084.770062896,15.8883,15.8883,15.8883,15.8883,124600.0
2001-09-21,32596.982479799997,15.7098,15.7098,15.7098,15.7098,660000.0
2001-09-25,2173.13216532,15.7098,15.7098,15.7098,15.7098,44000.0
2001-09-26,2064.475557054,15.7098,15.7098,15.7098,15.7098,41800.0
2001-09-27,11626.257084462,15.7098,15.3527,15.7098,15.3527,230400.0
2001-09-28,29337.28423182,15.3527,15.3527,15.3527,15.3527,580500.0
2001-10-01,38029.8128931,14.9957,14.9957,14.9957,14.9957,735000.0
2001-10-02,573054.951994884,14.9957,14.7815,14.7815,14.9957,10918080.0
2001-10-04,2173.13216532,14.2816,14.2816,14.2816,14.2816,40000.0
2001-10-05,217.313216532,14.9957,14.9957,14.9957,14.9957,4200.0
2001-10-11,20644.75557054,14.6386,14.6386,14.6386,14.6386,389500.0
2001-10-17,651.939649596,14.6386,14.6386,14.6386,14.6386,12300.0
2001-10-25,543.28304133,16.0668,16.0668,16.0668,16.0668,11250.0
2001-10-26,108.656608266,16.0668,16.0668,16.0668,16.0668,2250.0
2001-10-29,1521.192515724,16.0668,16.0668,16.0668,16.0668,31500.0
2001-11-01,217313.21653200002,14.9957,14.9957,14.9957,14.9957,4200000.0
2001-11-13,5432.8304133,14.6386,14.6386,14.6386,14.6386,102500.0
2001-11-21,5432.8304133,14.6386,14.6386,14.6386,14.6386,102500.0
2001-11-28,108.656608266,15.7098,15.7098,15.7098,15.7098,2200.0
2001-12-04,2173.13216532,15.1877,15.1877,15.1877,15.1877,41600.0
2001-12-05,456357.7547172,16.0639,16.0639,16.0639,16.0639,9240000.0
2001-12-07,16298.491239899999,15.6988,15.3337,15.6988,15.3337,320000.0
2001-12-13,108.656608266,16.0639,16.0639,16.0639,16.0639,2200.0
2001-12-17,3259.69824798,15.6988,15.6988,15.6988,15.6988,64500.0
2001-12-21,108.656608266,16.0639,16.0639,16.0639,16.0639,2200.0
2002-01-02,434.626433064,16.0639,16.0639,16.0639,16.0639,8800.0
2002-01-04,108.656608266,16.0639,16.0639,16.0639,16.0639,2200.0
2002-01-07,5432.8304133,16.0639,15.6988,16.0639,16.0639,108500.0
2002-01-08,174502.512875196,16.2099,16.0639,16.0639,16.0639,3533921.0
2002-01-09,19558.18948788,16.0639,16.0639,16.0639,16.0639,396000.0
2002-01-10,108.656608266,16.429000000000002,16.429000000000002,16.429000000000002,16.429000000000002,2250.0
2002-01-15,21839.978261466,16.7941,16.429000000000002,16.429000000000002,16.429000000000002,452300.0
2002-01-16,108.656608266,16.7941,16.7941,16.7941,16.7941,2300.0
2002-01-17,6628.053104226,16.7941,16.7941,16.7941,16.7941,140300.0
2002-01-21,4346.26433064,16.7941,16.7941,16.7941,16.7941,92000.0
2002-01-22,24991.01990118,16.7941,16.7941,16.7941,16.7941,529000.0
2002-01-23,108.656608266,17.5242,17.5242,17.5242,17.5242,2400.0
2002-01-24,108.656608266,17.5242,17.5242,17.5242,17.5242,2400.0
2002-01-25,108.656608266,17.4512,17.4512,17.4512,17.4512,2390.0
2002-01-28,108.656608266,17.5242,17.5242,17.5242,17.5242,2400.0
2002-01-29,9779.09474394,16.7941,16.7941,16.7941,16.7941,207000.0
2002-01-31,108.656608266,17.2322,17.2322,17.2322,17.2322,2360.0
2002-02-04,108.656608266,17.0861,17.0861,17.0861,17.0861,2340.0
2002-02-06,5215.517196768,16.7941,16.7941,16.7941,16.7941,110400.0
2002-02-07,11408.94386793,16.7941,16.7941,16.7941,16.7941,241500.0
2002-02-11,108.656608266,16.7941,16.7941,16.7941,16.7941,2300.0
2002-02-12,108.656608266,16.7941,16.7941,16.7941,16.7941,2300.0
2002-02-13,10865.6608266,16.7941,16.7868,16.7868,16.7941,229919.0
2002-02-14,108.656608266,16.7211,16.7211,16.7211,16.7211,2290.0
2002-02-15,108.656608266,16.7211,16.7211,16.7211,16.7211,2290.0
2002-02-20,1303.879299192,16.7941,16.7941,16.7941,16.7941,27600.0
2002-02-25,12169.540125792,16.7941,16.7941,16.7941,16.7941,257600.0
2002-02-27,3042.385031448,17.1592,16.7941,17.1592,16.7941,64450.0
2002-02-28,108.656608266,17.1592,17.1592,17.1592,17.1592,2350.0
2002-03-01,217.313216532,17.1592,17.1592,17.1592,17.1592,4700.0
2002-03-06,108.656608266,17.1592,17.1592,17.1592,17.1592,2350.0
2002-03-07,4454.920938906,16.7941,16.7941,16.7941,16.7941,94300.0
2002-03-08,108.656608266,16.7868,16.7868,16.7868,16.7868,2299.0
2002-03-13,108.656608266,16.7868,16.7868,16.7868,16.7868,2299.0
2002-03-14,6302.083279428,16.7941,16.7941,16.7941,16.7941,133400.0
2002-03-15,10974.317434866,16.7941,16.7941,16.7941,16.7941,232300.0
2002-03-18,21731.3216532,16.0639,16.0639,16.0639,16.0639,440000.0
2002-03-27,108.656608266,16.7291,16.7291,16.7291,16.7291,1700.0
2002-04-02,108.656608266,17.7132,17.7132,17.7132,17.7132,1800.0
2002-04-03,108.656608266,17.7132,17.7132,17.7132,17.7132,1800.0
2002-04-04,108.656608266,17.7132,17.7132,17.7132,17.7132,1800.0
2002-04-09,108.656608266,17.9592,17.9592,17.9592,17.9592,1825.0
2002-04-10,2825.0718149159998,17.9592,17.9592,17.9592,17.9592,47450.0
2002-04-12,5432.8304133,18.2052,18.2052,18.2052,18.2052,92500.0
2002-04-15,108.656608266,18.4512,18.4512,18.4512,18.4512,1875.0
2002-04-16,63020.83279428,18.6973,18.4512,18.6973,18.4512,1089525.0
2002-04-17,108.656608266,18.6973,18.6973,18.6973,18.6973,1900.0
2002-04-19,12821.479775388001,18.6973,18.6973,18.6973,18.6973,224200.0
2002-04-23,54328.304133000005,18.6973,18.6973,18.6973,18.6973,950000.0
2002-04-25,16298.491239899999,18.7957,18.7957,18.7957,18.7957,286500.0
2002-04-26,108.656608266,18.9433,18.9433,18.9433,18.9433,1925.0
2002-04-29,65193.964959599994,18.5988,18.5988,18.5988,18.5988,1134000.0
2002-04-30,43462.6433064,18.402,18.402,18.402,18.402,748000.0
2002-05-03,43462.6433064,18.2052,18.2052,18.2052,18.2052,740000.0
2002-05-08,21731.3216532,18.0084,18.0084,18.0084,18.0084,366000.0
2002-05-09,141362.247354066,17.7132,17.2212,17.2212,17.7132,2306780.0
2002-05-10,76059.6257862,16.7291,16.7291,16.7291,16.7291,1190000.0
2002-05-13,76059.6257862,16.4339,16.4339,16.4339,16.4339,1169000.0
2002-05-14,252083.33117712,16.2371,15.5482,15.5482,16.2371,3743000.0
2002-05-15,159725.21415102,16.2371,15.253,15.253,16.2371,2312900.0
2002-05-23,108.656608266,15.7451,15.7451,15.7451,15.7451,1600.0
2002-05-29,10865.6608266,16.2371,16.2371,16.2371,16.2371,165000.0
2002-06-04,3259.69824798,16.2371,16.2371,16.2371,16.2371,49500.0
2002-06-05,13038.79299192,16.2371,16.2371,16.2371,16.2371,198000.0
2002-06-06,2173.13216532,16.4831,16.4831,16.4831,16.4831,33500.0
2002-06-07,108.656608266,16.4831,16.4831,16.4831,16.4831,1675.0
2002-06-14,108.656608266,16.4831,16.4831,16.4831,16.4831,1675.0
2002-07-03,6410.739887694001,15.7451,15.7451,15.7451,15.7451,94400.0
2002-07-04,21731.3216532,15.7451,15.7451,15.7451,15.7451,320000.0
2002-07-15,21731.3216532,15.4498,15.4498,15.4498,15.4498,314000.0
2002-07-23,2281.788773586,14.761,14.761,14.761,14.761,31500.0
2002-07-29,5432.8304133,14.4658,14.4658,14.4658,14.4658,73500.0
2002-07-31,217.313216532,15.4498,15.4498,15.4498,15.4498,3140.0
2002-09-19,434.626433064,14.761,14.761,14.761,14.761,6000.0
2002-09-23,24121.767035052002,14.761,14.761,14.761,14.761,333000.0
2002-10-03,1086.56608266,14.4658,14.4658,14.4658,14.4658,14700.0
2002-10-04,1086.56608266,14.269,14.269,14.269,14.269,14500.0
2002-10-07,543.28304133,14.269,14.269,14.269,14.269,7250.0
2002-10-08,2173.13216532,14.269,14.269,14.269,14.269,29000.0
2002-10-14,5432.8304133,13.7769,13.7769,13.7769,13.7769,70000.0
2002-10-22,13256.106208452,14.761,13.7769,14.761,13.7769,171000.0
2002-10-31,108.656608266,14.761,14.761,14.761,14.761,1500.0
2002-11-06,108.656608266,14.761,14.761,14.761,14.761,1500.0
2002-11-12,217.313216532,14.761,14.761,14.761,14.761,3000.0
2002-11-13,42919.36026507,14.0721,14.0721,14.0721,14.0721,564850.0
2002-11-14,17385.05732256,14.0721,14.0721,14.0721,14.0721,228800.0
2002-11-15,1086.56608266,14.0721,14.0721,14.0721,14.0721,14300.0
2002-11-21,1086.56608266,14.0721,14.0721,14.0721,14.0721,14300.0
2002-11-25,21514.008436668002,14.0721,14.0721,14.0721,14.0721,283140.0
2002-11-27,27164.152066500003,14.0721,14.0721,14.0721,14.0721,357500.0
2002-11-28,108.656608266,14.0721,14.0721,14.0721,14.0721,1430.0
2002-11-29,108.656608266,14.0721,14.0721,14.0721,14.0721,1430.0
2002-12-02,108.656608266,14.0721,14.0721,14.0721,14.0721,1430.0
2002-12-03,108.656608266,14.0721,14.0721,14.0721,14.0721,1430.0
2002-12-04,108.656608266,14.0721,14.0721,14.0721,14.0721,1430.0
2002-12-05,108.656608266,14.0721,14.0721,14.0721,14.0721,1430.0
2002-12-06,7171.336145556,14.0721,14.0721,14.0721,14.0721,94380.0
2002-12-09,108.656608266,14.0721,14.0721,14.0721,14.0721,1430.0
2002-12-10,108.656608266,14.0721,14.0721,14.0721,14.0721,1430.0
2002-12-11,5432.8304133,14.0721,14.0721,14.0721,14.0721,71500.0
2002-12-16,108.656608266,14.0721,14.0721,14.0721,14.0721,1430.0
2002-12-17,108.656608266,14.0721,14.0721,14.0721,14.0721,1430.0
2002-12-18,5541.487021565999,14.0721,14.0721,14.0721,14.0721,72930.0
2002-12-19,108.656608266,14.0721,14.0721,14.0721,14.0721,1430.0
2002-12-20,108.656608266,14.0721,14.0721,14.0721,14.0721,1430.0
2002-12-23,2281.788773586,14.0721,14.0721,14.0721,14.0721,30030.0
2002-12-24,108.656608266,14.0721,14.0721,14.0721,14.0721,1430.0
2002-12-26,2173.13216532,14.0721,14.0721,14.0721,14.0721,28600.0
2003-01-02,108.656608266,14.0721,14.0721,14.0721,14.0721,1430.0
2003-01-03,108.656608266,14.0721,14.0721,14.0721,14.0721,1430.0
2003-01-07,2173.13216532,14.0721,14.0721,14.0721,14.0721,28600.0
2003-01-08,108.656608266,14.269,14.269,14.269,14.269,1450.0
2003-01-09,1086.56608266,14.0721,14.0721,14.0721,14.0721,14300.0
2003-01-13,434.626433064,14.0721,14.0721,14.0721,14.0721,5720.0
2003-01-15,108.656608266,14.0721,14.0721,14.0721,14.0721,1430.0
2003-01-16,55632.183432192,14.0721,14.0721,14.0721,14.0721,732160.0
2003-01-17,54328.304133000005,14.0721,14.0721,14.0721,14.0721,715000.0
2003-01-21,108.656608266,14.0721,14.0721,14.0721,14.0721,1430.0
2003-01-22,108.656608266,14.0721,14.0721,14.0721,14.0721,1430.0
2003-01-23,217.313216532,14.0721,14.0721,14.0721,14.0721,2860.0
2003-01-30,204165.766931814,14.0721,13.7769,13.7769,14.0721,2631380.0
2003-01-31,108.656608266,14.0721,14.0721,14.0721,14.0721,1430.0
2003-02-06,11952.22690926,13.5801,13.5801,13.5801,13.5801,151800.0
2003-02-11,1086.56608266,13.5801,13.5801,13.5801,13.5801,13800.0
2003-02-12,108.656608266,13.7769,13.7769,13.7769,13.7769,1400.0
2003-02-20,65193.964959599994,13.2849,13.2849,13.2849,13.2849,810000.0
2003-02-21,108.656608266,12.8913,12.8913,12.8913,12.8913,1310.0
2003-02-25,10865.6608266,12.8913,12.7929,12.7929,12.8913,130100.0
2003-03-13,17385.05732256,12.7929,12.7929,12.7929,12.7929,208000.0
2003-03-14,65193.964959599994,12.7929,12.7929,12.7929,12.7929,780000.0
2003-03-17,65193.964959599994,12.7929,12.7929,12.7929,12.7929,780000.0
2003-03-18,43462.6433064,12.595999999999998,12.595999999999998,12.595999999999998,12.595999999999998,512000.0
2003-03-19,54328.304133000005,12.595999999999998,12.595999999999998,12.595999999999998,12.595999999999998,640000.0
2003-03-20,108656.60826600001,12.3992,12.3992,12.3992,12.3992,1260000.0
2003-03-24,4346.26433064,12.3008,12.3008,12.3008,12.3008,50000.0
2003-03-26,108.656608266,13.7769,13.7769,13.7769,13.7769,1400.0
2003-03-28,5432.8304133,12.3008,12.3008,12.3008,12.3008,62500.0
2003-04-09,29119.971015288,12.3992,12.3008,12.3008,12.3992,335010.0
2003-04-11,14777.298724176,12.3205,12.3008,12.3008,12.3205,170100.0
2003-04-15,98877.51352206,12.35,12.35,12.35,12.35,1142050.0
2003-04-21,59761.1345463,12.3205,12.3008,12.3008,12.3205,687600.0
2003-04-23,39551.005408824,12.2024,12.2024,12.2024,12.2024,451360.0
2003-04-28,22057.291477998,12.104000000000001,12.104000000000001,12.104000000000001,12.104000000000001,249690.0
2003-05-05,217.313216532,12.104000000000001,12.104000000000001,12.104000000000001,12.104000000000001,2460.0
2003-05-08,9996.407960472,12.104000000000001,12.104000000000001,12.104000000000001,12.104000000000001,113160.0
2003-05-15,1086.56608266,12.104000000000001,12.104000000000001,12.104000000000001,12.104000000000001,12300.0
2003-05-21,20210.129137476,12.104000000000001,12.104000000000001,12.104000000000001,12.104000000000001,228780.0
2003-05-22,7931.932403418001,12.104000000000001,12.104000000000001,12.104000000000001,12.104000000000001,89790.0
2003-05-28,543.28304133,12.7929,12.7929,12.7929,12.7929,6500.0
2003-06-02,543.28304133,12.7929,12.7929,12.7929,12.7929,6500.0
2003-06-11,108.656608266,12.7929,12.7929,12.7929,12.7929,1300.0
2003-06-12,3694.324681044,12.7929,12.7929,12.7929,12.7929,44200.0
2003-06-19,2173.13216532,12.7929,12.7929,12.7929,12.7929,26000.0
2003-06-23,651.939649596,12.7929,12.7929,12.7929,12.7929,7800.0
2003-07-10,76385.595610998,12.7929,12.7929,12.7929,12.7929,913900.0
2003-07-15,73886.49362088,12.7929,12.7929,12.7929,12.7929,884000.0
2003-07-17,16841.77428123,12.7929,12.7929,12.7929,12.7929,201500.0
2003-07-18,37486.52985177,12.7929,12.7929,12.7929,12.7929,448500.0
2003-07-22,56501.43629832,12.7929,12.7929,12.7929,12.7929,676000.0
2003-07-23,21296.695220136,12.6059,12.595999999999998,12.6059,12.595999999999998,250986.0
2003-07-24,449186.418571644,13.1865,13.0881,13.1865,13.0881,5539460.0
2003-07-28,21731.3216532,12.7929,12.7929,12.7929,12.7929,260000.0
2003-08-14,108656.60826600001,12.7929,12.7929,12.7929,12.7929,1300000.0
2003-08-15,108656.60826600001,12.7929,12.7929,12.7929,12.7929,1300000.0
2003-08-25,2173.13216532,13.2849,13.2849,13.2849,13.2849,27000.0
2003-08-27,543.28304133,13.7769,13.7769,13.7769,13.7769,7000.0
2003-08-28,10865.6608266,13.7769,13.7769,13.7769,13.7769,140000.0
2003-08-29,1738.505732256,14.761,13.7769,14.761,13.7769,23000.0
2003-09-02,434.626433064,14.761,14.761,14.761,14.761,6000.0
2003-09-05,24773.706684647997,13.7769,13.7769,13.7769,13.7769,319200.0
2003-09-10,27164.152066500003,14.269,14.269,14.269,14.269,362500.0
2003-09-11,28576.687973957996,14.269,14.269,14.269,14.269,381350.0
2003-09-12,18471.62340522,14.269,14.269,14.269,14.269,246500.0
2003-09-18,29337.28423182,14.761,14.761,14.761,14.761,405000.0
2003-09-30,217.313216532,14.761,14.761,14.761,14.761,3000.0
2003-10-01,34552.801428588,14.761,14.6134,14.761,14.6134,472500.0
2003-10-03,14777.298724176,14.3674,14.3674,14.3674,14.3674,198560.0
2003-10-06,535568.422143114,14.3674,14.3674,14.3674,14.3674,7196340.0
2003-10-10,10865.6608266,14.761,14.761,14.761,14.761,150000.0
2003-10-16,44766.522605592,14.761,14.761,14.761,14.761,618000.0
2003-10-21,1955.818948788,14.761,14.761,14.761,14.761,27000.0
2003-10-28,116153.914236354,15.253,14.9578,15.253,14.9578,1652950.0
2003-10-29,11408.94386793,15.499,15.253,15.253,15.499,165250.0
2003-10-30,217.313216532,15.253,15.253,15.253,15.253,3100.0
2003-10-31,5432.8304133,15.4498,15.4498,15.4498,15.4498,78500.0
2003-11-03,16298.491239899999,15.7451,15.7451,15.7451,15.7451,240000.0
2003-11-04,13038.79299192,15.9911,15.253,15.9911,15.253,189750.0
2003-11-06,1086.56608266,15.9911,15.9911,15.9911,15.9911,16250.0
2003-12-03,1086.56608266,16.2371,16.2371,16.2371,16.2371,16500.0
2003-12-10,2173.13216532,16.0403,16.0403,16.0403,16.0403,32600.0
2003-12-18,217.313216532,16.0403,16.0403,16.0403,16.0403,3260.0
2003-12-23,1086.56608266,16.5323,16.5323,16.5323,16.5323,16800.0
2003-12-26,543.28304133,16.9259,16.9259,16.9259,16.9259,8600.0
2003-12-31,1086.56608266,17.0243,16.9259,17.0243,16.9259,17250.0
2004-01-02,25534.30294251,16.7291,16.5323,16.7291,16.5323,394900.0
2004-01-06,1086.56608266,16.7291,16.7291,16.7291,16.7291,17000.0
2004-01-07,38029.8128931,16.7291,16.7291,16.7291,16.7291,595000.0
2004-01-09,2173.13216532,17.7132,17.7132,17.7132,17.7132,36000.0
2004-01-13,13690.732641516,17.7132,17.7132,17.7132,17.7132,226800.0
2004-01-16,5432.8304133,17.7132,17.7132,17.7132,17.7132,90000.0
2004-01-19,1086.56608266,17.7132,17.7132,17.7132,17.7132,18000.0
2004-01-26,11952.22690926,17.8116,17.7132,17.8116,17.7132,199000.0
2004-01-29,1086.56608266,17.7132,17.7132,17.7132,17.7132,18000.0
2004-01-30,10865.6608266,17.8116,17.8116,17.8116,17.8116,181000.0
2004-02-16,1195.222690926,17.8116,17.8116,17.8116,17.8116,19910.0
2004-02-20,9670.438135674,17.8116,17.8116,17.8116,17.8116,161090.0
2004-03-05,135820.7603325,18.1068,17.91,18.1068,17.91,2285000.0
2004-03-08,70518.138764634,18.3036,18.2052,18.3036,18.2052,1204640.0
2004-03-15,4346.26433064,18.3036,18.3036,18.3036,18.3036,74400.0
2004-03-31,2173.13216532,18.3036,18.3036,18.3036,18.3036,37200.0
2004-04-02,57479.345772714005,18.6973,18.6973,18.6973,18.6973,1005100.0
2004-04-23,26077.58598384,19.1893,19.1893,19.1893,19.1893,468000.0
2004-04-26,1955.818948788,19.1893,19.1893,19.1893,19.1893,35100.0
2004-04-28,108.656608266,19.1893,19.1893,19.1893,19.1893,1950.0
2004-04-29,108.656608266,19.2877,19.2877,19.2877,19.2877,1960.0
2004-05-04,27164.152066500003,19.1893,19.1893,19.1893,19.1893,487500.0
2004-05-11,9235.81170261,19.1893,19.1893,19.1893,19.1893,165750.0
2004-05-12,53241.73805034,19.1893,19.1893,19.1893,19.1893,955500.0
2004-05-14,5541.487021565999,19.1893,19.1893,19.1893,19.1893,99450.0
2004-05-28,27055.495458234,19.4353,19.4353,19.4353,19.4353,491775.0
2004-06-10,325.969824798,19.4353,19.4353,19.4353,19.4353,5925.0
2004-07-06,25534.30294251,19.6813,19.6813,19.6813,19.6813,470000.0
2004-07-09,387904.09150962,19.6813,19.1893,19.6813,19.2877,7091000.0
2004-08-04,131474.49600186,19.6813,19.6813,19.6813,19.6813,2420000.0
2004-08-12,32053.69943847,19.7797,19.7797,19.7797,19.7797,592950.0
2004-08-20,2173.13216532,19.7797,19.7797,19.7797,19.7797,40200.0
2004-08-30,274683.905696448,19.9765,19.9765,19.9765,19.9765,5131840.0
2004-09-07,38029.8128931,20.6654,19.9765,20.6654,19.9765,731500.0
2004-09-08,21731.3216532,20.7638,20.7638,20.7638,20.7638,422000.0
2004-09-09,26620.86902517,21.0098,21.0098,21.0098,21.0098,523075.0
2004-09-10,108.656608266,21.0098,21.0098,21.0098,21.0098,2135.0
2004-09-14,543.28304133,21.0098,21.0098,21.0098,21.0098,10675.0
2004-09-22,543.28304133,21.0098,21.0098,21.0098,21.0098,10675.0
2004-09-24,14994.611940708,21.0098,21.0098,21.0098,21.0098,294630.0
2004-10-05,217.313216532,21.0098,21.0098,21.0098,21.0098,4270.0
2004-10-06,21731.3216532,21.1574,21.1574,21.1574,21.1574,430000.0
2004-10-07,325.969824798,21.1574,21.1574,21.1574,21.1574,6450.0
2004-10-13,217.313216532,21.1574,21.1574,21.1574,21.1574,4300.0
2004-10-18,4346.26433064,21.1574,21.1574,21.1574,21.1574,86000.0
2004-10-20,45744.43207998599,21.551,21.3542,21.551,21.3542,917570.0
2004-10-27,5432.8304133,21.551,21.551,21.551,21.551,109500.0
2004-11-04,2173.13216532,21.6495,21.6495,21.6495,21.6495,44000.0
2004-11-09,217.313216532,21.6495,21.6495,21.6495,21.6495,4400.0
2004-11-11,21839.978261466,22.4367,21.6495,22.4367,21.6495,458200.0
2004-11-12,22274.60469453,23.6176,23.6176,23.6176,23.6176,492000.0
2004-11-17,1086.56608266,24.6017,24.6017,24.6017,24.6017,25000.0
2004-11-18,1010832.4266986001,26.0778,24.6017,26.0778,24.6017,24609450.0
2004-11-24,1086.56608266,27.357,27.357,27.357,27.357,27800.0
2004-12-01,1086.56608266,27.4554,27.4554,27.4554,27.4554,27900.0
2004-12-08,325.969824798,27.6523,27.6523,27.6523,27.6523,8430.0
2004-12-10,108.656608266,28.3411,28.3411,28.3411,28.3411,2880.0
2004-12-14,3259.69824798,28.3411,28.3411,28.3411,28.3411,86400.0
2004-12-17,4346.26433064,28.3411,28.3411,28.3411,28.3411,115200.0
2004-12-22,1629.84912399,28.3411,28.3411,28.3411,28.3411,43200.0
2004-12-23,1086.56608266,28.5379,28.5379,28.5379,28.5379,29000.0
2004-12-24,543.28304133,28.5379,28.5379,28.5379,28.5379,14500.0
2004-12-29,108.656608266,28.5379,28.5379,28.5379,28.5379,2900.0
2004-12-30,543.28304133,28.5379,28.5379,28.5379,28.5379,14500.0
2005-01-04,1086.56608266,29.522,29.522,29.522,29.522,30000.0
2005-01-07,1086.56608266,29.6204,29.6204,29.6204,29.6204,30100.0
2005-01-11,325.969824798,30.014,30.014,30.014,30.014,9150.0
2005-01-12,543.28304133,31.4901,31.4901,31.4901,31.4901,16000.0
2005-01-19,11952.22690926,31.4901,31.4901,31.4901,31.4901,352000.0
2005-01-24,5432.8304133,32.4742,32.4742,32.4742,32.4742,165000.0
2005-01-26,32596.982479799997,33.4582,33.4582,33.4582,33.4582,1020000.0
2005-02-01,78776.04099285,33.4582,31.9821,33.4582,31.9821,2401250.0
2005-02-11,87142.599829332,33.4582,33.3598,33.4582,33.3598,2726780.0
2005-02-14,21731.3216532,33.4582,33.4582,33.4582,33.4582,680000.0
2005-02-16,29119.971015288,33.4582,33.4582,33.4582,33.4582,911200.0
2005-02-18,325.969824798,33.4582,33.4582,33.4582,33.4582,10200.0
2005-02-21,3259.69824798,33.4582,33.4582,33.4582,33.4582,102000.0
2005-02-24,7605.96257862,33.4582,33.4582,33.4582,33.4582,238000.0
2005-03-01,325.969824798,34.4423,34.4423,34.4423,34.4423,10500.0
2005-03-04,869.252866128,34.4423,34.4423,34.4423,34.4423,28000.0
2005-03-11,869.252866128,34.9343,34.9343,34.9343,34.9343,28400.0
2005-03-14,543.28304133,34.9343,34.9343,34.9343,34.9343,17750.0
2005-03-15,10865.6608266,33.9503,33.9503,33.9503,33.9503,345000.0
2005-03-30,543.28304133,34.9343,34.9343,34.9343,34.9343,17750.0
2005-04-12,325.969824798,35.1312,35.1312,35.1312,35.1312,10710.0
2005-04-13,217.313216532,35.1804,35.1804,35.1804,35.1804,7150.0
2005-04-15,217.313216532,35.2296,35.2296,35.2296,35.2296,7160.0
2005-04-21,2173.13216532,34.6391,34.6391,34.6391,34.6391,70400.0
2005-05-04,2173.13216532,34.6391,34.6391,34.6391,34.6391,70400.0
2005-05-06,5432.8304133,34.7375,34.7375,34.7375,34.7375,176500.0
2005-05-11,5432.8304133,34.2455,34.2455,34.2455,34.2455,174000.0
2005-05-12,325.969824798,34.2455,34.2455,34.2455,34.2455,10440.0
2005-05-25,434.626433064,35.2296,35.2296,35.2296,35.2296,14320.0
2005-06-07,543.28304133,35.4264,35.4264,35.4264,35.4264,18000.0
2005-06-09,869.252866128,35.4264,35.4264,35.4264,35.4264,28800.0
2005-06-10,543.28304133,35.4264,35.4264,35.4264,35.4264,18000.0
2005-06-17,325.969824798,35.4264,35.4264,35.4264,35.4264,10800.0
2005-06-21,50090.696410626,35.0328,35.0328,35.0328,35.0328,1641160.0
2005-06-22,13419091.120850999,35.2296,35.0328,35.2296,35.0328,441380000.0
2005-06-23,325.969824798,35.4264,35.4264,35.4264,35.4264,10800.0
2005-06-28,217.313216532,35.4264,35.4264,35.4264,35.4264,7200.0
2005-07-01,54328.304133000005,35.4264,35.4264,35.4264,35.4264,1800000.0
2005-07-21,65411.278176132,35.7708,35.7708,35.7708,35.7708,2188270.0
2005-08-02,9235.81170261,35.7708,35.7708,35.7708,35.7708,308975.0
2005-08-15,2716.41520665,35.6232,35.6232,35.6232,35.6232,90500.0
2005-08-16,2716.41520665,35.5248,35.5248,35.5248,35.5248,90250.0
2005-08-17,2716.41520665,35.4264,35.4264,35.4264,35.4264,90000.0
2005-08-19,5324.173805034,35.4264,35.4264,35.4264,35.4264,176400.0
2005-08-24,543.28304133,35.4264,35.4264,35.4264,35.4264,18000.0
2005-08-26,1086.56608266,35.4264,35.4264,35.4264,35.4264,36000.0
2005-08-29,1086.56608266,35.4264,35.4264,35.4264,35.4264,36000.0
2005-08-30,211337.10307737,35.4264,35.4264,35.4264,35.4264,7002000.0
2005-09-02,217.313216532,35.9184,35.9184,35.9184,35.9184,7300.0
2005-09-06,108.656608266,35.9184,35.9184,35.9184,35.9184,3650.0
2005-09-13,543.28304133,36.4104,36.4104,36.4104,36.4104,18500.0
2005-09-19,2405114.02396791,36.6073,36.6073,36.6073,36.6073,82342200.0
2005-09-28,1086.56608266,37.3945,37.3945,37.3945,37.3945,38000.0
2005-10-13,108.656608266,37.1977,37.1977,37.1977,37.1977,3780.0
2005-10-18,869.252866128,37.1977,37.1977,37.1977,37.1977,30240.0
2005-10-19,108.656608266,37.1977,37.1977,37.1977,37.1977,3780.0
2005-11-02,6519.39649596,37.0009,37.0009,37.0009,37.0009,225600.0
2005-11-14,4346.26433064,36.9025,34.4423,36.9025,34.4423,142500.0
2005-11-15,108.656608266,36.8041,36.8041,36.8041,36.8041,3740.0
2005-11-22,2064.475557054,36.8041,36.7057,36.8041,36.7057,70970.0
2005-12-01,651.939649596,37.3945,37.3945,37.3945,37.3945,22800.0
2006-01-06,217.313216532,37.0993,37.0993,37.0993,37.0993,7540.0
2006-01-31,27164.152066500003,34.4423,34.4423,34.4423,34.4423,875000.0
2006-02-15,8583.872053014,34.4423,33.9503,34.4423,33.9503,273500.0
2006-02-17,6519.39649596,34.4423,34.4423,34.4423,34.4423,210000.0
2006-02-27,217.313216532,34.4423,34.4423,34.4423,34.4423,7000.0
2006-03-03,108.656608266,34.4325,34.4325,34.4325,34.4325,3499.0
2006-03-10,108.656608266,34.4325,34.4325,34.4325,34.4325,3499.0
2006-03-24,8692.52866128,34.4325,30.6045,34.4325,30.6045,251134.0
2006-04-18,2173.13216532,34.3242,34.3242,34.3242,34.3242,69760.0
2006-05-03,108.656608266,34.1471,34.1471,34.1471,34.1471,3470.0
2006-05-09,30749.820139278,34.0487,34.0388,34.0487,34.0388,979080.0
2006-05-10,53024.424833808,34.4423,34.3242,34.4423,34.3242,1703344.0
2006-05-11,16298.491239899999,35.1804,35.1804,35.1804,35.1804,536250.0
2006-05-12,17385.05732256,35.1804,35.1804,35.1804,35.1804,572000.0
2006-05-16,1521.192515724,35.1804,35.1804,35.1804,35.1804,50050.0
2006-05-18,35856.68072778,36.4104,36.4104,36.4104,36.4104,1221000.0
2006-05-23,217.313216532,37.3945,37.3945,37.3945,37.3945,7600.0
2006-05-29,108.656608266,37.3945,37.3945,37.3945,37.3945,3800.0
2006-06-05,108656.60826600001,37.3945,37.3945,37.3945,37.3945,3800000.0
2006-06-09,108.656608266,37.3945,37.3945,37.3945,37.3945,3800.0
2006-06-16,108.656608266,37.3945,37.3945,37.3945,37.3945,3800.0
2006-07-19,7931.932403418001,37.3945,36.4104,37.3945,36.4104,270400.0
2006-07-20,185802.80013486,37.3945,37.3945,37.3945,37.3945,6498000.0
2006-07-21,108656.60826600001,36.4104,36.4104,36.4104,36.4104,3700000.0
2006-08-16,1303.879299192,34.4423,29.522,34.4423,29.522,37000.0
2006-09-07,10000.0,33.0,30.0,30.0,33.0,303000.0
2006-09-14,700.0,30.0,30.0,30.0,30.0,21000.0
2006-09-25,700.0,31.0,31.0,31.0,31.0,21700.0
2006-09-27,500.0,30.0,30.0,30.0,30.0,15000.0
2006-10-02,60000.0,28.5,28.0,28.5,28.0,1696000.0
2006-10-03,100.0,29.0,29.0,29.0,29.0,2900.0
2006-10-04,40100.0,30.0,29.0,30.0,29.0,1163000.0
2006-10-06,16000.0,29.5,29.5,29.5,29.5,472000.0
2006-10-09,100.0,30.0,30.0,30.0,30.0,3000.0
2006-10-10,100.0,30.0,30.0,30.0,30.0,3000.0
2006-10-11,100.0,30.0,30.0,30.0,30.0,3000.0
2006-10-12,100.0,30.0,30.0,30.0,30.0,3000.0
2006-10-13,100.0,30.0,30.0,30.0,30.0,3000.0
2006-10-16,100.0,30.0,30.0,30.0,30.0,3000.0
2006-10-17,100.0,30.0,30.0,30.0,30.0,3000.0
2006-10-18,100.0,30.0,30.0,30.0,30.0,3000.0
2006-10-19,100.0,30.0,30.0,30.0,30.0,3000.0
2006-10-20,100.0,30.0,30.0,30.0,30.0,3000.0
2006-11-03,3000.0,29.9,29.9,29.9,29.9,89700.0
2006-11-06,100800.0,28.75,26.91,27.25,28.75,2730115.0
2006-11-08,100.0,29.5,29.5,29.5,29.5,2950.0
2006-11-13,100.0,29.5,29.5,29.5,29.5,2950.0
2006-11-14,100.0,28.9,28.9,28.9,28.9,2890.0
2006-11-15,100.0,29.0,29.0,29.0,29.0,2900.0
2006-11-23,700.0,28.8,28.8,28.8,28.8,20160.0
2006-11-27,100.0,28.75,28.75,28.75,28.75,2875.0
2006-12-08,3300.0,29.0,28.5,29.0,28.5,94550.0
2006-12-22,1100.0,28.8,27.99,28.8,27.99,31599.0
2006-12-28,4000.0,28.8,28.8,28.8,28.8,115200.0
2006-12-29,4300.0,31.99,28.8,31.99,28.8,124797.0
2007-01-05,5000.0,28.8,28.8,28.8,28.8,144000.0
2007-01-10,2000.0,28.85,28.85,28.85,28.85,57700.0
2007-01-15,300.0,30.4,30.4,30.4,30.4,9120.0
2007-01-22,100.0,31.9,31.9,31.9,31.9,3190.0
2007-02-20,67000.0,30.0,28.5,30.0,30.0,1912500.0
2007-02-22,200.0,30.99,30.99,30.99,30.99,6198.0
2007-02-23,494700.0,30.98,30.98,30.98,30.98,15325806.0
2007-03-05,200.0,31.5,31.5,31.5,31.5,6300.0
2007-03-06,500.0,31.5,31.5,31.5,31.5,15750.0
2007-03-07,1500.0,31.5,31.5,31.5,31.5,47250.0
2007-03-12,2000.0,29.0,29.0,29.0,29.0,58000.0
2007-03-13,100.0,31.0,31.0,31.0,31.0,3100.0
2007-04-25,100.0,30.49,30.49,30.49,30.49,3049.0
2007-05-03,1000.0,30.45,30.45,30.45,30.45,30450.0
2007-05-11,97400.0,30.45,30.4,30.45,30.4,2964874.0
2007-05-14,5000.0,30.45,30.45,30.45,30.45,152250.0
2007-05-15,142600.0,30.45,30.45,30.45,30.45,4342170.0
2007-05-16,200.0,30.6,30.6,30.6,30.6,6120.0
2007-05-21,191100.0,30.6,30.6,30.6,30.6,5847660.0
2007-05-29,81000.0,30.6,30.59,30.59,30.59,2478190.0
2007-05-30,100.0,30.6,30.6,30.6,30.6,3060.0
2007-06-08,700.0,31.5,31.5,31.5,31.5,22050.0
2007-06-11,93600.0,32.0,32.0,32.0,32.0,2995200.0
2007-06-12,5000.0,32.0,32.0,32.0,32.0,160000.0
2007-06-19,50000.0,32.1,31.0,32.0,31.0,1595010.0
2007-07-09,3100.0,32.0,32.0,32.0,32.0,99200.0
2007-07-18,600.0,32.0,30.0,32.0,30.0,19000.0
2007-08-06,45300.0,32.0,31.0,32.0,31.0,1404400.0
2007-08-07,70000.0,31.0,31.0,31.0,31.0,2170000.0
2007-08-09,10000.0,31.0,31.0,31.0,31.0,310000.0
2007-08-10,700.0,31.9,31.0,31.9,31.0,22150.0
2007-10-11,200.0,31.9,31.9,31.9,31.9,6380.0
2007-10-12,200.0,31.9,31.9,31.9,31.9,6380.0
2007-10-15,100.0,31.9,31.9,31.9,31.9,3190.0
2007-10-16,8000.0,31.9,31.9,31.9,31.9,255200.0
2007-10-25,200.0,32.15,32.15,32.15,32.15,6430.0
2007-11-13,200.0,31.9,31.9,31.9,31.9,6380.0
2007-12-06,2900.0,31.89,31.89,31.89,31.89,92481.0
2007-12-17,20300.0,31.9,31.9,31.9,31.9,647570.0
2008-02-19,100.0,31.79,31.79,31.79,31.79,3179.0
2008-02-21,100.0,31.79,31.79,31.79,31.79,3179.0
2008-03-04,10000.0,32.0,31.79,31.79,32.0,318950.0
2008-03-05,100.0,33.0,33.0,33.0,33.0,3300.0
2008-03-11,100.0,33.5,33.5,33.5,33.5,3350.0
2008-03-12,100.0,33.5,33.5,33.5,33.5,3350.0
2008-03-14,100.0,33.5,33.5,33.5,33.5,3350.0
2008-03-19,200.0,34.0,34.0,34.0,34.0,6800.0
2008-03-24,100.0,34.2,34.2,34.2,34.2,3420.0
2008-03-25,46300.0,34.2,34.2,34.2,34.2,1583460.0
2008-03-26,20000.0,34.2,34.2,34.2,34.2,684000.0
2008-03-27,45200.0,34.5,34.0,34.5,34.0,1537300.0
2008-03-28,5000.0,34.0,34.0,34.0,34.0,170000.0
2008-03-31,41000.0,37.0,35.0,37.0,35.0,1437000.0
2008-04-02,70000.0,38.0,37.0,38.0,37.0,2600000.0
2008-04-16,1200.0,39.0,39.0,39.0,39.0,46800.0
2008-04-21,100.0,39.5,39.5,39.5,39.5,3950.0
2008-04-25,300.0,41.0,41.0,41.0,41.0,12300.0
2008-04-30,300.0,41.3,41.3,41.3,41.3,12390.0
2008-05-02,58400.0,41.3,41.3,41.3,41.3,2411920.0
2008-05-06,68400.0,42.0,41.3,42.0,41.5,2835060.0
2008-05-13,400.0,43.0,43.0,43.0,43.0,17200.0
2008-05-15,54300.0,43.0,42.0,43.0,43.0,2280900.0
2008-05-16,200.0,43.0,43.0,43.0,43.0,8600.0
2008-05-19,500.0,43.0,43.0,43.0,43.0,21500.0
2008-05-21,100.0,43.25,43.25,43.25,43.25,4325.0
2008-05-22,100.0,43.5,43.5,43.5,43.5,4350.0
2008-05-23,100.0,43.75,43.75,43.75,43.75,4375.0
2008-05-26,100.0,43.9,43.9,43.9,43.9,4390.0
2008-05-28,100.0,43.9,43.9,43.9,43.9,4390.0
2008-05-30,200.0,43.9,43.9,43.9,43.9,8780.0
2008-06-11,100.0,44.5,44.5,44.5,44.5,4450.0
2008-06-16,500.0,44.5,44.5,44.5,44.5,22250.0
2008-06-23,100.0,44.5,44.5,44.5,44.5,4450.0
2008-06-25,500.0,44.5,44.5,44.5,44.5,22250.0
2008-09-03,200.0,43.0,43.0,43.0,43.0,8600.0
2008-09-09,500.0,42.5,42.5,42.5,42.5,21250.0
2008-09-11,200.0,42.8,42.8,42.8,42.8,8560.0
2008-09-23,600.0,41.95,41.95,41.95,41.95,25170.0
2008-10-16,200.0,41.93,41.92,41.93,41.92,8385.0
2008-10-24,100.0,38.0,38.0,38.0,38.0,3800.0
2008-10-30,100.0,39.0,39.0,39.0,39.0,3900.0
2008-11-19,100.0,39.0,39.0,39.0,39.0,3900.0
2008-12-10,200.0,39.0,39.0,39.0,39.0,7800.0
2009-01-06,100.0,39.0,39.0,39.0,39.0,3900.0
2009-01-07,100.0,39.0,39.0,39.0,39.0,3900.0
2009-01-08,100.0,39.0,39.0,39.0,39.0,3900.0
2009-01-09,100.0,38.95,38.95,38.95,38.95,3895.0
2009-01-12,3100.0,38.85,38.85,38.85,38.85,120435.0
2009-01-20,100.0,38.85,38.85,38.85,38.85,3885.0
2009-01-21,100.0,39.0,39.0,39.0,39.0,3900.0
2009-02-09,100.0,39.0,39.0,39.0,39.0,3900.0
2009-06-04,1000.0,36.95,36.95,36.95,36.95,36950.0
2009-06-17,8100.0,36.94,36.94,36.94,36.94,299214.0
2009-06-24,100.0,36.0,36.0,36.0,36.0,3600.0
2009-07-02,100.0,36.0,36.0,36.0,36.0,3600.0
2009-07-03,100.0,36.0,36.0,36.0,36.0,3600.0
2009-07-06,100.0,36.0,36.0,36.0,36.0,3600.0
2009-07-07,100.0,36.0,36.0,36.0,36.0,3600.0
2009-07-08,100.0,36.0,36.0,36.0,36.0,3600.0
2009-07-09,100.0,36.0,36.0,36.0,36.0,3600.0
2009-08-14,11400.0,35.0,35.0,35.0,35.0,399000.0
2009-10-14,100.0,34.9,34.9,34.9,34.9,3490.0
2009-12-04,2200.0,34.9,34.5,34.9,34.5,76100.0
2009-12-07,2000.0,34.9,34.9,34.9,34.9,69800.0
2009-12-11,100.0,34.5,34.5,34.5,34.5,3450.0
2009-12-15,100.0,34.5,34.5,34.5,34.5,3450.0
2009-12-29,100.0,34.5,34.5,34.5,34.5,3450.0
2010-02-03,200.0,33.75,33.75,33.75,33.75,6750.0
2010-03-22,400.0,31.9,31.9,31.9,31.9,12760.0
2010-04-19,1000.0,31.8,31.8,31.8,31.8,31800.0
2010-04-20,1600.0,31.8,31.8,31.8,31.8,50880.0
2010-04-27,3800.0,31.9,31.9,31.9,31.9,121220.0
2010-04-28,17300.0,31.9,31.9,31.9,31.9,551870.0
2010-05-21,2000.0,31.9,31.9,31.9,31.9,63800.0
2010-05-24,1200.0,31.59,28.71,31.59,28.71,35028.0
2010-05-27,100.0,31.9,31.9,31.9,31.9,3190.0
2010-06-02,2100.0,31.88,30.0,31.88,30.0,63188.0
2010-06-04,1000.0,31.87,30.0,31.87,30.0,30187.0
2010-09-08,1000.0,30.0,30.0,30.0,30.0,30000.0
2010-09-09,49000.0,30.0,30.0,30.0,30.0,1470000.0
2010-09-10,10800.0,30.0,30.0,30.0,30.0,324000.0
2010-09-13,12000.0,30.0,30.0,30.0,30.0,360000.0
2010-09-15,100.0,31.87,31.87,31.87,31.87,3187.0
2010-10-12,200.0,31.87,31.87,31.87,31.87,6374.0
2010-10-13,1200.0,31.87,31.87,31.87,31.87,38244.0
2010-10-14,50000.0,31.87,31.87,31.87,31.87,1593500.0
2010-10-15,1300.0,31.87,31.87,31.87,31.87,41431.0
2010-10-28,1464500.0,31.87,31.87,31.87,31.87,46673615.0
2010-11-08,10100.0,31.87,31.87,31.87,31.87,321887.0
2010-11-09,15000.0,31.87,31.87,31.87,31.87,478050.0
2010-11-22,40000.0,31.85,31.85,31.85,31.85,1274000.0
2010-12-01,60000.0,31.85,31.85,31.85,31.85,1911000.0
2010-12-02,119900.0,31.85,31.85,31.85,31.85,3818815.0
2010-12-06,280200.0,31.85,31.85,31.85,31.85,8924370.0
2010-12-17,125000.0,31.85,31.85,31.85,31.85,3981250.0
2010-12-20,1000.0,32.85,32.85,32.85,32.85,32850.0
2010-12-21,5000.0,33.75,33.75,33.75,33.75,168750.0
2010-12-22,5000.0,34.75,34.75,34.75,34.75,173750.0
2010-12-23,1000.0,35.5,35.5,35.5,35.5,35500.0
2010-12-28,8800.0,36.25,36.25,36.25,36.25,319000.0
2010-12-29,2500.0,37.1,37.1,37.1,37.1,92750.0
2011-02-02,125000.0,37.1,37.1,37.1,37.1,4637500.0
2011-02-14,32300.0,37.1,37.1,37.1,37.1,1198330.0
2011-02-22,10000.0,37.1,37.1,37.1,37.1,371000.0
2011-02-25,5600.0,37.15,37.15,37.15,37.15,208040.0
2011-04-12,125000.0,36.5,36.5,36.5,36.5,4562500.0
2011-04-28,62500.0,36.4,36.0,36.4,36.0,2251000.0
2011-05-19,7000.0,37.0,36.4,37.0,36.4,257200.0
2011-06-02,15000.0,37.0,36.4,37.0,36.4,546840.0
2011-08-01,175000.0,37.0,37.0,37.0,37.0,6475000.0
2011-08-02,175000.0,37.0,37.0,37.0,37.0,6475000.0
2011-08-03,217500.0,37.0,37.0,37.0,37.0,8047500.0
2011-08-04,255000.0,37.0,37.0,37.0,37.0,9435000.0
2011-08-05,250000.0,37.0,37.0,37.0,37.0,9250000.0
2011-08-08,219800.0,37.0,37.0,37.0,37.0,8132600.0
2011-08-09,200000.0,37.0,37.0,37.0,37.0,7400000.0
2011-08-10,115000.0,37.0,37.0,37.0,37.0,4255000.0
2011-11-03,600.0,33.49,33.49,33.49,33.49,20094.0
2011-11-08,100.0,33.5,33.5,33.5,33.5,3350.0
2011-11-25,34500.0,33.5,33.5,33.5,33.5,1155750.0
2011-12-06,1000.0,33.5,33.5,33.5,33.5,33500.0
2011-12-20,2200.0,32.9,32.9,32.9,32.9,72380.0
2012-01-19,11200.0,32.9,32.9,32.9,32.9,368480.0
2012-02-03,67979.0,32.0,32.0,32.0,32.0,2175328.0
2012-03-01,23600.0,32.0,32.0,32.0,32.0,755200.0
2012-03-02,22431.0,32.0,32.0,32.0,32.0,717792.0
2012-03-05,44730.0,32.0,32.0,32.0,32.0,1431360.0
2012-03-06,25000.0,32.0,32.0,32.0,32.0,800000.0
2012-03-07,25000.0,32.0,32.0,32.0,32.0,800000.0
2012-05-04,2191.0,32.0,32.0,32.0,32.0,70112.0
2012-05-17,8100.0,32.2,32.2,32.2,32.2,260820.0
2012-05-24,1096.0,32.2,32.2,32.2,32.2,35291.2
2012-05-30,9994.0,32.2,32.2,32.2,32.2,321806.8
2012-05-31,394.0,33.0,33.0,33.0,33.0,13002.0
2012-06-08,140.0,33.0,33.0,33.0,33.0,4620.0
2012-09-06,100.0,33.3,33.3,33.3,33.3,3330.0
2012-09-21,125200.0,33.0,33.0,33.0,33.0,4131600.0
2012-09-24,147261.0,33.05,33.0,33.0,33.0,4860613.0
2012-10-18,4776.0,33.0,33.0,33.0,33.0,157608.0
2012-11-06,76930.0,33.35,33.34,33.34,33.35,2564847.2
2013-01-07,100.0,33.34,33.34,33.34,33.34,3334.0
2013-01-30,100.0,33.51,33.51,33.51,33.51,3351.0
2013-03-11,1000.0,33.6,33.6,33.6,33.6,33600.0
2013-05-16,100.0,33.75,33.75,33.75,33.75,3375.0
2013-06-06,27915.0,33.75,33.75,33.75,33.75,942131.25
2013-06-26,2191.0,33.75,33.75,33.75,33.75,73946.25
2013-07-23,25100.0,33.75,33.15,33.15,33.75,832125.0
2013-07-24,1004.0,33.3,32.95,32.95,33.3,33116.8
2013-08-08,200.0,33.0,33.0,33.0,33.0,6600.0
2013-09-13,100.0,34.0,34.0,34.0,34.0,3400.0
2013-09-20,100.0,34.0,34.0,34.0,34.0,3400.0
2013-10-21,2163.0,34.0,34.0,34.0,34.0,73542.0
2013-11-01,15584.0,34.0,34.0,34.0,34.0,529856.0
2013-11-04,40000.0,34.0,34.0,34.0,34.0,1360000.0
2013-11-05,15095.0,34.0,34.0,34.0,34.0,513230.0
2013-12-10,1000.0,33.8,33.8,33.8,33.8,33800.0
2013-12-11,85571.0,33.8,33.79,33.79,33.8,2892139.8
2013-12-13,1200.0,33.75,33.75,33.75,33.75,40500.0
2013-12-16,1131.0,33.73,33.73,33.73,33.73,38148.63
2013-12-17,25015.0,33.73,33.73,33.73,33.73,843755.95
2013-12-18,35384.0,33.75,33.75,33.75,33.75,1194210.0
2013-12-19,2000.0,33.75,33.75,33.75,33.75,67500.0
2013-12-20,15227.0,33.75,33.75,33.75,33.75,513911.25
2013-12-23,100.0,33.75,33.75,33.75,33.75,3375.0
2013-12-24,5100.0,33.75,33.74,33.75,33.74,172103.25
2013-12-26,100.0,33.75,33.75,33.75,33.75,3375.0
2013-12-27,100.0,33.74,33.74,33.74,33.74,3374.0
2013-12-30,7949.0,33.74,33.74,33.74,33.74,268199.26
2013-12-31,100.0,33.74,33.74,33.74,33.74,3374.0
2014-01-27,139218.0,33.74,33.74,33.74,33.74,4697215.32
2014-02-20,1400.0,34.0,34.0,34.0,34.0,47600.0
2014-06-13,2265.0,33.74,33.74,33.74,33.74,76421.1
2014-06-25,300.0,33.74,33.74,33.74,33.74,10122.0
2014-09-23,104000.0,33.74,33.73,33.73,33.73,3508420.0
2014-09-24,125000.0,33.8,33.75,33.8,33.75,4222500.0
2014-10-07,10000.0,33.85,33.85,33.85,33.85,338500.0
2014-10-08,327000.0,37.0,34.0,37.0,34.0,11894000.0
2014-10-09,4567.0,37.0,36.5,36.5,37.0,167489.0
2014-10-15,23793.0,37.0,36.5,36.5,36.51,869360.3
2014-10-16,10000.0,36.5,36.5,36.5,36.5,365000.0
2014-10-17,10000.0,36.5,36.5,36.5,36.5,365000.0
2014-10-21,29400.0,36.5,36.0,36.0,36.5,1059400.0
2014-10-22,1000.0,37.0,37.0,37.0,37.0,37000.0
2014-10-23,9990.0,37.0,37.0,37.0,37.0,369630.0
2014-10-24,42800.0,38.0,37.0,37.01,37.0,1603501.0
2014-10-29,3500.0,37.99,37.99,37.99,37.99,132965.0
2014-10-30,4200.0,37.99,37.99,37.99,37.99,159558.0
2014-11-05,1490.0,37.5,37.5,37.5,37.5,55875.0
2014-11-07,5000.0,37.5,37.5,37.5,37.5,187500.0
2014-11-12,100.0,37.9,37.9,37.9,37.9,3790.0
2014-11-19,2900.0,37.9,37.9,37.9,37.9,109910.0
2014-12-03,9000.0,37.9,37.9,37.9,37.9,341100.0
2014-12-18,3500.0,37.9,37.9,37.9,37.9,132650.0
2015-02-12,100.0,40.0,40.0,40.0,40.0,4000.0
2015-02-17,10000.0,40.5,40.5,40.5,40.5,405000.0
2015-03-24,3000.0,40.0,40.0,40.0,40.0,120000.0
2015-04-28,100900.0,37.52,37.5,37.5,37.5,3783752.0
2015-04-29,266.0,37.5,37.5,37.5,37.5,9975.0
2015-04-30,1166.0,37.5,37.5,37.5,37.5,43725.0
2015-05-05,100.0,39.3,39.3,39.3,39.3,3930.0
2015-05-06,1530.0,39.25,39.25,39.25,39.25,60052.5
2015-05-08,100.0,39.15,39.15,39.15,39.15,3915.0
2015-05-25,100.0,37.55,37.55,37.55,37.55,3755.0
2015-05-28,1580.0,37.5,37.5,37.5,37.5,59250.0
2015-06-16,8770.0,36.0,36.0,36.0,36.0,315720.0
2015-06-19,100.0,36.0,36.0,36.0,36.0,3600.0
2015-07-06,34183.0,31.8,31.26,31.57,31.26,1068824.58
2015-07-07,10200.0,34.0,34.0,34.0,34.0,346800.0
2015-07-15,1200.0,36.5,35.5,36.5,35.5,42800.0
2015-07-16,898.0,36.5,36.4,36.49,36.5,32760.5
2015-07-17,1000.0,36.5,36.5,36.5,36.5,36500.0
2015-07-20,8500.0,36.5,36.5,36.5,36.5,310250.0
2015-07-21,100.0,37.0,37.0,37.0,37.0,3700.0
2015-08-17,500.0,36.45,36.45,36.45,36.45,18225.0
2015-08-18,4000.0,36.45,36.45,36.45,36.45,145800.0
2015-08-24,100.0,35.0,35.0,35.0,35.0,3500.0
2015-09-01,11500.0,33.0,33.0,33.0,33.0,379500.0
2015-09-03,5000.0,32.5,32.5,32.5,32.5,162500.0
2015-09-04,2460.0,32.49,32.49,32.49,32.49,79925.4
2015-09-07,2433.0,32.0,32.0,32.0,32.0,77856.0
2015-09-09,11770.0,31.75,30.3,31.75,30.3,356776.0
2015-10-06,5889.0,31.75,31.75,31.75,31.75,186975.75
2015-10-20,200.0,33.25,33.25,33.25,33.25,6650.0
2015-10-23,300.0,33.3,33.3,33.3,33.3,9990.0
2015-10-28,101080.0,33.99,33.98,33.99,33.99,3435606.6
2015-11-11,3526.0,34.5,34.5,34.5,34.5,121647.0
2015-12-03,2100.0,34.5,34.5,34.5,34.5,72450.0
2015-12-09,3250.0,34.5,34.5,34.5,34.5,112125.0
2016-01-05,1000.0,34.9,34.9,34.9,34.9,34900.0
2016-02-09,1400.0,34.9,34.9,34.9,34.9,48860.0
2016-03-28,100.0,34.9,34.9,34.9,34.9,3490.0
2016-04-07,500.0,34.9,34.9,34.9,34.9,17450.0
2016-05-06,72842.0,36.0,36.0,36.0,36.0,2622312.0
2016-05-10,2371.0,38.0,38.0,38.0,38.0,90098.0
2016-05-11,13120.0,38.0,38.0,38.0,38.0,498560.0
2016-05-30,14822.0,37.99,37.5,37.99,37.5,558190.23
2016-06-20,3500.0,37.0,37.0,37.0,37.0,129500.0
2016-07-01,200.0,36.5,36.5,36.5,36.5,7300.0
2016-07-14,300.0,35.01,35.01,35.01,35.01,10503.0
2016-07-28,29539.0,35.01,35.01,35.01,35.01,1034160.39
2016-08-10,13868.0,36.0,36.0,36.0,36.0,499248.0
2016-08-11,11900.0,36.0,36.0,36.0,36.0,428400.0
2016-08-19,30000.0,36.0,36.0,36.0,36.0,1080000.0
2016-08-23,592.0,36.0,36.0,36.0,36.0,21312.0
2016-11-18,6000.0,38.0,38.0,38.0,38.0,228000.0
2016-11-22,4100.0,38.0,38.0,38.0,38.0,155800.0
2016-12-07,480.0,38.0,38.0,38.0,38.0,18240.0
2016-12-22,4550.0,33.51,33.51,33.51,33.51,152470.5
2016-12-23,5025.0,33.51,33.51,33.51,33.51,168387.75
2017-01-10,1000.0,33.5,33.5,33.5,33.5,33500.0
2017-01-19,10000.0,33.5,33.5,33.5,33.5,335000.0
2017-01-25,100.0,36.0,36.0,36.0,36.0,3600.0
2017-01-31,100.0,35.99,35.99,35.99,35.99,3599.0
2017-02-02,1899.0,35.99,35.99,35.99,35.99,68345.01
2017-02-08,200.0,35.99,35.99,35.99,35.99,7198.0
2017-02-14,1500.0,35.99,35.99,35.99,35.99,53985.0
2017-02-22,100.0,35.98,35.98,35.98,35.98,3598.0
2017-02-24,167.0,35.98,35.98,35.98,35.98,6008.66
2017-02-27,10005.0,35.98,35.98,35.98,35.98,359979.9
2017-03-08,784.0,31.2,31.2,31.2,31.2,24460.8
2017-03-09,560.0,31.2,31.2,31.2,31.2,17472.0
2017-03-14,4455.0,31.3,31.3,31.3,31.3,139441.5
2017-03-17,5000.0,31.3,31.3,31.3,31.3,156500.0
2017-03-21,32500.0,31.32,31.3,31.3,31.32,1017350.01
2017-04-26,100.0,32.0,32.0,32.0,32.0,3200.0
2017-05-08,41700.0,32.0,32.0,32.0,32.0,1334413.98
2017-06-09,350.0,33.5,33.5,33.5,33.5,11725.0
2017-06-13,200.0,34.5,34.5,34.5,34.5,6900.0
2017-06-14,106.0,36.0,36.0,36.0,36.0,3816.0
2017-08-16,17585.0,36.0,36.0,36.0,36.0,633060.0
2017-08-17,970.0,36.0,36.0,36.0,36.0,34920.0
2017-08-22,200.0,36.0,36.0,36.0,36.0,7200.0
2017-08-24,10000.0,36.0,36.0,36.0,36.0,360000.0
2017-09-13,1400.0,36.0,36.0,36.0,36.0,50400.0
2017-09-29,157.0,36.0,36.0,36.0,36.0,5652.0
2017-11-06,100.0,36.0,36.0,36.0,36.0,3600.0
2017-11-13,8905.0,34.2,34.2,34.2,34.2,304551.0
2017-12-06,12583.0,34.2,34.2,34.2,34.2,430338.6
2017-12-19,200.0,34.0,34.0,34.0,34.0,6800.0
