Date,Volume,High,Low,Close,Open,Import
2014-12-10,22670083,30.5399,27.1017,28.8257,29.3676,673847661.67
2014-12-11,1988873,29.5548,28.9144,29.3183,29.5548,59219260.14
2014-12-15,348567,29.9685,28.5794,28.5794,29.5548,10338728.37
2014-12-16,1783935,29.1705,28.4711,29.0523,28.5794,51743541.46
2014-12-17,1080765,29.5548,28.6189,29.0819,29.0819,31831588.66
2014-12-18,2823716,29.4562,29.0819,29.0819,29.1607,83450014.57
2014-12-19,182827,29.4562,29.0819,29.2297,29.0819,5420405.46
2014-12-22,519359,29.7518,29.2592,29.3183,29.5548,15452742.57
2014-12-23,328588,29.6828,29.1607,29.5153,29.1607,9806118.46
2014-12-24,617703,29.604,28.7666,29.4759,29.5153,18371615.02
2014-12-26,1212191,29.5548,29.1508,29.5548,29.5548,36094870.87
2014-12-29,290074,29.6927,29.2099,29.5548,29.4562,8671429.2
2014-12-30,170748,29.7419,29.5548,29.5646,29.5548,5124116.45
2014-12-31,26700,29.6927,29.5548,29.6927,29.5548,801014.0
2015-01-02,153404,30.4315,29.4858,29.5548,29.6927,4626348.42
2015-01-05,53795,29.7419,28.5696,29.4562,29.7419,1570668.42
2015-01-06,75547,29.407,28.5893,28.9932,28.7174,2203827.55
2015-01-07,262541,29.3479,28.6681,29.1508,29.3479,7668117.07
2015-01-08,209004,29.3577,28.6681,29.2001,29.2592,6201591.07
2015-01-09,108719,29.4562,28.7469,29.3183,29.3971,3235867.17
2015-01-12,5100,29.3577,28.7371,28.7371,29.3577,151917.0
2015-01-13,682954,29.072,28.678,29.0425,29.0622,20146690.0
2015-01-14,20729,28.678,28.678,28.678,28.678,603421.19
2015-01-15,101235,29.0326,28.6681,28.678,29.0326,2949656.97
2015-01-16,13634,28.8356,28.678,28.6977,28.678,397964.86
2015-01-19,8751,30.0375,28.6878,29.604,28.6977,260324.34
2015-01-20,245937,30.6384,28.8553,29.8306,29.7518,7603930.47
2015-01-21,212627,29.5843,29.5548,29.5548,29.5548,6379076.78
2015-01-22,168129,29.604,29.407,29.5843,29.5548,5041930.1
2015-01-23,10916,29.801,29.3085,29.801,29.6336,328087.68
2015-01-26,1733905,30.1458,29.6533,29.7222,29.6533,52452006.47
2015-01-27,3871,30.0375,29.5548,29.7025,30.0375,116555.0
2015-01-28,1841408,30.1458,29.8503,29.9981,30.0473,56114712.76
2015-01-29,2096958,30.5399,29.5646,30.4808,29.5646,64510537.41
2015-01-30,765949,31.0325,30.2542,30.6778,30.2542,23836220.85
2015-02-03,795496,31.5251,30.6581,31.0325,30.6975,25065887.38
2015-02-04,528277,31.5251,31.131,31.3773,31.5251,16794500.49
2015-02-05,333385,31.4758,30.9832,31.1113,31.3773,10538248.95
2015-02-06,337090,31.3773,31.0325,31.0325,31.131,10656793.3
2015-02-09,691825,31.4266,31.0325,31.4266,31.0325,21999434.28
2015-02-10,1115274,31.7221,31.5054,31.6236,31.5054,35800881.93
2015-02-11,23104,31.4266,31.2295,31.2689,31.4266,734778.3
2015-02-12,695769,31.4266,31.2788,31.4266,31.3083,22096852.31
2015-02-13,906915,31.594,31.2886,31.2985,31.5645,28966421.48
2015-02-16,112391,31.5251,31.131,31.1507,31.5251,3574115.01
2015-02-17,633134,31.7123,31.4167,31.6236,31.5251,20311968.84
2015-02-18,656603,33.0028,31.5251,32.4708,31.6236,21280271.39
2015-02-19,458590,33.0028,32.2147,32.4019,33.0028,15043611.83
2015-02-20,2093782,33.0028,32.4117,32.9831,32.4905,70064434.88
2015-02-23,339086,32.9831,32.2639,32.5102,32.9831,11291382.07
2015-02-24,440540,32.9535,32.2639,32.6087,32.2639,14463200.09
2015-02-25,294425,32.993,32.2639,32.5102,32.6087,9709553.33
2015-02-26,208567,32.6974,32.0176,32.5102,32.5102,6866717.31
2015-02-27,88069,33.0028,32.461,32.6186,32.5102,2936849.82
2015-03-02,357475,33.3378,32.5102,33.2195,32.6284,11957652.31
2015-03-03,238447,33.3969,32.1359,33.3082,33.3969,8064927.76
2015-03-04,85054,33.3476,32.5102,32.5299,33.3476,2821615.44
2015-03-05,205163,32.6087,32.5102,32.5595,32.5299,6780589.54
2015-03-06,559753,33.0028,32.0176,32.461,33.0028,18587273.48
2015-03-09,12020,32.4511,32.0275,32.0472,32.4511,391103.96
2015-03-10,213627,32.9733,31.0325,31.1606,32.9733,6912138.43
2015-03-11,420737,32.5004,31.5251,31.9191,32.0866,13614290.89
2015-03-12,46246,32.9338,31.9191,32.8747,31.9191,1516875.43
2015-03-13,11519,32.8944,32.8058,32.8058,32.8944,383791.69
2015-03-17,15401,32.8058,32.3329,32.5201,32.5102,509206.62
2015-03-18,273411,32.8944,32.3132,32.4117,32.461,9087631.51
2015-03-19,194525,32.9733,32.4117,32.9733,32.4117,6431825.61
2015-03-20,747221,32.9733,32.5102,32.9338,32.9733,24907242.96
2015-03-23,414005,32.9535,32.4314,32.5102,32.9535,13700115.14
2015-03-24,84461,32.855,32.3132,32.3132,32.855,2778376.6
2015-03-25,68661,32.3132,32.1162,32.3132,32.3132,2243122.05
2015-03-26,60442,32.2147,31.9388,32.1063,32.2147,1969954.92
2015-03-27,6884,32.1851,32.1654,32.1654,32.1851,224790.28
2015-03-30,1270,32.2147,32.1654,32.1654,32.1654,41485.1
2015-03-31,33542,32.3132,31.2197,32.1654,31.6236,1077741.58
2015-04-01,480854,31.8206,31.4266,31.6827,31.6137,15427259.42
2015-04-06,190918,31.9585,31.328000000000007,31.6137,31.9191,6149518.16
2015-04-07,829406,31.8009,31.4167,31.4463,31.5546,26492022.83
2015-04-08,355551,31.5251,31.3477,31.4069,31.4266,11362809.25
2015-04-09,657099,31.4758,30.8946,30.8946,31.328000000000007,20805756.58
2015-04-10,164789,30.9537,30.7862,30.8256,30.934,5174396.66
2015-04-13,429389,31.131,30.5596,30.934,31.131,13457634.24
2015-04-14,375721,30.9241,29.7616,30.1163,30.9241,11651831.73
2015-04-15,1157859,31.0325,29.072,29.2001,31.0325,35216752.05
2015-04-16,1040409,29.9291,29.3577,29.8306,29.5548,31376674.88
2015-04-17,86251,30.0473,29.7616,29.7912,30.0473,2609206.33
2015-04-20,79780,30.0473,29.5548,29.7715,30.0473,2410098.36
2015-04-21,729374,29.6927,28.8651,29.0326,29.5055,21557937.15
2015-04-22,291665,29.5548,28.6681,28.7568,29.5548,8575266.32
2015-04-23,263422,28.7272,27.8997,28.5893,28.7272,7642045.38
2015-04-24,267578,29.8404,28.5893,29.0917,28.5893,7859610.13
2015-04-27,1182444,29.7419,29.0228,29.2494,29.3577,35351786.03
2015-04-28,1533320,28.5696,27.7815,27.9785,28.5696,43514536.57
2015-04-29,234405,28.077,27.7815,27.88,27.9785,6632619.8
2015-04-30,961224,27.8603,27.0919,27.5844,27.8603,26928840.2
2015-05-04,673442,27.7716,27.3874,27.4958,27.7716,18805458.68
2015-05-05,111373,28.077,27.5844,27.5844,27.5844,3135964.5
2015-05-06,946790,28.0278,27.4071,27.683000000000003,27.5943,26427292.75
2015-05-07,727310,28.0672,27.683000000000003,27.9391,27.683000000000003,20584213.24
2015-05-08,267020,28.077,27.7322,27.9391,27.9785,7548262.2
2015-05-11,175766,28.5696,27.7913,28.4021,27.7913,4994570.11
2015-05-12,13071,28.4711,28.1755,28.1952,28.4711,376019.51
2015-05-13,702590,29.0622,28.5696,28.8651,28.5696,20602100.39
2015-05-14,332861,29.5449,28.8651,29.0425,28.8651,9792342.66
2015-05-15,338142,30.0375,29.0129,29.1311,29.3577,10012729.52
2015-05-18,70068,29.3577,28.8651,29.1114,29.3577,2078458.93
2015-05-19,262647,29.1607,28.8159,28.9735,29.1607,7727299.31
2015-05-20,875319,29.1508,28.6189,28.944000000000006,29.1508,25699846.12
2015-05-21,341024,29.141,28.6681,28.9637,29.141,10025912.44
2015-05-22,184957,29.1607,28.6977,28.9637,29.1607,5431940.22
2015-05-25,82264,29.3085,28.9144,29.0425,29.3085,2428664.79
2015-05-26,1539455,29.5548,29.1705,29.3282,29.407,45769625.16
2015-05-27,1342176,29.9981,29.338,29.7813,29.3577,40179046.91
2015-05-28,1570605,30.1261,29.5548,29.7518,29.673,47637733.1
2015-05-29,6179598,29.9882,28.7666,29.3282,29.5548,184000255.76
2015-06-01,430637,29.8207,28.9637,29.1114,29.8207,12766087.02
2015-06-02,519351,29.0622,28.5696,28.5794,28.8159,15155931.26
2015-06-03,302353,29.2297,27.7322,28.3529,28.5696,8755834.74
2015-06-04,1159679,28.9045,28.3332,28.5499,28.5696,33630105.19
2015-06-05,273797,28.5893,28.3726,28.5696,28.4711,7936641.51
2015-06-08,71746,28.7568,28.1854,28.5794,28.1854,2076907.39
2015-06-09,125727,29.2592,28.5006,28.5696,28.5006,3649603.53
2015-06-10,183552,28.7568,28.3824,28.5696,28.5696,5321736.6
2015-06-11,1348694,28.5203,28.2346,28.4809,28.4711,38842922.21
2015-06-12,116943,28.7666,28.077,28.3726,28.077,3366422.73
2015-06-15,495995,29.0622,28.1066,28.8356,28.944000000000006,14595943.74
2015-06-16,16692,29.4858,28.0869,28.678,28.0869,488498.89
2015-06-17,96564,29.0622,28.4021,28.7469,28.5696,2806246.88
2015-06-18,386727,29.4267,28.6681,29.2986,29.1607,11374581.26
2015-06-19,334097,29.5548,29.0622,29.2297,29.2592,9912125.23
2015-06-22,406666,29.5449,29.0622,29.072,29.072,12002633.28
2015-06-23,582413,29.5449,29.0622,29.3183,29.0622,17324954.69
2015-06-24,1125300,29.4956,28.7272,29.338,28.7272,33422102.44
2015-06-25,60519,29.4464,28.875,28.9341,29.4365,1787286.92
2015-06-26,681520,29.3577,29.0622,29.3479,29.0622,20236693.52
2015-06-29,309059,29.3774,29.2592,29.2592,29.3183,9182094.8
2015-06-30,426481,29.5252,28.9243,29.2592,29.2592,12602322.74
2015-07-01,113516,29.4267,28.678,29.2494,29.2592,3348250.06
2015-07-02,1325554,29.4365,28.7765,29.3479,28.7765,39331098.43
2015-07-06,27273,29.2592,28.8159,28.8356,29.2494,802698.92
2015-07-07,47882,29.2494,28.6681,28.875,28.8159,1402172.41
2015-07-08,52443,29.1508,28.6681,28.6977,29.1508,1528849.44
2015-07-09,107838,29.2494,28.7272,29.0228,29.072,3193211.9
2015-07-10,70667,29.338,28.7272,28.944000000000006,29.2789,2087295.26
2015-07-13,139481,29.7419,29.1508,29.3085,29.3479,4181517.54
2015-07-14,318336,29.4562,28.9637,29.072,28.9637,9396450.52
2015-07-15,530149,29.4365,29.072,29.407,29.4365,15770154.71
2015-07-16,30494,29.407,28.9538,29.2592,29.3971,907415.46
2015-07-17,221571,29.2395,28.5696,28.7272,28.8651,6491130.59
2015-07-20,3391,28.8159,28.5696,28.8159,28.5696,98956.65
2015-07-21,341707,28.8159,28.4711,28.5203,28.7371,9915922.38
2015-07-22,235901,28.4809,27.6337,28.1066,28.4809,6692692.12
2015-07-23,247994,28.1066,27.88,27.9588,28.1066,7030221.14
2015-07-24,469682,27.88,27.2101,27.5844,27.88,13172416.03
2015-07-27,203402,28.2346,27.2495,27.5943,27.5844,5713822.18
2015-07-28,182569,28.3135,27.5352,27.6238,27.5352,5122472.13
2015-07-29,117076,28.5696,27.683000000000003,27.683000000000003,28.0278,3314068.32
2015-07-30,24071,27.9686,27.6337,27.7027,27.6632,677065.43
2015-07-31,148531,28.2248,27.683000000000003,28.1164,27.683000000000003,4195057.99
2015-08-03,50601,28.1164,27.5844,27.7815,28.1164,1427925.01
2015-08-04,42785,28.4711,27.5943,27.8997,27.88,1210865.38
2015-08-05,102532,28.3627,27.5943,27.7618,28.3627,2902067.52
2015-08-06,17100,27.88,27.6435,27.7815,27.88,482999.0
2015-08-07,2185645,27.9489,27.5647,27.7224,27.683000000000003,61202708.26
2015-08-10,24306,27.88,27.5943,27.88,27.6928,685219.17
2015-08-11,114631,27.9095,27.5943,27.8307,27.7913,3236590.94
2015-08-12,184705,27.9785,27.3381,27.3776,27.7815,5181452.94
2015-08-13,121619,27.8701,27.2889,27.4761,27.8701,3404668.74
2015-08-14,390733,27.5844,27.1017,27.4859,27.3874,10830967.16
2015-08-17,947417,27.5844,27.1214,27.1313,27.4367,26250313.57
2015-08-18,75157,27.2495,27.0919,27.151,27.1017,2068822.8
2015-08-19,310016,27.0919,26.7963,26.8062,27.0919,8475868.13
2015-08-20,655171,26.8259,26.4022,26.5205,26.7963,17708951.1
2015-08-21,158392,26.4909,25.4565,26.1166,25.4565,4147506.71
2015-08-24,199401,26.0082,24.629,25.5649,25.6141,5161001.2
2015-08-25,91105,26.087,25.555,25.6141,25.555,2396952.21
2015-08-26,188949,25.6043,25.3186,25.5255,25.4171,4879488.79
2015-08-27,97207,27.4859,25.7717,26.2742,26.1658,2633245.21
2015-08-28,93553,27.2298,25.6338,26.1363,26.6682,2486493.67
2015-08-31,1031569,26.3727,24.6487,25.1609,25.5649,26385042.3
2015-09-01,407755,25.6141,24.6585,25.3777,25.1609,10457204.04
2015-09-02,2132221,26.4022,25.3777,25.6535,25.3777,54969430.56
2015-09-03,1359883,26.3136,25.6535,25.8013,25.6535,35419164.77
2015-09-04,30055,26.2348,25.6141,25.6929,25.7323,783223.7
2015-09-07,2523,25.9983,25.6929,25.9195,25.6929,66202.24
2015-09-08,394103,27.1608,25.9097,26.9638,25.9097,10590998.83
2015-09-09,7634,27.3578,26.5993,26.7471,26.6485,207052.45
2015-09-10,50846,27.082,26.5993,26.7471,26.6288,1375167.64
2015-09-11,53831,27.3776,26.6288,26.9933,26.7766,1469898.63
2015-09-14,357779,27.5352,26.9047,27.3578,26.9736,9814511.27
2015-09-15,36721,28.2839,26.6978,27.6731,27.4367,1039464.15
2015-09-17,216977,28.8257,27.013,27.5155,27.683000000000003,6173732.69
2015-09-18,87769,27.5647,26.7963,27.279,26.7963,2421289.15
2015-09-21,32761,27.082,26.4121,26.8456,26.4121,890589.42
2015-09-22,800,26.8357,25.821,26.7076,26.8357,21689.0
2015-09-23,91809,26.619,25.8112,26.0377,26.1067,2466321.54
2015-09-24,103413,26.2742,25.6141,25.752,25.8112,2714128.33
2015-09-25,115539,26.9441,25.6338,26.5894,25.6929,3074392.52
2015-09-28,289100,27.3677,25.8013,26.353,27.3677,7731595.43
2015-09-29,36957,26.885,26.1067,26.2446,26.3628,983774.59
2015-09-30,156845,27.5844,27.0623,27.4859,27.082,4363540.05
2015-10-01,116239,28.077,26.5993,27.6928,26.8456,3259686.35
2015-10-02,46415,27.7716,27.5746,27.5844,27.5844,1300777.19
2015-10-05,66471,28.3233,28.0278,28.2839,28.1164,1904113.03
2015-10-06,143339,28.3233,27.683000000000003,28.2248,28.2248,4117008.61
2015-10-07,1029184,28.3233,27.7815,28.274,28.3233,29496166.91
2015-10-08,781513,28.7666,27.5549,28.4021,28.274,22452199.43
2015-10-09,146832,28.806,28.3233,28.6189,28.5794,4247695.22
2015-10-12,1900,28.4021,27.88,28.3529,27.88,54072.0
2015-10-13,6445,28.7666,28.077,28.1361,28.7666,184525.77
2015-10-14,455272,28.3726,27.683000000000003,28.0967,27.9686,12975940.13
2015-10-15,46367,28.6583,27.9785,28.5302,28.077,1325428.2
2015-10-16,566008,29.0031,28.5302,28.9538,28.8553,16625769.57
2015-10-19,57952,29.0425,27.5943,28.609,27.5943,1700075.51
2015-10-20,676970,29.0129,28.4809,28.6977,29.0129,19632477.3
2015-10-21,770213,29.8306,28.6977,29.3479,28.7666,22887959.97
2015-10-22,50756,29.7518,29.0622,29.4168,29.7518,1525294.57
2015-10-23,798127,29.5548,29.072,29.3971,29.5449,23817480.42
2015-10-26,413937,29.7419,29.3183,29.5745,29.3183,12422067.85
2015-10-27,166848,29.7518,29.5449,29.5548,29.7518,5022025.7
2015-10-28,179780,29.7518,29.072,29.7222,29.5646,5405762.68
2015-10-29,150094,29.7518,28.1066,29.0326,29.7025,4449322.98
2015-10-30,267973,29.7518,28.0869,29.7419,29.0326,7977954.64
2015-11-03,155842,30.0473,28.3824,29.7518,29.7222,4717268.03
2015-11-04,39956,29.3577,28.6977,28.8553,29.0129,1170869.24
2015-11-05,13918,29.87,28.9144,29.5449,28.9144,415793.64
2015-11-06,24781,30.0375,28.0869,29.7419,29.0425,721255.58
2015-11-09,128627,29.6828,28.3036,28.5696,28.6287,3746048.1
2015-11-10,62905,29.4562,28.5696,28.7075,28.5696,1847146.24
2015-11-11,70523,28.7666,28.5499,28.7568,28.7174,2057807.71
2015-11-12,2060662,28.7174,28.4317,28.5105,28.6681,59965540.65
2015-11-13,67722,29.0622,28.077,28.5794,28.077,1970608.9
2015-11-17,222489,28.6189,28.0869,28.5794,28.5794,6453361.75
2015-11-18,406357,28.5696,28.077,28.4415,28.5696,11683491.47
2015-11-19,52182,29.0622,28.5499,29.0523,28.5499,1528228.92
2015-11-20,47595,29.4464,28.3332,29.2099,29.0129,1413367.22
2015-11-23,171648,29.3774,28.9045,29.1311,29.3577,5100292.11
2015-11-24,86908,29.5449,29.1114,29.3183,29.1311,2583731.52
2015-11-25,168130,29.072,28.6583,28.9932,29.072,4957117.3
2015-11-26,600,29.5942,28.6583,29.2494,29.5055,17816.0
2015-11-27,129531,29.141,28.5696,28.7863,29.0622,3810769.6
2015-11-30,3515078,28.7469,27.5844,27.6928,28.7469,100467250.92
2015-12-01,96099,29.1508,27.7027,28.54,27.7027,2791741.17
2015-12-02,57253,28.8454,27.6337,27.9884,28.8454,1640198.59
2015-12-03,1084419,28.077,27.4367,27.6731,28.077,30644104.01
2015-12-04,100870,29.0523,27.3874,28.4218,27.3874,2879257.9
2015-12-07,35588,28.8159,28.3726,28.7765,28.3726,1030973.95
2015-12-08,164461,28.8159,28.1755,28.54,28.5696,4766325.55
2015-12-09,113224,28.5696,28.5203,28.5499,28.54,3282514.04
2015-12-10,432447,28.9637,28.609,28.6681,28.9637,12570584.0
2015-12-11,29037,28.5696,27.4564,27.88,28.5696,833881.68
2015-12-14,250100,28.077,27.8603,27.8603,27.8603,7121330.0
2015-12-15,381009,28.5499,27.4859,28.3824,27.88,10850499.29
2015-12-16,65259,28.5597,27.5844,27.9391,28.3627,1862006.11
2015-12-17,143443,28.54,27.0919,27.7322,28.077,4062101.52
2015-12-18,18798,28.4514,27.683000000000003,28.1755,27.683000000000003,535021.29
2015-12-21,598878,28.4218,27.5943,28.274,28.274,17187512.95
2015-12-22,303241,29.5548,28.1755,29.5252,28.1755,8732775.59
2015-12-23,3409,29.4562,28.6878,29.1213,29.4562,101542.08
2015-12-24,300,29.3085,29.3085,29.3085,29.3085,8925.0
2015-12-28,3799,29.2888,28.1558,28.2149,28.1854,109657.5
2015-12-29,31828,29.0523,28.1558,28.1854,28.1558,911835.7
2015-12-30,13738,29.0425,27.8209,28.806,28.1657,396324.7
2015-12-31,22382,29.2297,28.6583,29.0819,29.0523,660759.92
2016-01-04,6152,28.8651,28.2149,28.5696,28.8651,178609.0
2016-01-05,4521025,28.5696,27.6632,27.9292,28.5696,131107801.85
2016-01-06,2117,28.1755,27.9292,28.1755,27.9292,60251.62
2016-01-07,50838,28.4612,27.5844,27.9686,28.1755,1434424.55
2016-01-08,13439,28.5499,27.683000000000003,28.5302,28.077,383538.42
2016-01-11,7594,28.54,27.683000000000003,28.146,27.7815,216359.0
2016-01-12,1183667,28.7469,27.4958,28.3233,28.5696,33540242.88
2016-01-13,9336,28.274,27.683000000000003,28.0278,27.6928,263795.5
2016-01-14,12775,28.5597,27.5844,27.6337,27.7322,359556.54
2016-01-15,2024,28.3824,27.6435,28.0869,27.6435,57703.15
2016-01-18,11348,28.5696,28.0672,28.0869,28.0869,323801.86
2016-01-19,62535,28.4415,27.614,28.4218,28.0376,1767580.18
2016-01-20,34612,28.0573,27.7815,28.0278,27.7913,977349.72
2016-01-21,77697,28.4809,27.7815,27.7815,27.9588,2192792.36
2016-01-22,346316,28.077,27.614,28.0081,27.8307,9783720.28
2016-01-25,271439,28.077,27.6337,27.9194,27.9884,7631337.4
2016-01-26,22300,27.8997,27.88,27.8997,27.88,631178.89
2016-01-27,63916,28.077,27.7913,27.8997,27.8997,1814179.81
2016-01-28,611693,28.077,27.5943,27.8012,27.9292,17340132.9
2016-01-29,60007,28.3332,28.077,28.1066,28.3332,1715741.51
2016-02-02,17161,28.0278,27.88,28.0179,27.88,486353.41
2016-02-03,127876,28.8553,27.8012,28.0081,28.0278,3637300.26
2016-02-04,99323,29.0523,27.5943,28.6977,28.2051,2840504.12
2016-02-05,335834,28.9144,28.4908,28.7272,28.6977,9776179.94
2016-02-08,3729,29.2888,28.5696,28.5794,28.5696,108967.7
2016-02-09,1658,28.8651,28.6681,28.8651,28.6681,48277.76
2016-02-10,22210,29.4858,28.8651,29.4858,28.8651,659457.32
2016-02-11,632482,29.4464,27.8307,28.5499,29.4464,18386930.44
2016-02-12,957,29.0622,28.5499,29.0326,28.5499,28065.36
2016-02-15,2610,29.4365,28.5696,29.0622,28.5696,76705.17
2016-02-16,20477,29.4858,28.5696,29.4365,29.0523,600613.19
2016-02-17,93744,29.4759,28.5794,28.8159,29.4759,2761567.85
2016-02-18,55787,29.4267,28.6681,28.9144,29.4267,1632735.84
2016-02-19,203909,28.9144,28.5105,28.8651,28.9144,5918847.26
2016-02-22,25635,29.3085,28.3824,28.8356,29.3085,750005.21
2016-02-23,306049,29.3971,28.5696,28.6583,28.8848,8918677.2
2016-02-24,11947,28.6878,27.6337,27.9686,28.0967,342770.66
2016-02-25,12746,28.5696,27.9686,28.4415,27.9686,367910.04
2016-02-26,320008,29.2592,28.274,29.1114,28.274,9329392.31
2016-02-29,573299,28.9144,27.7224,28.3233,28.8651,16661207.84
2016-03-01,64996,29.0523,28.0869,28.9637,28.0869,1888605.41
2016-03-02,174424,29.3085,28.7174,29.1016,29.1114,5159152.74
2016-03-03,4491266,29.4759,28.7765,29.0622,29.2592,132499800.33
2016-03-04,226083,30.7862,29.3577,30.0375,29.3577,6952489.6
2016-03-07,26752,29.9882,29.072,29.2888,29.9882,802281.61
2016-03-08,8669,29.2888,29.0622,29.1016,29.2592,256457.11
2016-03-09,2482945,30.7862,29.0622,30.4414,29.0622,73962577.14
2016-03-10,28398,30.7763,29.9587,30.5005,30.4907,875043.53
2016-03-11,128378,32.4905,30.5005,32.0374,30.5399,4024804.51
2016-03-14,18719,33.0028,30.7665,32.9831,32.0669,614402.14
2016-03-15,9795,32.323,31.5251,32.0571,31.5251,318532.34
2016-03-16,384423,32.5102,31.7221,32.4314,32.3132,12613276.05
2016-03-17,124214,34.4904,32.0176,32.8353,32.5102,4172315.27
2016-03-18,864481,33.4954,29.7518,30.9537,33.4461,27350699.54
2016-03-22,191499,32.2048,30.5596,31.1212,30.9537,6098428.08
2016-03-23,42451,31.9782,30.5695,31.5645,31.9782,1351240.65
2016-03-28,31450,31.9093,31.5251,31.5743,31.663,1009283.5
2016-03-29,539740,32.9831,31.5251,31.9684,31.5349,17283282.11
2016-03-30,84198,32.993,31.5448,32.392,32.3625,2776842.74
2016-03-31,37244,33.2688,32.0275,32.9634,32.0275,1239813.1
2016-04-01,10770,32.8452,32.392,32.392,32.392,354791.6
2016-04-04,49914,32.2639,32.0176,32.0176,32.2639,1631994.9
2016-04-05,25350,32.0176,31.7714,31.9191,31.7714,821204.0
2016-04-06,397766,32.8353,32.4708,32.7762,32.4708,13127994.46
2016-04-07,313443,32.7762,32.2147,32.5102,32.2147,10326321.06
2016-04-08,270320,32.6482,32.2639,32.5496,32.2639,8932488.98
2016-04-11,111999,33.1604,32.2738,32.8846,32.6482,3714558.05
2016-04-12,9657,33.4954,32.3132,33.4954,33.1604,323931.9
2016-04-13,6738,35.4657,33.5446,33.7318,34.0865,235496.02
2016-04-14,29530,35.4559,34.7761,35.1209,35.4559,1050411.41
2016-04-15,20024,35.1702,33.4954,33.7712,35.1702,703427.58
2016-04-18,31357,33.5052,33.5052,33.5052,33.5052,1066451.57
2016-04-19,134257,34.9731,33.8895,34.2737,34.7761,4716371.86
2016-04-20,21998,34.2737,33.988,34.1751,34.2737,763885.97
2016-04-21,20217,34.1357,33.0028,33.2984,33.6826,685985.55
2016-04-22,221369,34.4805,33.3476,34.4116,33.3476,7528266.28
2016-04-25,212485,34.6776,33.4954,34.0668,33.5052,7236321.2
2016-04-26,25638,34.382,34.185,34.3426,34.382,890686.6
2016-04-27,776807,35.3573,33.5249,34.3919,34.3426,27002475.73
2016-04-28,946013,35.4361,33.5348,34.2737,34.382,32755608.69
2016-04-29,174043,34.8746,33.0324,34.2047,34.2638,6030607.24
2016-05-02,4755,34.1948,33.4954,33.5939,34.1948,162246.0
2016-05-03,60442,34.185,33.0028,33.0718,33.5643,2028903.24
2016-05-04,130507,33.387,32.0275,32.7565,33.1013,4359937.8
2016-05-05,183481,32.7565,30.6384,32.5299,32.5595,6035453.01
2016-05-06,13713,34.1259,31.5743,31.7812,34.1259,445528.43
2016-05-09,190425,32.9043,30.8355,32.5102,31.8305,6274661.08
2016-05-10,52748,32.5102,32.5102,32.5102,32.5102,1740684.0
2016-05-11,15848,33.0028,32.2639,32.5299,32.2639,522782.76
2016-05-12,99693,33.1407,32.4905,32.5496,32.5299,3294460.67
2016-05-13,32019,33.1407,32.5102,32.5595,33.1407,1061756.32
2016-05-16,68274,33.1013,32.5102,32.6482,32.5102,2259182.52
2016-05-17,43128,33.0915,32.5299,32.658,33.0028,1431539.68
2016-05-18,33789,33.3378,32.5201,32.6974,33.1013,1129777.64
2016-05-19,42300,32.7565,32.5102,32.5299,32.5102,1396466.4
2016-05-20,19283,33.0816,31.6925,32.7467,32.3132,639562.88
2016-05-23,35938,33.1407,32.4708,32.5496,33.1309,1189874.06
2016-05-24,21198,33.1407,32.5102,32.8452,32.5102,705352.15
2016-05-25,40911,35.4164,32.3132,32.9141,32.5102,1377959.62
2016-05-26,34495,34.0766,33.0028,33.121,33.0028,1162269.5
2016-05-27,10177,33.4855,32.5496,33.1112,32.8058,341038.25
2016-05-30,8400,33.0915,32.7664,32.7762,32.7664,279479.0
2016-05-31,241425,32.9141,32.323,32.5693,32.6087,7980855.51
2016-06-01,125720,32.5693,32.4807,32.5201,32.5693,4153484.18
2016-06-02,24090,32.5201,32.5102,32.5102,32.5201,794980.84
2016-06-03,8570,33.0619,32.3132,32.323,32.7565,282939.92
2016-06-06,25626,32.5595,32.126,32.5102,32.5004,845661.0
2016-06-07,68968,33.7417,32.5496,32.7762,32.8353,2338992.46
2016-06-08,33494,35.4164,32.5496,33.3772,32.5496,1149991.72
2016-06-09,14866,33.3476,32.5102,32.6679,32.5201,491831.54
2016-06-10,63232,33.4757,32.5102,33.2392,32.9831,2091571.04
2016-06-13,29962,33.1407,32.4413,32.5201,32.5102,990329.88
2016-06-14,45649,33.2688,31.6433,32.3132,33.2688,1495974.44
2016-06-15,19864,35.4164,32.0275,32.5102,33.0028,661445.68
2016-06-16,16975,33.387,31.8206,32.3526,32.1851,557648.61
2016-06-17,169397,34.4805,32.2147,33.0718,32.2245,5695007.67
2016-06-20,81335,33.9781,33.0619,33.3181,33.4954,2767706.13
2016-06-21,45743,33.9781,33.2984,33.3181,33.4855,1553145.94
2016-06-22,41668,34.2835,33.2984,33.4855,33.2984,1419816.38
2016-06-23,161956,34.4707,33.3969,33.8205,33.6727,5512955.16
2016-06-24,73514,34.4805,31.5448,32.6876,32.4905,2444942.6
2016-06-27,271563,33.4363,31.062,32.8846,31.062,9018651.63
2016-06-28,61159,33.8895,32.2245,32.4314,33.1998,2020144.12
2016-06-29,24604,32.7861,32.1753,32.5102,32.1753,812463.06
2016-06-30,47664,32.8156,32.2541,32.5989,32.5102,1577678.88
2016-07-01,10454,32.9634,32.5102,32.7368,32.8156,347629.57
2016-07-04,1892,32.8353,32.5102,32.5102,32.5102,62500.0
2016-07-05,671818,32.7467,32.5102,32.5792,32.5102,22170146.0
2016-07-06,42278,32.7565,32.1556,32.5299,32.1556,1394303.29
2016-07-07,91376,32.589,32.1359,32.5102,32.5102,3015136.38
2016-07-08,52765,32.7565,31.5349,32.2738,32.7467,1709471.01
2016-07-11,23097,32.9141,32.0176,32.4019,32.4905,758382.29
2016-07-12,44896,32.5595,32.5102,32.5201,32.5102,1483136.14
2016-07-13,13489,32.993,32.2738,32.9831,32.5201,447719.45
2016-07-14,183976,34.4805,33.0028,34.4707,33.0028,6303946.88
2016-07-15,37930,34.4805,33.4461,33.4658,34.382,1310135.24
2016-07-18,52801,34.4411,33.5052,34.2835,33.5446,1819083.02
2016-07-19,9690,34.2934,32.5299,33.0718,34.2934,329177.3
2016-07-20,15885,33.4855,32.5201,32.5398,33.1309,526425.03
2016-07-21,76129,32.6284,32.6087,32.6087,32.6087,2520128.47
2016-07-22,51300,33.0028,32.6087,32.6087,32.9831,1701578.17
2016-07-25,23889,32.8058,32.1162,32.5102,32.4117,787657.9
2016-07-26,8576,32.7073,32.323,32.4117,32.4117,282921.12
2016-07-27,69017,32.7762,32.1162,32.6087,32.5102,2277891.19
2016-07-28,33625,32.993,31.8502,32.5792,32.2147,1110306.01
2016-07-29,55099,36.3523,31.8403,32.5693,32.126,1851851.21
2016-08-01,10883,32.461,32.392,32.4117,32.392,358024.54
2016-08-02,25598,33.0028,32.4117,32.4216,32.4117,842479.3
2016-08-03,11931,33.0127,32.5102,32.6087,32.6679,397028.29
2016-08-04,6840,33.4855,33.0127,33.387,33.0127,231850.54
2016-08-05,949,33.4954,32.5496,33.4954,32.5496,32169.0
2016-08-08,28403,35.4066,33.1013,33.653,33.4855,1002432.35
2016-08-09,91473,35.4066,33.6826,35.2588,33.6826,3236308.3
2016-08-10,41445,36.4312,34.382,35.7908,34.382,1507781.85
2016-08-11,74639,35.9583,34.5397,35.8204,34.5397,2720317.33
2016-08-12,93657,37.042,34.7071,35.2096,35.7613,3358582.0
2016-08-15,143689,38.3227,34.7564,35.3179,35.9287,5181879.17
2016-08-16,42564,35.4657,34.3525,34.8845,34.3525,1506667.76
2016-08-17,19850,35.9484,34.6283,35.6824,35.446,711981.81
2016-08-18,17736,36.9434,35.3672,35.6529,36.9434,643954.56
2016-08-19,8349,35.9583,34.5002,35.4953,35.9583,303624.79
2016-08-22,6081,35.6529,34.5397,34.5692,34.983000000000004,214648.84
2016-08-23,67181,35.4657,34.0372,34.4313,35.4657,2350195.5
2016-08-24,36619,35.0125,33.9486,34.7761,33.9486,1284335.32
2016-08-25,12453,35.0716,33.988,34.1259,35.0618,433239.34
2016-08-26,41840,35.4657,33.9978,34.5298,34.8648,1478491.75
2016-08-29,13041,35.3672,34.2047,35.2982,34.4805,466660.2
2016-08-30,18147,35.4657,34.1357,34.8352,35.4657,635441.5
2016-08-31,376523,34.7564,33.988,34.4608,33.988,13171162.33
2016-09-01,29592,34.7071,34.0077,34.1259,34.0175,1026562.69
2016-09-02,95836,35.3081,34.4805,34.914,35.2194,3359603.84
2016-09-05,3033901,35.4657,34.2638,35.2982,34.2638,106197162.32
2016-09-06,72000,35.4657,33.9092,34.5002,35.4559,2520477.62
2016-09-07,52978,35.1702,33.9092,34.7761,33.9092,1839011.31
2016-09-08,2519110,35.1702,34.2934,34.3525,35.1702,88041810.82
2016-09-09,73891,34.4707,33.1703,34.0471,33.988,2553024.58
2016-09-12,133285,34.8746,31.8305,33.6924,33.3772,4474757.82
2016-09-13,117657,33.5249,31.9684,32.8846,33.0225,3942803.18
2016-09-14,85891,33.3969,32.0176,33.0619,32.9733,2831599.57
2016-09-15,183235,33.0028,32.2541,32.9831,32.9733,6112464.74
2016-09-19,147683,33.0324,32.0374,32.1654,33.0324,4838894.02
2016-09-20,16003,32.6087,32.0571,32.4019,32.1162,524550.78
2016-09-21,105607,33.0915,32.0866,32.7959,32.8944,3487537.16
2016-09-22,131320,34.4608,32.195,33.4954,33.722,4470483.45
2016-09-23,157057,33.9683,32.5989,33.0915,33.4461,5306512.36
2016-09-26,565559,33.3969,32.2147,32.4216,32.4117,18550364.28
2016-09-27,70285,33.2787,32.2738,32.855,32.2738,2335653.03
2016-09-28,55387,33.4855,32.3428,33.121,33.4855,1848886.44
2016-09-29,134523,33.7909,32.392,33.0718,33.3673,4484936.73
2016-09-30,194577,33.3969,32.1063,32.7664,32.3625,6456281.96
2016-10-03,18878,33.0521,32.323,32.924,32.9733,629576.91
2016-10-04,335203,32.993,32.3329,32.9043,32.993,11065600.1
2016-10-05,100216,34.2737,32.6876,33.9486,32.8944,3408677.0
2016-10-06,21006,33.6727,33.0127,33.2491,33.6727,710051.62
2016-10-07,29825,33.2589,32.5102,32.6777,33.2589,990543.11
2016-10-10,75799,35.3081,33.2984,34.3229,33.2984,2631470.83
2016-10-11,76172,34.4313,33.5348,34.0077,34.382,2641238.47
2016-10-12,516306,34.0865,33.6826,33.6826,34.0077,17779543.2
2016-10-13,133513,33.6826,32.7171,32.8944,33.6826,4472487.15
2016-10-14,188466,33.8895,32.5102,32.5989,32.9831,6303659.71
2016-10-17,260118,33.0028,32.2738,32.3329,32.7073,8611638.0
2016-10-18,239475,32.5989,32.0275,32.3132,32.3329,7849366.04
2016-10-19,736441,33.0028,31.8699,32.5201,32.3723,24085477.48
2016-10-20,155983,32.993,31.131,31.1606,32.993,4993187.23
2016-10-21,9586572,31.3773,29.7124,30.067,31.1803,292428186.260001
2016-10-24,313858,30.4808,29.8602,30.1853,30.0867,9588051.7
2016-10-25,814603,30.4414,29.8799,30.0769,30.1853,24896116.21
2016-10-26,97191,30.1458,29.5055,29.7715,30.0769,2944714.27
2016-10-27,100992,30.0769,29.5942,29.7321,29.7813,3055717.75
2016-10-28,382138,30.0375,29.0819,29.5252,29.6237,11489126.91
2016-10-31,243405,29.3774,28.5696,29.338,29.1804,7151160.74
2016-11-01,4287760,29.3183,28.5794,29.1607,29.2395,126493684.62
2016-11-03,283435,29.5548,27.9884,28.146,29.2592,8223778.76
2016-11-04,198493,28.6681,27.614,28.0179,28.1558,5651035.29
2016-11-07,306268,29.5548,28.1361,29.4562,28.1361,9126336.4
2016-11-08,124287,29.604,28.4317,29.1902,29.4168,3696400.54
2016-11-09,519347,29.4956,27.1904,28.1164,28.3726,14852067.29
2016-11-10,403902,29.3971,27.2692,28.077,27.2692,11386261.31
2016-11-11,581676,28.9243,27.2101,28.5794,28.1263,16448910.55
2016-11-14,211578,29.3577,28.077,28.6189,28.5499,6129410.16
2016-11-15,335359,29.1508,27.614,28.4514,28.7174,9690757.2
2016-11-16,115000,28.6583,28.0869,28.3726,28.5499,3310695.53
2016-11-17,79441,28.4711,27.2002,27.3677,28.3135,2240252.88
2016-11-18,121323,27.7224,27.1904,27.5253,27.4662,3361541.58
2016-11-22,66858,28.54,27.1904,27.2002,27.6238,1855228.52
2016-11-23,67896,27.5647,27.1904,27.4761,27.2002,1878752.75
2016-11-24,15684,27.6731,27.2002,27.5253,27.4761,435752.88
2016-11-25,29161,27.8504,27.2692,27.4465,27.5352,813180.86
2016-11-28,30506,27.4761,27.2002,27.3874,27.4761,844712.64
2016-11-29,678067,27.3874,26.2151,26.7766,27.3874,18489325.64
2016-11-30,174180,27.5746,26.4219,26.9441,26.8948,4758747.38
2016-12-01,70453,27.0919,24.5009,25.7323,26.9441,1881030.94
2016-12-02,79855,26.8554,26.3136,26.3431,26.8554,2148785.84
2016-12-05,120586,27.4859,25.9983,26.8456,26.3924,3322723.82
2016-12-06,258874,27.3776,26.5106,26.5697,27.3776,7064424.5
2016-12-07,342765,27.417,26.1363,26.9835,26.4712,9350580.63
2016-12-08,76154,26.9835,26.1363,26.6978,26.9835,2065659.67
2016-12-09,538221,27.0032,26.5106,26.5599,26.816,14542926.3
2016-12-13,162974,27.0327,26.6091,26.8751,26.6584,4459298.93
2016-12-14,65662,27.082,26.5697,26.7865,26.8751,1789075.41
2016-12-15,27040,26.885,26.5106,26.7076,26.5599,730232.22
2016-12-16,127896,27.279,26.4022,27.0623,26.7076,3503999.73
2016-12-19,53039,27.0623,26.3136,26.4417,27.0623,1445789.56
2016-12-20,190088,26.6682,26.3628,26.55,26.4614,5124958.41
2016-12-21,56417,26.5993,24.9738,25.3383,26.5993,1467816.31
2016-12-22,120422,25.3678,24.629,24.9147,25.3481,3061333.82
2016-12-23,3304478,25.3186,24.6093,25.2398,24.9147,83874782.88
2016-12-26,17319,25.2398,24.629,25.2004,25.2398,435022.85
2016-12-27,98933,25.1018,24.5304,24.9541,24.629,2498850.98
2016-12-28,211902,25.5846,24.9541,25.4959,24.9639,5408712.22
2016-12-29,94513,26.9342,25.2693,26.4417,25.4959,2512519.53
2016-12-30,4015064,26.5993,25.624,26.2348,26.4318,107563004.15
2017-01-02,20230,26.2348,25.6338,25.8112,26.2348,532231.07
2017-01-03,37881,26.4022,25.4269,25.6043,25.9097,985940.95
2017-01-04,89673,25.6043,24.5304,25.289,25.6043,2286797.0
2017-01-05,51617,26.2545,25.2004,25.3383,25.3875,1332026.84
2017-01-06,52013,25.6929,24.7373,24.826,25.3481,1330870.41
2017-01-09,1209630,25.2989,23.1512,24.6487,24.9245,30170832.17
2017-01-10,779726,24.9245,24.5501,24.7078,24.5501,19603613.22
2017-01-11,107213,24.8161,24.1068,24.3236,24.8063,2686384.13
2017-01-12,69778,24.9245,22.6586,23.9886,24.3039,1729858.16
2017-01-13,80560,25.6141,22.6783,24.6684,23.6438,2023734.91
2017-01-16,546,24.6684,24.6684,24.6684,24.6684,13619.43
2017-01-17,64866,25.0132,24.1856,24.7373,24.6782,1622759.58
2017-01-18,392593,25.1215,24.1561,24.5206,24.7373,9813304.13
2017-01-19,44659,25.5058,24.2743,24.5797,24.4418,1119796.74
2017-01-20,99310,24.6782,23.6438,24.0871,24.5699,2437739.85
2017-01-23,43985,24.895,23.9886,24.225,23.9886,1089825.41
2017-01-24,171860,25.5944,24.4812,25.4663,24.629,4396473.34
2017-01-25,246171,26.156,25.0427,26.0771,25.4762,6462084.28
2017-01-26,214678,26.0279,24.5501,24.6487,26.0279,5430937.71
2017-01-27,84705,25.2201,24.629,24.8063,24.6585,2134950.68
2017-01-30,223846,25.1018,24.1364,24.629,24.8161,5582955.53
2017-01-31,130393,25.5944,24.3334,25.2102,24.629,3313563.22
2017-02-01,53018,25.2201,24.629,24.6684,25.2201,1331195.64
2017-02-02,82752,25.2693,24.4319,25.1905,24.6684,2086338.36
2017-02-03,1034181,25.5255,24.6487,25.3974,25.092,26315870.34
2017-02-07,176362,25.555,24.2447,24.4812,25.4959,4408307.49
2017-02-08,43590,24.7669,24.2546,24.3236,24.4221,1081459.34
2017-02-09,76123,24.6684,23.7522,23.8999,24.6684,1866347.04
2017-02-10,138492,25.4072,23.9098,24.3334,23.9098,3431338.14
2017-02-13,293797,24.3334,23.7817,23.8408,24.3334,7164360.48
2017-02-14,162370,24.2842,22.6882,23.6142,23.831,3889396.97
2017-02-15,509239,24.1462,21.8705,22.1759,23.5453,11710105.04
2017-02-16,306342,22.6586,22.1759,22.3631,22.1759,6967367.0
2017-02-17,274091,22.5798,22.235,22.4616,22.2547,6249632.48
2017-02-20,7949,23.0921,22.2646,22.9837,22.4616,184898.39
2017-02-21,94763,22.9837,22.6586,22.7867,22.9837,2194673.45
2017-02-22,177592,22.8951,22.767,22.8852,22.7966,4117565.36
2017-02-23,105678,22.9936,22.767,22.8163,22.8852,2454692.42
2017-02-24,95822,23.0921,22.7572,23.0133,22.7572,2234648.44
2017-02-27,348922,23.4468,22.9542,23.4172,23.0133,8281462.52
2017-02-28,244157,23.3975,22.767,23.2694,23.0626,5769959.82
2017-03-01,149510,23.4665,22.6586,23.0034,23.0527,3500767.29
2017-03-02,254263,23.1512,22.4124,22.7867,23.0034,5914451.75
2017-03-03,260910,22.964,22.2153,22.6981,22.8064,6033118.62
2017-03-06,1495977,22.8655,21.6735,22.6192,22.5995,34348220.4
2017-03-07,234549,22.6094,22.1858,22.3927,22.5207,5360538.37
2017-03-08,310717,22.3927,21.6735,21.9986,21.6735,6945614.71
2017-03-09,273432,22.0675,21.1908,21.3287,22.0183,6044253.87
2017-03-10,265738,21.4469,20.6883,21.1711,21.2302,5702081.65
2017-03-13,144060,21.3779,21.0824,21.24,21.0922,3102488.37
2017-03-14,337317,21.2499,20.7868,21.1021,21.2499,7194624.71
2017-03-15,276765,21.5159,20.8065,20.9543,21.5159,5884478.31
2017-03-16,1068583,21.4173,20.7573,21.1809,20.7967,22977247.55
2017-03-17,2952841,23.8802,21.1711,21.9986,21.1809,65927896.25
2017-03-21,187270,22.2153,21.6636,21.7424,21.9986,4200052.42
2017-03-22,167312,21.9493,21.3385,21.8607,21.7819,3707871.81
2017-03-23,819709,22.3532,21.8804,22.0675,21.8804,18429281.65
2017-03-24,125226,22.1562,21.7917,21.8902,22.0774,2787402.19
2017-03-27,618153,22.5404,21.8607,22.2153,21.8902,13966974.07
2017-03-28,149365,22.4518,21.9001,22.0281,22.2153,3366634.75
2017-03-29,543926,22.2547,21.5947,22.2055,22.0281,12116494.3
2017-03-30,556604,22.2646,21.7622,22.0675,22.2153,12440489.97
2017-03-31,590961,22.7473,21.7917,22.4912,22.0577,13319229.91
2017-04-03,186917,23.3187,22.4715,23.2694,22.7079,4343514.55
2017-04-04,4301219,23.5256,22.6586,22.8163,23.2694,100321831.1
2017-04-05,250303,22.8655,22.7178,22.767,22.8655,5786007.35
2017-04-06,172140,22.9443,22.6882,22.7375,22.7769,3990937.85
2017-04-07,224577,23.1512,22.6685,22.6882,22.7473,5198942.08
2017-04-10,74438,23.1414,22.2153,22.4025,23.1414,1711957.16
2017-04-11,63401,22.767,22.2153,22.3828,22.501,1437986.31
2017-04-12,158164,22.4912,21.7917,22.1168,22.4813,3540127.46
2017-04-17,184253,22.4321,21.9296,22.0971,22.0183,4135514.89
2017-04-18,89386,22.2646,21.6932,22.1168,22.0971,2001826.08
2017-04-19,189407,22.1661,21.703000000000007,21.8311,22.1168,4210327.56
2017-04-20,292319,22.0577,21.6932,21.8114,21.9395,6473476.21
2017-04-21,112929,22.6586,21.772,22.3828,21.8114,2546082.24
2017-04-24,109697,23.299,22.3828,23.1315,22.4616,2555940.37
2017-04-25,51163,23.5847,22.1956,22.9246,23.5847,1183968.66
2017-04-26,97234,23.368,22.7178,22.8261,22.9049,2259750.07
2017-04-27,364537,24.1364,23.0626,23.8605,23.0626,8800531.54
2017-04-28,523718,24.2546,23.6438,24.1856,23.9591,12707186.72
2017-05-02,472490,24.1364,23.7916,23.8901,24.1364,11519771.51
2017-05-03,392922,24.4319,23.4566,23.9788,23.4566,9640417.82
2017-05-04,308585,25.1215,23.2793,23.6832,24.5797,7443665.88
2017-05-05,202047,24.3433,23.5256,24.028,23.7522,4878518.15
2017-05-08,539807,24.5994,23.9196,24.3827,24.0379,13195190.83
2017-05-09,338990,24.9147,24.3334,24.56,24.3827,8472607.87
2017-05-10,278336,25.3,24.6,25.17,24.86,6967926.1
2017-05-11,38124,25.25,25.0,25.25,25.15,958524.31
2017-05-12,42974,25.39,25.0,25.23,25.22,1082129.57
2017-05-15,229951,25.6,25.0,25.2,25.1,5784166.89
2017-05-16,421400,25.3,25.1,25.1,25.21,10592566.49
2017-05-17,706998,25.24,25.06,25.12,25.1,17749245.08
2017-05-18,652111,25.59,24.52,25.49,25.0,16375767.59
2017-05-19,109088,25.49,24.55,25.0,24.75,2723308.38
2017-05-22,163748,25.49,25.1,25.26,25.49,4123657.51
2017-05-23,395818,25.35,25.01,25.1,25.33,9939116.17
2017-05-24,317457,25.4,24.9,25.26,25.14,7951120.63
2017-05-25,80192,26.0,25.12,25.43,25.3,2040616.88
2017-05-26,32536,25.9,25.24,25.56,25.43,829861.5
2017-05-29,28934,25.89,24.6,25.55,25.56,731900.14
2017-05-30,94684,25.56,24.72,25.37,25.56,2395799.68
2017-05-31,145342,25.54,25.0,25.32,25.45,3675798.78
2017-06-01,102956,25.9,25.28,25.8,25.32,2644075.62
2017-06-02,156222,26.06,24.46,25.05,25.81,4006223.98
2017-06-05,45407,25.99,25.22,25.71,25.8,1167654.08
2017-06-06,49860,26.32,25.71,26.29,25.71,1296640.69
2017-06-07,65137,26.83,26.02,26.6,26.31,1722573.87
2017-06-08,93596,26.85,26.07,26.7,26.61,2490952.24
2017-06-09,158288,27.49,26.56,27.04,26.71,4258185.03
2017-06-12,274430,27.09,26.58,26.99,27.03,7388340.01
2017-06-13,138982,27.45,27.03,27.37,27.06,3785706.55
2017-06-14,328697,27.55,26.52,27.12,27.36,8906967.4
2017-06-15,504538,27.49,26.0,27.31,27.07,13648742.38
2017-06-16,305657,27.4,26.76,27.13,26.76,8263421.35
2017-06-19,179582,27.19,26.51,27.03,27.13,4851039.76
2017-06-20,178951,27.84,26.61,26.83,27.84,4837347.87
2017-06-21,183907,27.27,26.51,26.8,26.8,4984512.11
2017-06-22,88872,28.5,26.85,28.11,26.85,2447255.15
2017-06-23,263738,28.01,27.14,27.67,28.01,7282227.15
2017-06-26,170874,27.78,27.0,27.65,27.6,4732485.83
2017-06-27,47729,27.7,27.23,27.53,27.55,1316102.85
2017-06-28,85390,28.4,27.21,28.21,27.56,2409514.85
2017-06-29,201237,28.29,27.4,27.94,28.29,5640187.0
2017-06-30,568163,28.0,27.77,28.0,27.94,15900602.16
2017-07-03,41105,28.0,27.63,27.76,28.0,1148044.87
2017-07-04,140896,27.98,27.45,27.6,27.76,3920693.41
2017-07-05,351879,27.99,27.46,27.51,27.48,9746539.41
2017-07-06,357731,27.51,26.71,27.28,27.5,9761621.28
2017-07-07,123778,27.65,26.73,27.45,26.73,3397751.26
2017-07-10,98648,27.65,27.1,27.65,27.45,2718621.46
2017-07-11,69578,27.68,27.03,27.1,27.6,1911094.03
2017-07-12,108914,27.79,27.2,27.42,27.2,2990656.16
2017-07-13,455182,27.55,27.06,27.5,27.5,12523090.57
2017-07-14,60004,27.79,27.4,27.75,27.51,1662404.92
2017-07-17,89083,27.79,26.85,27.35,27.75,2469506.71
2017-07-18,163497,27.7,27.03,27.7,27.33,4525922.45
2017-07-19,15914,27.76,27.22,27.35,27.76,436414.07
2017-07-20,140899,27.98,27.35,27.74,27.38,3913939.42
2017-07-21,384176,27.99,27.52,27.83,27.74,10680170.48
2017-07-24,1122818,28.45,27.28,28.01,27.83,30921375.91
2017-07-25,1113708,28.3,27.63,28.21,28.02,31339343.86
2017-07-26,947840,28.49,28.21,28.34,28.21,26792869.82
2017-07-27,153846,28.61,28.19,28.57,28.35,4382507.57
2017-07-28,49442,28.79,28.0,28.6,28.63,1401963.45
2017-07-31,146936,30.0,28.61,29.05,28.9,4248528.88
2017-08-01,820815,29.36,28.16,28.88,29.05,23721286.64
2017-08-02,121437,29.2,28.12,28.78,28.95,3490823.5
2017-08-03,810791,29.2,28.6,29.19,28.75,23507856.12
2017-08-04,37682,29.4,29.0,29.13,29.4,1098909.17
2017-08-07,233238,29.8,28.55,29.29,28.55,6787062.95
2017-08-08,1432541,29.87,29.49,29.58,29.6,42349325.6
2017-08-09,782542,29.5,29.3,29.39,29.48,23082515.44
2017-08-10,93851,29.37,28.51,28.7,29.3,2697893.05
2017-08-11,41086,29.48,28.3,29.43,29.1,1200524.94
2017-08-14,242375,29.75,28.7,29.41,29.75,7103359.85
2017-08-15,160808,29.5,29.04,29.42,29.5,4723558.51
2017-08-16,32244,29.5,29.03,29.31,29.43,942260.36
2017-08-17,122796,29.75,29.0,29.3,29.32,3604598.37
2017-08-18,28117,29.5,28.96,29.22,29.5,821303.32
2017-08-21,184022,29.5,29.28,29.33,29.5,5395561.2
2017-08-22,51018,29.33,28.5,29.16,28.5,1483801.59
2017-08-23,132768,29.35,28.8,29.24,29.29,3881882.46
2017-08-24,258535,29.35,29.0,29.19,29.35,7544384.54
2017-08-25,205101,29.33,29.0,29.18,29.25,5986927.88
2017-08-28,185532,29.39,28.61,28.63,29.39,5359860.12
2017-08-29,255069,29.29,28.61,28.79,29.29,7338582.15
2017-08-30,194021,29.0,28.6,28.9,29.0,5589814.38
2017-08-31,1485562,30.0,28.89,29.74,28.89,44153281.3
2017-09-01,295120,29.98,29.6,29.7,29.74,8774027.37
2017-09-04,261797,29.8,29.67,29.7,29.7,7777800.38
2017-09-05,198106,29.73,29.1,29.64,29.73,5851420.98
2017-09-06,1410035,29.74,29.64,29.68,29.66,41874432.93
2017-09-07,939126,29.7,29.58,29.68,29.69,27885811.38
2017-09-08,808561,29.7,29.0,29.64,29.69,23972087.02
2017-09-11,274544,29.99,29.0,29.32,29.74,8152094.29
2017-09-12,703275,29.8,28.0,29.66,29.42,20867643.76
2017-09-13,455790,29.9,28.55,29.52,29.66,13487331.25
2017-09-14,277234,29.6,28.3,29.42,29.42,8180095.66
2017-09-15,2217476,29.51,28.0,28.62,29.48,63708220.21
2017-09-18,176600,28.99,28.26,28.57,28.8,5066235.52
2017-09-19,170048,29.65,27.62,27.62,28.67,4781317.06
2017-09-20,653763,28.79,27.0,27.81,27.52,18604643.81
2017-09-21,180319,28.56,27.81,28.5,27.82,5123165.17
2017-09-22,178643,29.08,27.83,28.46,28.4,5073612.21
2017-09-25,190215,30.13,28.43,28.95,28.46,5428952.5
2017-09-26,153316,29.29,28.5,28.95,28.96,4451229.52
2017-09-27,117123,28.77,28.08,28.12,28.75,3319768.94
2017-09-28,163363,28.75,28.12,28.49,28.12,4655099.42
2017-09-29,152884,28.79,28.01,28.76,28.5,4361305.93
2017-10-02,81505,29.0,28.3,28.48,28.66,2321984.54
2017-10-03,29184,28.57,28.13,28.37,28.49,829580.13
2017-10-04,900724,28.99,28.33,28.66,28.34,25704966.23
2017-10-05,72219,29.8,28.41,28.47,28.99,2099133.17
2017-10-06,27392,28.56,28.12,28.24,28.47,774754.79
2017-10-09,172848,28.5,27.15,27.73,28.25,4891352.46
2017-10-10,55232,28.42,27.8,27.95,27.83,1556352.41
2017-10-11,169866,28.43,27.95,28.26,27.95,4787365.64
2017-10-12,145735,28.5,27.07,28.18,28.27,4135781.01
2017-10-13,27689,28.46,27.71,27.76,28.18,774634.99
2017-10-16,51859,28.48,27.4,27.77,27.77,1460417.04
2017-10-17,150260,28.8,26.24,28.48,28.6,4219718.71
2017-10-18,37794,28.5,27.41,28.34,28.49,1069046.92
2017-10-19,70357,28.95,27.83,28.08,28.9,2013167.54
2017-10-20,691666,28.91,27.65,28.83,27.65,19828406.0
2017-10-23,34436,28.97,28.0,28.58,28.97,986471.53
2017-10-24,92182,28.96,28.53,28.88,28.58,2662586.4
2017-10-25,190470,28.88,28.03,28.78,28.87,5468515.74
2017-10-26,96335,28.88,28.7,28.88,28.82,2780448.81
2017-10-27,169282,29.61,28.88,29.33,28.89,4944892.57
2017-10-30,90253,29.42,29.25,29.4,29.32,2649329.76
2017-10-31,152672,30.5,29.41,30.27,29.41,4551817.5
2017-11-01,62242,30.27,29.78,30.19,30.27,1876473.15
2017-11-03,245600,30.79,28.93,29.47,30.79,7337234.13
2017-11-06,238237,30.35,29.48,29.9,29.48,7118508.5
2017-11-07,41665,30.0,29.78,29.8,30.0,1246029.08
2017-11-08,165127,29.9,29.1,29.31,29.8,4916509.14
2017-11-09,85579,29.5,29.21,29.34,29.31,2510415.88
2017-11-10,44746,29.34,28.8,28.97,29.34,1302853.56
2017-11-13,288503,29.3,28.51,29.0,29.0,8364824.17
2017-11-14,35188,29.04,28.5,28.53,29.0,1012258.56
2017-11-15,80121,28.94,28.43,28.52,28.5,2284008.2
2017-11-16,147843,28.92,28.12,28.79,28.4,4228248.41
2017-11-17,1041481,29.18,28.79,28.9,28.86,30072233.57
2017-11-21,59795,29.76,28.91,29.31,28.91,1760798.41
2017-11-22,83716,29.55,28.15,28.63,29.44,2410041.66
2017-11-23,171423,29.49,28.62,29.26,28.62,5021952.33
2017-11-24,18782,29.26,28.75,29.08,29.24,548420.75
2017-11-27,92750,29.29,28.71,29.01,29.0,2689888.72
2017-11-28,217897,29.25,28.73,29.08,29.25,6342147.82
2017-11-29,246622,29.29,28.7,29.01,29.18,7178149.8
2017-11-30,215427,29.09,28.0,28.9,29.01,6204760.15
2017-12-01,87223,29.19,27.65,28.94,28.91,2516316.21
2017-12-04,131252,28.95,28.01,28.47,28.94,3762293.58
2017-12-05,53371,28.9,28.03,28.73,28.55,1529178.9
2017-12-06,66267,28.88,27.84,28.2,28.83,1862538.71
2017-12-07,219403,29.2,27.71,28.07,28.29,6310950.54
2017-12-08,74010,29.16,28.08,28.96,28.08,2137022.31
2017-12-11,30274,28.96,28.54,28.69,28.96,872174.78
2017-12-13,75709,29.49,28.52,28.9,28.7,2191826.13
2017-12-14,92315,29.33,28.9,28.96,28.93,2675429.5
2017-12-15,95791,29.39,28.52,29.0,29.0,2768172.34
2017-12-18,85923,29.8,28.77,29.18,29.0,2494128.79
2017-12-19,233322,29.98,28.51,28.8,29.28,6802847.18
2017-12-20,9338,29.12,28.51,28.99,29.02,270247.85
2017-12-21,26617,28.99,28.5,28.81,28.96,761803.86
2017-12-22,127722,29.25,28.77,29.06,28.82,3700250.83
2017-12-26,23151,29.0,28.82,28.83,29.0,670988.81
2017-12-27,15206,29.82,28.82,29.74,28.82,444869.78
2017-12-28,25333,30.73,29.81,30.37,29.81,773363.79
2017-12-29,87203,30.65,29.1,30.21,30.4,2668866.31
2018-01-02,88835,30.29,29.91,30.2,30.11,2665742.52
2018-01-03,202783,30.63,29.26,30.12,30.27,6169816.31
2018-01-04,14221,30.63,29.92,30.17,30.63,429279.81
2018-01-05,1133079,30.55,30.2,30.48,30.24,34258379.39
2018-01-08,28315,30.55,29.96,30.13,30.55,856322.85
2018-01-09,511712,30.21,29.9,29.97,30.04,15396362.23
2018-01-10,87166,30.07,29.0,29.16,29.97,2594058.18
2018-01-11,132125,29.45,29.25,29.45,29.25,3869394.71
2018-01-12,184896,29.73,27.9,29.16,29.35,5405884.07
2018-01-15,88595,29.8,28.99,29.11,29.8,2582845.7
2018-01-16,1571021,29.94,28.97,29.02,29.11,45773460.36
2018-01-17,1214696,29.21,28.93,29.17,29.1,35218370.77
2018-01-18,1314576,29.5,29.0,29.37,29.17,38382838.4
2018-01-19,34547,29.39,28.75,28.87,29.39,1005198.56
2018-01-22,1632944,29.5,28.88,29.11,28.88,48042417.21
2018-01-23,2072463,29.9,29.06,29.81,29.11,60808550.87
2018-01-24,2250537,29.9,29.51,29.81,29.9,67135366.73
2018-01-25,105578,30.0,29.15,29.6,29.91,3160175.55
2018-01-26,20224,29.95,29.6,29.8,29.7,602651.14
2018-01-29,128804,30.4,29.25,29.36,30.15,3832220.75
2018-01-30,52229,30.0,28.81,29.66,29.37,1526789.62
2018-01-31,4042116,30.36,28.9,30.17,29.75,119908193.03
2018-02-01,2549292,30.26,29.0,29.44,30.26,75839117.42
2018-02-02,55929,29.5,28.21,29.3,29.35,1635452.61
2018-02-06,100509,29.9,28.34,29.0,28.51,2924563.65
2018-02-07,182036,29.05,28.0,28.07,29.01,5176794.12
2018-02-08,381069,28.2,26.5,26.92,27.9,10320856.2
2018-02-09,151314,27.47,26.5,26.79,26.95,4035213.31
2018-02-12,97879,27.46,26.83,27.0,26.89,2640609.5
2018-02-13,30564,27.69,27.08,27.46,27.09,836435.03
2018-02-14,245695,27.49,26.01,26.45,27.36,6620816.67
2018-02-15,49646,27.52,26.51,26.83,26.55,1325881.72
2018-02-16,41637,26.99,25.81,26.49,26.87,1110312.16
2018-02-19,27136,27.29,26.4,27.25,26.4,733166.06
2018-02-20,33413,27.47,26.75,27.34,26.8,905774.16
2018-02-21,72948,27.62,26.76,27.03,27.55,1992707.55
2018-02-22,29287,29.0,27.13,27.77,27.13,817010.18
2018-02-23,466737,28.56,27.67,28.45,27.67,13159927.29
2018-02-26,123203,29.0,27.7,28.51,28.45,3549240.13
2018-02-27,89867,29.17,28.0,28.53,28.53,2579393.24
2018-02-28,45719,29.1,27.13,28.74,29.0,1305886.6
2018-03-01,59906,29.28,28.0,28.66,28.0,1714272.73
2018-03-02,134153,28.74,27.61,27.92,28.74,3791794.95
2018-03-05,224397,28.18,26.16,26.81,27.92,6209669.55
2018-03-06,100908,27.8,26.94,27.29,27.54,2757118.85
2018-03-07,99201,28.1,27.24,27.59,27.24,2764331.25
2018-03-08,112358,28.15,27.6,27.98,27.69,3143013.7
2018-03-09,122823,29.1,28.01,28.95,28.01,3526501.33
2018-03-12,204835,29.0,28.4,28.55,28.96,5883850.68
2018-03-13,71362,29.09,28.07,28.27,28.65,2032216.09
2018-03-14,150232,28.27,27.3,27.41,28.27,4224724.93
2018-03-15,81931,28.38,27.1,27.2,28.38,2254263.75
2018-03-16,373867,27.38,26.6,26.71,27.21,10066136.11
2018-03-20,319809,27.04,26.63,26.88,26.81,8633768.69
2018-03-21,459517,28.4,27.0,27.48,27.0,12623127.25
2018-03-22,45354,27.57,27.12,27.36,27.57,1243632.32
2018-03-23,46127,27.8,26.5,26.64,27.26,1242989.38
2018-03-26,69874,27.32,25.5,26.33,26.7,1840304.63
2018-03-27,95032,28.37,25.85,27.5,25.85,2579318.06
2018-03-28,53420,28.8,26.72,28.52,27.8,1488665.79
2018-04-02,38190,28.37,26.8,27.88,28.37,1063054.97
2018-04-03,100934,28.37,27.5,27.9,27.89,2803688.07
2018-04-04,486103,28.0,27.35,27.99,27.8,13364916.89
2018-04-05,485129,28.08,27.89,28.0,27.98,13567865.13
2018-04-06,682342,28.4,27.66,28.3,28.31,19018851.76
